0 verbose cli C:\Program Files\nodejs\node.exe C:\Program Files\nodejs\node_modules\npm\bin\npm-cli.js
1 info using npm@11.17.0
2 info using node@v24.19.0
3 silly config load:file:C:\Program Files\nodejs\node_modules\npm\npmrc
4 info config found workspace root at C:\Users\PC\프로젝트\WeddingPickl
5 silly config load:file:C:\Users\PC\프로젝트\WeddingPickl\.npmrc
6 silly config load:file:C:\Users\PC\.npmrc
7 silly config load:file:C:\Users\PC\AppData\Roaming\npm\etc\npmrc
8 verbose title npm exec eas-cli@latest build --platform android --profile preview
9 verbose argv "exec" "--" "eas-cli@latest" "build" "--platform" "android" "--profile" "preview"
10 verbose logfile logs-max:10 dir:C:\Users\PC\프로젝트\WeddingPickl\.npm-cache\_logs\2026-09-01T13_49_38_062Z-
11 verbose logfile C:\Users\PC\프로젝트\WeddingPickl\.npm-cache\_logs\2026-09-01T13_49_38_062Z-debug-0.log
12 silly logfile done cleaning log files
13 silly packumentCache heap:4496293888 maxSize:1124073472 maxEntrySize:562036736
14 verbose shrinkwrap failed to load node_modules/.package-lock.json out of date, updated: apps/mobile
15 http fetch GET 200 https://registry.npmjs.org/npm 111ms
16 http fetch GET 200 https://registry.npmjs.org/eas-cli 48ms (cache miss)
17 silly packumentCache heap:4496293888 maxSize:1124073472 maxEntrySize:562036736
18 verbose Could not read global path C:\Users\PC\AppData\Roaming\npm, ignoring
19 silly packumentCache heap:4496293888 maxSize:1124073472 maxEntrySize:562036736
20 warn exec The following package was not found and will be installed: eas-cli@23.2.0
21 silly idealTree buildDeps
22 silly fetch manifest eas-cli@23.2.0
23 silly packumentCache full:https://registry.npmjs.org/eas-cli cache-miss
24 http fetch GET 200 https://registry.npmjs.org/eas-cli 61ms (cache miss)
25 silly packumentCache full:https://registry.npmjs.org/eas-cli set size:undefined disposed:false
26 silly placeDep ROOT eas-cli@23.2.0 OK for:  want: 23.2.0
27 silly fetch manifest ws@8.21.1
28 silly packumentCache full:https://registry.npmjs.org/ws cache-miss
29 silly fetch manifest ajv@8.11.0
30 silly packumentCache full:https://registry.npmjs.org/ajv cache-miss
31 silly fetch manifest joi@17.11.0
32 silly packumentCache full:https://registry.npmjs.org/joi cache-miss
33 silly fetch manifest ora@5.1.0
34 silly packumentCache full:https://registry.npmjs.org/ora cache-miss
35 silly fetch manifest tar@7.5.19
36 silly packumentCache full:https://registry.npmjs.org/tar cache-miss
37 silly fetch manifest zod@^4.1.3
38 silly packumentCache full:https://registry.npmjs.org/zod cache-miss
39 silly fetch manifest diff@7.0.0
40 silly packumentCache full:https://registry.npmjs.org/diff cache-miss
41 silly fetch manifest mime@3.0.0
42 silly packumentCache full:https://registry.npmjs.org/mime cache-miss
43 silly fetch manifest open@8.4.0
44 silly packumentCache full:https://registry.npmjs.org/open cache-miss
45 silly fetch manifest uuid@11.1.1
46 silly packumentCache full:https://registry.npmjs.org/uuid cache-miss
47 silly fetch manifest yaml@2.6.0
48 silly packumentCache full:https://registry.npmjs.org/yaml cache-miss
49 silly fetch manifest chalk@4.1.2
50 silly packumentCache full:https://registry.npmjs.org/chalk cache-miss
51 silly fetch manifest debug@4.4.3
52 silly packumentCache full:https://registry.npmjs.org/debug cache-miss
53 silly fetch manifest pngjs@7.0.0
54 silly packumentCache full:https://registry.npmjs.org/pngjs cache-miss
55 silly fetch manifest slash@3.0.0
56 silly packumentCache full:https://registry.npmjs.org/slash cache-miss
57 http fetch GET 200 https://registry.npmjs.org/ws 45ms (cache miss)
58 silly packumentCache full:https://registry.npmjs.org/ws set size:undefined disposed:false
59 silly fetch manifest tslib@2.6.2
60 silly packumentCache full:https://registry.npmjs.org/tslib cache-miss
61 http fetch GET 200 https://registry.npmjs.org/slash 61ms (cache miss)
62 silly packumentCache full:https://registry.npmjs.org/slash set size:undefined disposed:false
63 silly fetch manifest dotenv@16.3.1
64 silly packumentCache full:https://registry.npmjs.org/dotenv cache-miss
65 http fetch GET 200 https://registry.npmjs.org/chalk 70ms (cache miss)
66 silly packumentCache full:https://registry.npmjs.org/chalk set size:undefined disposed:false
67 silly fetch manifest getenv@1.0.0
68 silly packumentCache full:https://registry.npmjs.org/getenv cache-miss
69 http fetch GET 200 https://registry.npmjs.org/ora 75ms (cache miss)
70 silly packumentCache full:https://registry.npmjs.org/ora set size:undefined disposed:false
71 silly fetch manifest ignore@5.3.0
72 silly packumentCache full:https://registry.npmjs.org/ignore cache-miss
73 http fetch GET 200 https://registry.npmjs.org/uuid 78ms (cache miss)
74 silly packumentCache full:https://registry.npmjs.org/uuid set size:undefined disposed:false
75 silly fetch manifest jks-js@1.1.0
76 silly packumentCache full:https://registry.npmjs.org/jks-js cache-miss
77 http fetch GET 200 https://registry.npmjs.org/tslib 36ms (cache miss)
78 silly packumentCache full:https://registry.npmjs.org/tslib set size:undefined disposed:false
79 silly fetch manifest nanoid@3.3.8
80 silly packumentCache full:https://registry.npmjs.org/nanoid cache-miss
81 http fetch GET 200 https://registry.npmjs.org/open 83ms (cache miss)
82 silly packumentCache full:https://registry.npmjs.org/open set size:undefined disposed:false
83 silly fetch manifest semver@7.5.4
84 silly packumentCache full:https://registry.npmjs.org/semver cache-miss
85 http fetch GET 200 https://registry.npmjs.org/mime 84ms (cache miss)
86 silly packumentCache full:https://registry.npmjs.org/mime set size:undefined disposed:false
87 silly fetch manifest envinfo@7.11.0
88 silly packumentCache full:https://registry.npmjs.org/envinfo cache-miss
89 http fetch GET 200 https://registry.npmjs.org/pngjs 85ms (cache miss)
90 silly packumentCache full:https://registry.npmjs.org/pngjs set size:undefined disposed:false
91 silly fetch manifest figures@3.2.0
92 silly packumentCache full:https://registry.npmjs.org/figures cache-miss
93 http fetch GET 200 https://registry.npmjs.org/debug 89ms (cache miss)
94 silly packumentCache full:https://registry.npmjs.org/debug set size:undefined disposed:false
95 silly fetch manifest graphql@16.8.1
96 silly packumentCache full:https://registry.npmjs.org/graphql cache-miss
97 http fetch GET 200 https://registry.npmjs.org/yaml 92ms (cache miss)
98 silly packumentCache full:https://registry.npmjs.org/yaml set size:undefined disposed:false
99 silly fetch manifest pkg-dir@4.2.0
100 silly packumentCache full:https://registry.npmjs.org/pkg-dir cache-miss
101 http fetch GET 200 https://registry.npmjs.org/diff 101ms (cache miss)
102 silly packumentCache full:https://registry.npmjs.org/diff set size:undefined disposed:false
103 silly fetch manifest prompts@2.4.2
104 silly packumentCache full:https://registry.npmjs.org/prompts cache-miss
105 http fetch GET 200 https://registry.npmjs.org/getenv 45ms (cache miss)
106 silly packumentCache full:https://registry.npmjs.org/getenv set size:undefined disposed:false
107 silly fetch manifest fs-extra@11.2.0
108 silly packumentCache full:https://registry.npmjs.org/fs-extra cache-miss
109 http fetch GET 200 https://registry.npmjs.org/jks-js 41ms (cache miss)
110 silly packumentCache full:https://registry.npmjs.org/jks-js set size:undefined disposed:false
111 silly fetch manifest keychain@1.5.0
112 silly packumentCache full:https://registry.npmjs.org/keychain cache-miss
113 http fetch GET 200 https://registry.npmjs.org/joi 127ms (cache miss)
114 silly packumentCache full:https://registry.npmjs.org/joi set size:undefined disposed:false
115 silly fetch manifest minizlib@3.1.0
116 silly packumentCache full:https://registry.npmjs.org/minizlib cache-miss
117 http fetch GET 200 https://registry.npmjs.org/figures 42ms (cache miss)
118 silly packumentCache full:https://registry.npmjs.org/figures set size:undefined disposed:false
119 silly fetch manifest turndown@7.1.2
120 silly packumentCache full:https://registry.npmjs.org/turndown cache-miss
121 http fetch GET 200 https://registry.npmjs.org/dotenv 68ms (cache miss)
122 silly packumentCache full:https://registry.npmjs.org/dotenv set size:undefined disposed:false
123 silly fetch manifest @expo/env@^1.0.0
124 silly packumentCache full:https://registry.npmjs.org/@expo%2fenv cache-miss
125 http fetch GET 200 https://registry.npmjs.org/tar 134ms (cache miss)
126 silly packumentCache full:https://registry.npmjs.org/tar set size:undefined disposed:false
127 silly fetch manifest env-paths@2.2.0
128 silly packumentCache full:https://registry.npmjs.org/env-paths cache-miss
129 http fetch GET 200 https://registry.npmjs.org/pkg-dir 41ms (cache miss)
130 silly packumentCache full:https://registry.npmjs.org/pkg-dir set size:undefined disposed:false
131 silly fetch manifest fast-glob@3.3.2
132 silly packumentCache full:https://registry.npmjs.org/fast-glob cache-miss
133 http fetch GET 200 https://registry.npmjs.org/semver 55ms (cache miss)
134 silly packumentCache full:https://registry.npmjs.org/semver set size:undefined disposed:false
135 silly fetch manifest form-data@^4.0.4
136 silly packumentCache full:https://registry.npmjs.org/form-data cache-miss
137 http fetch GET 200 https://registry.npmjs.org/envinfo 56ms (cache miss)
138 silly packumentCache full:https://registry.npmjs.org/envinfo set size:undefined disposed:false
139 silly fetch manifest invariant@^2.2.2
140 silly packumentCache full:https://registry.npmjs.org/invariant cache-miss
141 http fetch GET 200 https://registry.npmjs.org/prompts 42ms (cache miss)
142 silly packumentCache full:https://registry.npmjs.org/prompts set size:undefined disposed:false
143 silly fetch manifest minimatch@5.1.2
144 silly packumentCache full:https://registry.npmjs.org/minimatch cache-miss
145 http fetch GET 200 https://registry.npmjs.org/ignore 70ms (cache miss)
146 silly packumentCache full:https://registry.npmjs.org/ignore set size:undefined disposed:false
147 silly fetch manifest untildify@4.0.0
148 silly packumentCache full:https://registry.npmjs.org/untildify cache-miss
149 http fetch GET 200 https://registry.npmjs.org/nanoid 65ms (cache miss)
150 silly packumentCache full:https://registry.npmjs.org/nanoid set size:undefined disposed:false
151 silly fetch manifest wrap-ansi@7.0.0
152 silly packumentCache full:https://registry.npmjs.org/wrap-ansi cache-miss
153 http fetch GET 200 https://registry.npmjs.org/ajv 153ms (cache miss)
154 silly packumentCache full:https://registry.npmjs.org/ajv set size:undefined disposed:false
155 silly fetch manifest @urql/core@4.0.11
156 silly packumentCache full:https://registry.npmjs.org/@urql%2fcore cache-miss
157 http fetch GET 200 https://registry.npmjs.org/keychain 37ms (cache miss)
158 silly packumentCache full:https://registry.npmjs.org/keychain set size:undefined disposed:false
159 silly fetch manifest better-opn@3.0.2
160 silly packumentCache full:https://registry.npmjs.org/better-opn cache-miss
161 http fetch GET 200 https://registry.npmjs.org/env-paths 29ms (cache miss)
162 silly packumentCache full:https://registry.npmjs.org/env-paths set size:undefined disposed:false
163 silly fetch manifest centrifuge@5.7.1
164 silly packumentCache full:https://registry.npmjs.org/centrifuge cache-miss
165 http fetch GET 200 https://registry.npmjs.org/invariant 25ms (cache miss)
166 silly packumentCache full:https://registry.npmjs.org/invariant set size:undefined disposed:false
167 silly fetch manifest dateformat@4.6.3
168 silly packumentCache full:https://registry.npmjs.org/dateformat cache-miss
169 http fetch GET 200 https://registry.npmjs.org/minizlib 42ms (cache miss)
170 silly packumentCache full:https://registry.npmjs.org/minizlib set size:undefined disposed:false
171 silly fetch manifest node-fetch@2.6.7
172 silly packumentCache full:https://registry.npmjs.org/node-fetch cache-miss
173 http fetch GET 200 https://registry.npmjs.org/untildify 26ms (cache miss)
174 silly packumentCache full:https://registry.npmjs.org/untildify set size:undefined disposed:false
175 silly fetch manifest node-forge@1.4.0
176 silly packumentCache full:https://registry.npmjs.org/node-forge cache-miss
177 http fetch GET 200 https://registry.npmjs.org/form-data 32ms (cache miss)
178 silly packumentCache full:https://registry.npmjs.org/form-data set size:undefined disposed:false
179 silly fetch manifest nullthrows@1.1.1
180 silly packumentCache full:https://registry.npmjs.org/nullthrows cache-miss
181 http fetch GET 200 https://registry.npmjs.org/fs-extra 58ms (cache miss)
182 silly packumentCache full:https://registry.npmjs.org/fs-extra set size:undefined disposed:false
183 silly fetch manifest tar-stream@3.1.7
184 silly packumentCache full:https://registry.npmjs.org/tar-stream cache-miss
185 http fetch GET 200 https://registry.npmjs.org/fast-glob 43ms (cache miss)
186 silly packumentCache full:https://registry.npmjs.org/fast-glob set size:undefined disposed:false
187 silly fetch manifest @expo/plist@0.3.5
188 silly packumentCache full:https://registry.npmjs.org/@expo%2fplist cache-miss
189 http fetch GET 200 https://registry.npmjs.org/wrap-ansi 33ms (cache miss)
190 silly packumentCache full:https://registry.npmjs.org/wrap-ansi set size:undefined disposed:false
191 silly fetch manifest @expo/steps@23.1.0
192 silly packumentCache full:https://registry.npmjs.org/@expo%2fsteps cache-miss
193 http fetch GET 200 https://registry.npmjs.org/better-opn 25ms (cache miss)
194 silly packumentCache full:https://registry.npmjs.org/better-opn set size:undefined disposed:false
195 silly fetch manifest @oclif/core@^4.8.3
196 silly packumentCache full:https://registry.npmjs.org/@oclif%2fcore cache-miss
197 http fetch GET 200 https://registry.npmjs.org/graphql 97ms (cache miss)
198 silly packumentCache full:https://registry.npmjs.org/graphql set size:undefined disposed:false
199 silly fetch manifest ajv-formats@2.1.1
200 silly packumentCache full:https://registry.npmjs.org/ajv-formats cache-miss
201 http fetch GET 200 https://registry.npmjs.org/minimatch 48ms (cache miss)
202 silly packumentCache full:https://registry.npmjs.org/minimatch set size:undefined disposed:false
203 silly fetch manifest graphql-tag@2.12.6
204 silly packumentCache full:https://registry.npmjs.org/graphql-tag cache-miss
205 http fetch GET 200 https://registry.npmjs.org/@expo%2fenv 69ms (cache miss)
206 silly packumentCache full:https://registry.npmjs.org/@expo%2fenv set size:undefined disposed:false
207 silly fetch manifest log-symbols@4.1.0
208 silly packumentCache full:https://registry.npmjs.org/log-symbols cache-miss
209 http fetch GET 200 https://registry.npmjs.org/dateformat 36ms (cache miss)
210 silly packumentCache full:https://registry.npmjs.org/dateformat set size:undefined disposed:false
211 silly fetch manifest @expo/config@55.0.10
212 silly packumentCache full:https://registry.npmjs.org/@expo%2fconfig cache-miss
213 http fetch GET 200 https://registry.npmjs.org/nullthrows 36ms (cache miss)
214 silly packumentCache full:https://registry.npmjs.org/nullthrows set size:undefined disposed:false
215 silly fetch manifest @expo/logger@23.1.0
216 silly packumentCache full:https://registry.npmjs.org/@expo%2flogger cache-miss
217 http fetch GET 200 https://registry.npmjs.org/tar-stream 35ms (cache miss)
218 silly packumentCache full:https://registry.npmjs.org/tar-stream set size:undefined disposed:false
219 silly fetch manifest @expo/pkcs12@0.1.3
220 silly packumentCache full:https://registry.npmjs.org/@expo%2fpkcs12 cache-miss
221 http fetch GET 200 https://registry.npmjs.org/centrifuge 54ms (cache miss)
222 silly packumentCache full:https://registry.npmjs.org/centrifuge set size:undefined disposed:false
223 silly fetch manifest @sentry/node@7.77.0
224 silly packumentCache full:https://registry.npmjs.org/@sentry%2fnode cache-miss
225 http fetch GET 200 https://registry.npmjs.org/node-forge 58ms (cache miss)
226 silly packumentCache full:https://registry.npmjs.org/node-forge set size:undefined disposed:false
227 silly fetch manifest cli-progress@3.12.0
228 silly packumentCache full:https://registry.npmjs.org/cli-progress cache-miss
229 http fetch GET 200 https://registry.npmjs.org/ajv-formats 42ms (cache miss)
230 silly packumentCache full:https://registry.npmjs.org/ajv-formats set size:undefined disposed:false
231 silly fetch manifest gradle-to-js@2.0.1
232 silly packumentCache full:https://registry.npmjs.org/gradle-to-js cache-miss
233 http fetch GET 200 https://registry.npmjs.org/graphql-tag 40ms (cache miss)
234 silly packumentCache full:https://registry.npmjs.org/graphql-tag set size:undefined disposed:false
235 silly fetch manifest resolve-from@5.0.0
236 silly packumentCache full:https://registry.npmjs.org/resolve-from cache-miss
237 http fetch GET 200 https://registry.npmjs.org/log-symbols 33ms (cache miss)
238 silly packumentCache full:https://registry.npmjs.org/log-symbols set size:undefined disposed:false
239 silly fetch manifest ts-deepmerge@6.2.0
240 silly packumentCache full:https://registry.npmjs.org/ts-deepmerge cache-miss
241 http fetch GET 200 https://registry.npmjs.org/@urql%2fcore 87ms (cache miss)
242 silly packumentCache full:https://registry.npmjs.org/@urql%2fcore set size:undefined disposed:false
243 silly fetch manifest @expo/results@1.0.0
244 silly packumentCache full:https://registry.npmjs.org/@expo%2fresults cache-miss
245 http fetch GET 200 https://registry.npmjs.org/@expo%2fsteps 65ms (cache miss)
246 silly packumentCache full:https://registry.npmjs.org/@expo%2fsteps set size:undefined disposed:false
247 silly fetch manifest bplist-parser@^0.3.0
248 silly packumentCache full:https://registry.npmjs.org/bplist-parser cache-miss
249 http fetch GET 200 https://registry.npmjs.org/@expo%2fplist 72ms (cache miss)
250 silly packumentCache full:https://registry.npmjs.org/@expo%2fplist set size:undefined disposed:false
251 silly fetch manifest indent-string@4.0.0
252 silly packumentCache full:https://registry.npmjs.org/indent-string cache-miss
253 http fetch GET 200 https://registry.npmjs.org/resolve-from 25ms (cache miss)
254 silly packumentCache full:https://registry.npmjs.org/resolve-from set size:undefined disposed:false
255 silly fetch manifest promise-limit@2.7.0
256 silly packumentCache full:https://registry.npmjs.org/promise-limit cache-miss
257 http fetch GET 200 https://registry.npmjs.org/node-fetch 93ms (cache miss)
258 silly packumentCache full:https://registry.npmjs.org/node-fetch set size:undefined disposed:false
259 silly fetch manifest promise-retry@2.0.1
260 silly packumentCache full:https://registry.npmjs.org/promise-retry cache-miss
261 http fetch GET 200 https://registry.npmjs.org/@expo%2flogger 56ms (cache miss)
262 silly packumentCache full:https://registry.npmjs.org/@expo%2flogger set size:undefined disposed:false
263 silly fetch manifest terminal-link@2.1.1
264 silly packumentCache full:https://registry.npmjs.org/terminal-link cache-miss
265 http fetch GET 200 https://registry.npmjs.org/gradle-to-js 35ms (cache miss)
266 silly packumentCache full:https://registry.npmjs.org/gradle-to-js set size:undefined disposed:false
267 silly fetch manifest @expo/eas-json@23.1.0
268 silly packumentCache full:https://registry.npmjs.org/@expo%2feas-json cache-miss
269 http fetch GET 200 https://registry.npmjs.org/ts-deepmerge 32ms (cache miss)
270 silly packumentCache full:https://registry.npmjs.org/ts-deepmerge set size:undefined disposed:false
271 silly fetch manifest @expo/json-file@8.3.3
272 silly packumentCache full:https://registry.npmjs.org/@expo%2fjson-file cache-miss
273 http fetch GET 200 https://registry.npmjs.org/zod 275ms (cache miss)
274 silly packumentCache full:https://registry.npmjs.org/zod set size:undefined disposed:false
275 silly fetch manifest @expo/osascript@2.1.4
276 silly packumentCache full:https://registry.npmjs.org/@expo%2fosascript cache-miss
277 http fetch GET 200 https://registry.npmjs.org/@expo%2fpkcs12 76ms (cache miss)
278 silly packumentCache full:https://registry.npmjs.org/@expo%2fpkcs12 set size:undefined disposed:false
279 silly fetch manifest fast-deep-equal@3.1.3
280 silly packumentCache full:https://registry.npmjs.org/fast-deep-equal cache-miss
281 http fetch GET 200 https://registry.npmjs.org/bplist-parser 41ms (cache miss)
282 silly packumentCache full:https://registry.npmjs.org/bplist-parser set size:undefined disposed:false
283 silly fetch manifest node-stream-zip@1.15.0
284 silly packumentCache full:https://registry.npmjs.org/node-stream-zip cache-miss
285 http fetch GET 200 https://registry.npmjs.org/cli-progress 61ms (cache miss)
286 silly packumentCache full:https://registry.npmjs.org/cli-progress set size:undefined disposed:false
287 silly fetch manifest qrcode-terminal@0.12.0
288 silly packumentCache full:https://registry.npmjs.org/qrcode-terminal cache-miss
289 http fetch GET 200 https://registry.npmjs.org/promise-limit 36ms (cache miss)
290 silly packumentCache full:https://registry.npmjs.org/promise-limit set size:undefined disposed:false
291 silly fetch manifest @expo/timeago.js@1.0.0
292 silly packumentCache full:https://registry.npmjs.org/@expo%2ftimeago.js cache-miss
293 http fetch GET 200 https://registry.npmjs.org/terminal-link 31ms (cache miss)
294 silly packumentCache full:https://registry.npmjs.org/terminal-link set size:undefined disposed:false
295 silly fetch manifest @expo/apple-utils@2.1.22
296 silly packumentCache full:https://registry.npmjs.org/@expo%2fapple-utils cache-miss
297 http fetch GET 200 https://registry.npmjs.org/indent-string 45ms (cache miss)
298 silly packumentCache full:https://registry.npmjs.org/indent-string set size:undefined disposed:false
299 silly fetch manifest @expo/plugin-help@5.1.23
300 silly packumentCache full:https://registry.npmjs.org/@expo%2fplugin-help cache-miss
301 http fetch GET 200 https://registry.npmjs.org/promise-retry 39ms (cache miss)
302 silly packumentCache full:https://registry.npmjs.org/promise-retry set size:undefined disposed:false
303 silly fetch manifest @expo/spawn-async@1.7.2
304 silly packumentCache full:https://registry.npmjs.org/@expo%2fspawn-async cache-miss
305 http fetch GET 200 https://registry.npmjs.org/@expo%2fconfig 103ms (cache miss)
306 silly packumentCache full:https://registry.npmjs.org/@expo%2fconfig set size:undefined disposed:false
307 silly fetch manifest https-proxy-agent@5.0.1
308 silly packumentCache full:https://registry.npmjs.org/https-proxy-agent cache-miss
309 http fetch GET 200 https://registry.npmjs.org/fast-deep-equal 24ms (cache miss)
310 silly packumentCache full:https://registry.npmjs.org/fast-deep-equal set size:undefined disposed:false
311 silly fetch manifest agent-cli-detector@0.1.7
312 silly packumentCache full:https://registry.npmjs.org/agent-cli-detector cache-miss
313 http fetch GET 200 https://registry.npmjs.org/qrcode-terminal 27ms (cache miss)
314 silly packumentCache full:https://registry.npmjs.org/qrcode-terminal set size:undefined disposed:false
315 silly fetch manifest set-interval-async@3.0.3
316 silly packumentCache full:https://registry.npmjs.org/set-interval-async cache-miss
317 http fetch GET 200 https://registry.npmjs.org/@expo%2feas-json 54ms (cache miss)
318 silly packumentCache full:https://registry.npmjs.org/@expo%2feas-json set size:undefined disposed:false
319 silly fetch manifest @expo/eas-build-job@23.1.0
320 silly packumentCache full:https://registry.npmjs.org/@expo%2feas-build-job cache-miss
321 http fetch GET 200 https://registry.npmjs.org/turndown 196ms (cache miss)
322 silly packumentCache full:https://registry.npmjs.org/turndown set size:undefined disposed:false
323 silly fetch manifest @expo/config-plugins@55.0.7
324 silly packumentCache full:https://registry.npmjs.org/@expo%2fconfig-plugins cache-miss
325 http fetch GET 200 https://registry.npmjs.org/@expo%2ftimeago.js 33ms (cache miss)
326 silly packumentCache full:https://registry.npmjs.org/@expo%2ftimeago.js set size:undefined disposed:false
327 silly fetch manifest @urql/exchange-retry@1.2.0
328 silly packumentCache full:https://registry.npmjs.org/@urql%2fexchange-retry cache-miss
329 http fetch GET 200 https://registry.npmjs.org/@expo%2fplugin-help 34ms (cache miss)
330 silly packumentCache full:https://registry.npmjs.org/@expo%2fplugin-help set size:undefined disposed:false
331 silly fetch manifest sandbox-cli-detector@0.2.0
332 silly packumentCache full:https://registry.npmjs.org/sandbox-cli-detector cache-miss
333 http fetch GET 200 https://registry.npmjs.org/https-proxy-agent 22ms (cache miss)
334 silly packumentCache full:https://registry.npmjs.org/https-proxy-agent set size:undefined disposed:false
335 silly fetch manifest @expo/package-manager@1.9.10
336 silly packumentCache full:https://registry.npmjs.org/@expo%2fpackage-manager cache-miss
337 http fetch GET 200 https://registry.npmjs.org/@expo%2fosascript 54ms (cache miss)
338 silly packumentCache full:https://registry.npmjs.org/@expo%2fosascript set size:undefined disposed:false
339 silly fetch manifest @expo/prebuild-config@9.0.12
340 silly packumentCache full:https://registry.npmjs.org/@expo%2fprebuild-config cache-miss
341 http fetch GET 200 https://registry.npmjs.org/agent-cli-detector 30ms (cache miss)
342 silly packumentCache full:https://registry.npmjs.org/agent-cli-detector set size:undefined disposed:false
343 silly fetch manifest @expo/rudder-sdk-node@1.1.1
344 silly packumentCache full:https://registry.npmjs.org/@expo%2frudder-sdk-node cache-miss
345 http fetch GET 200 https://registry.npmjs.org/@sentry%2fnode 125ms (cache miss)
346 silly packumentCache full:https://registry.npmjs.org/@sentry%2fnode set size:undefined disposed:false
347 silly fetch manifest @segment/ajv-human-errors@^2.1.2
348 silly packumentCache full:https://registry.npmjs.org/@segment%2fajv-human-errors cache-miss
349 http fetch GET 200 https://registry.npmjs.org/@expo%2fapple-utils 59ms (cache miss)
350 silly packumentCache full:https://registry.npmjs.org/@expo%2fapple-utils set size:undefined disposed:false
351 silly fetch manifest @oclif/plugin-autocomplete@^3.2.40
352 silly packumentCache full:https://registry.npmjs.org/@oclif%2fplugin-autocomplete cache-miss
353 http fetch GET 200 https://registry.npmjs.org/set-interval-async 38ms (cache miss)
354 silly packumentCache full:https://registry.npmjs.org/set-interval-async set size:undefined disposed:false
355 silly fetch manifest @expo/multipart-body-parser@2.0.0
356 silly packumentCache full:https://registry.npmjs.org/@expo%2fmultipart-body-parser cache-miss
357 http fetch GET 200 https://registry.npmjs.org/sandbox-cli-detector 35ms (cache miss)
358 silly packumentCache full:https://registry.npmjs.org/sandbox-cli-detector set size:undefined disposed:false
359 silly fetch manifest @expo/code-signing-certificates@0.0.5
360 silly packumentCache full:https://registry.npmjs.org/@expo%2fcode-signing-certificates cache-miss
361 http fetch GET 200 https://registry.npmjs.org/@expo%2frudder-sdk-node 28ms (cache miss)
362 silly packumentCache full:https://registry.npmjs.org/@expo%2frudder-sdk-node set size:undefined disposed:false
363 silly fetch manifest @expo/plugin-warn-if-update-available@2.5.1
364 silly packumentCache full:https://registry.npmjs.org/@expo%2fplugin-warn-if-update-available cache-miss
365 http fetch GET 200 https://registry.npmjs.org/@urql%2fexchange-retry 45ms (cache miss)
366 silly packumentCache full:https://registry.npmjs.org/@urql%2fexchange-retry set size:undefined disposed:false
367 http fetch GET 200 https://registry.npmjs.org/@expo%2feas-build-job 55ms (cache miss)
368 silly packumentCache full:https://registry.npmjs.org/@expo%2feas-build-job set size:undefined disposed:false
369 http fetch GET 200 https://registry.npmjs.org/@expo%2fpackage-manager 48ms (cache miss)
370 silly packumentCache full:https://registry.npmjs.org/@expo%2fpackage-manager set size:undefined disposed:false
371 http fetch GET 200 https://registry.npmjs.org/@expo%2fmultipart-body-parser 34ms (cache miss)
372 silly packumentCache full:https://registry.npmjs.org/@expo%2fmultipart-body-parser set size:undefined disposed:false
373 http fetch GET 200 https://registry.npmjs.org/@expo%2fcode-signing-certificates 31ms (cache miss)
374 silly packumentCache full:https://registry.npmjs.org/@expo%2fcode-signing-certificates set size:undefined disposed:false
375 http fetch GET 200 https://registry.npmjs.org/@expo%2fprebuild-config 60ms (cache miss)
376 silly packumentCache full:https://registry.npmjs.org/@expo%2fprebuild-config set size:undefined disposed:false
377 http fetch GET 200 https://registry.npmjs.org/@expo%2fplugin-warn-if-update-available 30ms (cache miss)
378 silly packumentCache full:https://registry.npmjs.org/@expo%2fplugin-warn-if-update-available set size:undefined disposed:false
379 http fetch GET 200 https://registry.npmjs.org/@oclif%2fcore 223ms (cache miss)
380 silly packumentCache full:https://registry.npmjs.org/@oclif%2fcore set size:undefined disposed:false
381 http fetch GET 200 https://registry.npmjs.org/@oclif%2fplugin-autocomplete 62ms (cache miss)
382 silly packumentCache full:https://registry.npmjs.org/@oclif%2fplugin-autocomplete set size:undefined disposed:false
383 http fetch GET 200 https://registry.npmjs.org/@expo%2fresults 199ms (cache miss)
384 silly packumentCache full:https://registry.npmjs.org/@expo%2fresults set size:undefined disposed:false
385 http fetch GET 200 https://registry.npmjs.org/@segment%2fajv-human-errors 94ms (cache miss)
386 silly packumentCache full:https://registry.npmjs.org/@segment%2fajv-human-errors set size:undefined disposed:false
387 http fetch GET 200 https://registry.npmjs.org/node-stream-zip 195ms (cache miss)
388 silly packumentCache full:https://registry.npmjs.org/node-stream-zip set size:undefined disposed:false
389 http fetch GET 200 https://registry.npmjs.org/@expo%2fspawn-async 192ms (cache miss)
390 silly packumentCache full:https://registry.npmjs.org/@expo%2fspawn-async set size:undefined disposed:false
391 http fetch GET 200 https://registry.npmjs.org/@expo%2fjson-file 270ms (cache miss)
392 silly packumentCache full:https://registry.npmjs.org/@expo%2fjson-file set size:undefined disposed:false
393 http fetch GET 200 https://registry.npmjs.org/@expo%2fconfig-plugins 217ms (cache miss)
394 silly packumentCache full:https://registry.npmjs.org/@expo%2fconfig-plugins set size:undefined disposed:false
395 silly fetch manifest bufferutil@^4.0.1
396 silly packumentCache full:https://registry.npmjs.org/bufferutil cache-miss
397 http fetch GET 200 https://registry.npmjs.org/bufferutil 16ms (cache miss)
398 silly packumentCache full:https://registry.npmjs.org/bufferutil set size:undefined disposed:false
399 silly fetch manifest utf-8-validate@>=5.0.2
400 silly packumentCache full:https://registry.npmjs.org/utf-8-validate cache-miss
401 http fetch GET 200 https://registry.npmjs.org/utf-8-validate 25ms (cache miss)
402 silly packumentCache full:https://registry.npmjs.org/utf-8-validate set size:undefined disposed:false
403 silly fetch manifest encoding@^0.1.0
404 silly packumentCache full:https://registry.npmjs.org/encoding cache-miss
405 http fetch GET 200 https://registry.npmjs.org/encoding 17ms (cache miss)
406 silly packumentCache full:https://registry.npmjs.org/encoding set size:undefined disposed:false
407 silly placeDep ROOT @expo/apple-utils@2.1.22 OK for: eas-cli@23.2.0 want: 2.1.22
408 silly placeDep ROOT @expo/code-signing-certificates@0.0.5 OK for: eas-cli@23.2.0 want: 0.0.5
409 silly placeDep ROOT @expo/config@55.0.10 OK for: eas-cli@23.2.0 want: 55.0.10
410 silly placeDep ROOT @expo/config-plugins@55.0.7 OK for: eas-cli@23.2.0 want: 55.0.7
411 silly placeDep ROOT @expo/eas-build-job@23.1.0 OK for: eas-cli@23.2.0 want: 23.1.0
412 silly placeDep ROOT @expo/eas-json@23.1.0 OK for: eas-cli@23.2.0 want: 23.1.0
413 silly placeDep ROOT @expo/env@1.0.7 OK for: eas-cli@23.2.0 want: ^1.0.0
414 silly placeDep ROOT @expo/json-file@8.3.3 OK for: eas-cli@23.2.0 want: 8.3.3
415 silly placeDep ROOT @expo/logger@23.1.0 OK for: eas-cli@23.2.0 want: 23.1.0
416 silly placeDep ROOT @expo/multipart-body-parser@2.0.0 OK for: eas-cli@23.2.0 want: 2.0.0
417 silly placeDep ROOT @expo/osascript@2.1.4 OK for: eas-cli@23.2.0 want: 2.1.4
418 silly placeDep ROOT @expo/package-manager@1.9.10 OK for: eas-cli@23.2.0 want: 1.9.10
419 silly placeDep ROOT @expo/pkcs12@0.1.3 OK for: eas-cli@23.2.0 want: 0.1.3
420 silly placeDep ROOT @expo/plist@0.3.5 OK for: eas-cli@23.2.0 want: 0.3.5
421 silly placeDep ROOT @expo/plugin-help@5.1.23 OK for: eas-cli@23.2.0 want: 5.1.23
422 silly placeDep ROOT @expo/plugin-warn-if-update-available@2.5.1 OK for: eas-cli@23.2.0 want: 2.5.1
423 silly placeDep ROOT @expo/prebuild-config@9.0.12 OK for: eas-cli@23.2.0 want: 9.0.12
424 silly placeDep ROOT @expo/results@1.0.0 OK for: eas-cli@23.2.0 want: 1.0.0
425 silly placeDep ROOT @expo/rudder-sdk-node@1.1.1 OK for: eas-cli@23.2.0 want: 1.1.1
426 silly placeDep ROOT @expo/spawn-async@1.7.2 OK for: eas-cli@23.2.0 want: 1.7.2
427 silly placeDep ROOT @expo/steps@23.1.0 OK for: eas-cli@23.2.0 want: 23.1.0
428 silly placeDep ROOT @expo/timeago.js@1.0.0 OK for: eas-cli@23.2.0 want: 1.0.0
429 silly placeDep ROOT @oclif/core@4.14.0 OK for: eas-cli@23.2.0 want: ^4.8.3
430 silly placeDep ROOT @oclif/plugin-autocomplete@3.3.0 OK for: eas-cli@23.2.0 want: ^3.2.40
431 silly placeDep ROOT @segment/ajv-human-errors@2.16.0 OK for: eas-cli@23.2.0 want: ^2.1.2
432 silly placeDep ROOT ajv@8.11.0 OK for: @segment/ajv-human-errors@2.16.0 want: ^8.0.0
433 silly placeDep ROOT @sentry/node@7.77.0 OK for: eas-cli@23.2.0 want: 7.77.0
434 silly placeDep ROOT @urql/core@4.0.11 OK for: eas-cli@23.2.0 want: 4.0.11
435 silly placeDep ROOT @urql/exchange-retry@1.2.0 OK for: eas-cli@23.2.0 want: 1.2.0
436 silly placeDep ROOT agent-cli-detector@0.1.7 OK for: eas-cli@23.2.0 want: 0.1.7
437 silly placeDep ROOT ajv-formats@2.1.1 OK for: eas-cli@23.2.0 want: 2.1.1
438 silly placeDep ROOT better-opn@3.0.2 OK for: eas-cli@23.2.0 want: 3.0.2
439 silly placeDep ROOT bplist-parser@0.3.2 OK for: eas-cli@23.2.0 want: ^0.3.0
440 silly placeDep ROOT centrifuge@5.7.1 OK for: eas-cli@23.2.0 want: 5.7.1
441 silly placeDep ROOT chalk@4.1.2 OK for: eas-cli@23.2.0 want: 4.1.2
442 silly placeDep ROOT cli-progress@3.12.0 OK for: eas-cli@23.2.0 want: 3.12.0
443 silly placeDep ROOT dateformat@4.6.3 OK for: eas-cli@23.2.0 want: 4.6.3
444 silly placeDep ROOT debug@4.4.3 OK for: eas-cli@23.2.0 want: 4.4.3
445 silly placeDep ROOT diff@7.0.0 OK for: eas-cli@23.2.0 want: 7.0.0
446 silly placeDep ROOT dotenv@16.3.1 OK for: eas-cli@23.2.0 want: 16.3.1
447 silly placeDep ROOT env-paths@2.2.0 OK for: eas-cli@23.2.0 want: 2.2.0
448 silly placeDep ROOT envinfo@7.11.0 OK for: eas-cli@23.2.0 want: 7.11.0
449 silly placeDep ROOT fast-deep-equal@3.1.3 OK for: eas-cli@23.2.0 want: 3.1.3
450 silly placeDep ROOT fast-glob@3.3.2 OK for: eas-cli@23.2.0 want: 3.3.2
451 silly placeDep ROOT figures@3.2.0 OK for: eas-cli@23.2.0 want: 3.2.0
452 silly placeDep ROOT form-data@4.0.6 OK for: eas-cli@23.2.0 want: ^4.0.4
453 silly placeDep ROOT fs-extra@11.2.0 OK for: eas-cli@23.2.0 want: 11.2.0
454 silly placeDep ROOT getenv@1.0.0 OK for: eas-cli@23.2.0 want: 1.0.0
455 silly placeDep ROOT gradle-to-js@2.0.1 OK for: eas-cli@23.2.0 want: 2.0.1
456 silly placeDep ROOT graphql@16.8.1 OK for: eas-cli@23.2.0 want: 16.8.1
457 silly placeDep ROOT graphql-tag@2.12.6 OK for: eas-cli@23.2.0 want: 2.12.6
458 silly placeDep ROOT https-proxy-agent@5.0.1 OK for: eas-cli@23.2.0 want: 5.0.1
459 silly placeDep ROOT ignore@5.3.0 OK for: eas-cli@23.2.0 want: 5.3.0
460 silly placeDep ROOT indent-string@4.0.0 OK for: eas-cli@23.2.0 want: 4.0.0
461 silly placeDep ROOT invariant@2.2.4 OK for: eas-cli@23.2.0 want: ^2.2.2
462 silly placeDep ROOT jks-js@1.1.0 OK for: eas-cli@23.2.0 want: 1.1.0
463 silly placeDep ROOT joi@17.11.0 OK for: eas-cli@23.2.0 want: 17.11.0
464 silly placeDep ROOT keychain@1.5.0 OK for: eas-cli@23.2.0 want: 1.5.0
465 silly placeDep ROOT log-symbols@4.1.0 OK for: eas-cli@23.2.0 want: 4.1.0
466 silly placeDep ROOT mime@3.0.0 OK for: eas-cli@23.2.0 want: 3.0.0
467 silly placeDep ROOT minimatch@5.1.2 OK for: eas-cli@23.2.0 want: 5.1.2
468 silly placeDep ROOT minizlib@3.1.0 OK for: eas-cli@23.2.0 want: 3.1.0
469 silly placeDep ROOT nanoid@3.3.8 OK for: eas-cli@23.2.0 want: 3.3.8
470 silly placeDep ROOT node-fetch@2.6.7 OK for: eas-cli@23.2.0 want: 2.6.7
471 silly placeDep ROOT node-forge@1.4.0 OK for: eas-cli@23.2.0 want: 1.4.0
472 silly placeDep ROOT node-stream-zip@1.15.0 OK for: eas-cli@23.2.0 want: 1.15.0
473 silly placeDep ROOT nullthrows@1.1.1 OK for: eas-cli@23.2.0 want: 1.1.1
474 silly placeDep ROOT open@8.4.0 OK for: eas-cli@23.2.0 want: 8.4.0
475 silly placeDep ROOT ora@5.1.0 OK for: eas-cli@23.2.0 want: 5.1.0
476 silly placeDep ROOT pkg-dir@4.2.0 OK for: eas-cli@23.2.0 want: 4.2.0
477 silly placeDep ROOT pngjs@7.0.0 OK for: eas-cli@23.2.0 want: 7.0.0
478 silly placeDep ROOT promise-limit@2.7.0 OK for: eas-cli@23.2.0 want: 2.7.0
479 silly placeDep ROOT promise-retry@2.0.1 OK for: eas-cli@23.2.0 want: 2.0.1
480 silly placeDep ROOT prompts@2.4.2 OK for: eas-cli@23.2.0 want: 2.4.2
481 silly placeDep ROOT qrcode-terminal@0.12.0 OK for: eas-cli@23.2.0 want: 0.12.0
482 silly placeDep ROOT resolve-from@5.0.0 OK for: eas-cli@23.2.0 want: 5.0.0
483 silly placeDep ROOT sandbox-cli-detector@0.2.0 OK for: eas-cli@23.2.0 want: 0.2.0
484 silly placeDep ROOT semver@7.5.4 OK for: eas-cli@23.2.0 want: 7.5.4
485 silly placeDep ROOT set-interval-async@3.0.3 OK for: eas-cli@23.2.0 want: 3.0.3
486 silly placeDep ROOT slash@3.0.0 OK for: eas-cli@23.2.0 want: 3.0.0
487 silly placeDep ROOT tar@7.5.19 OK for: eas-cli@23.2.0 want: 7.5.19
488 silly placeDep ROOT tar-stream@3.1.7 OK for: eas-cli@23.2.0 want: 3.1.7
489 silly placeDep ROOT terminal-link@2.1.1 OK for: eas-cli@23.2.0 want: 2.1.1
490 silly placeDep ROOT ts-deepmerge@6.2.0 OK for: eas-cli@23.2.0 want: 6.2.0
491 silly placeDep ROOT tslib@2.6.2 OK for: eas-cli@23.2.0 want: 2.6.2
492 silly placeDep ROOT turndown@7.1.2 OK for: eas-cli@23.2.0 want: 7.1.2
493 silly placeDep ROOT untildify@4.0.0 OK for: eas-cli@23.2.0 want: 4.0.0
494 silly placeDep ROOT uuid@11.1.1 OK for: eas-cli@23.2.0 want: 11.1.1
495 silly placeDep ROOT wrap-ansi@7.0.0 OK for: eas-cli@23.2.0 want: 7.0.0
496 silly placeDep ROOT ws@8.21.1 OK for: eas-cli@23.2.0 want: 8.21.1
497 silly placeDep ROOT yaml@2.6.0 OK for: eas-cli@23.2.0 want: 2.6.0
498 silly placeDep ROOT zod@4.5.4 OK for: eas-cli@23.2.0 want: ^4.1.3
499 silly fetch manifest node-forge@^1.2.1
500 silly packumentCache full:https://registry.npmjs.org/node-forge cache-miss
501 silly fetch manifest nullthrows@^1.1.1
502 silly packumentCache full:https://registry.npmjs.org/nullthrows cache-miss
503 silly fetch manifest glob@^13.0.0
504 silly packumentCache full:https://registry.npmjs.org/glob cache-miss
505 silly fetch manifest getenv@^2.0.0
506 silly packumentCache full:https://registry.npmjs.org/getenv cache-miss
507 silly fetch manifest semver@^7.6.0
508 silly packumentCache full:https://registry.npmjs.org/semver cache-miss
509 silly fetch manifest slugify@^1.3.4
510 silly packumentCache full:https://registry.npmjs.org/slugify cache-miss
511 silly fetch manifest deepmerge@^4.3.1
512 silly packumentCache full:https://registry.npmjs.org/deepmerge cache-miss
513 silly fetch manifest resolve-from@^5.0.0
514 silly packumentCache full:https://registry.npmjs.org/resolve-from cache-miss
515 silly fetch manifest @expo/json-file@^10.0.12
516 silly packumentCache full:https://registry.npmjs.org/@expo%2fjson-file cache-miss
517 silly fetch manifest @expo/config-types@^55.0.5
518 silly packumentCache full:https://registry.npmjs.org/@expo%2fconfig-types cache-miss
519 silly fetch manifest @expo/require-utils@^55.0.3
520 silly packumentCache full:https://registry.npmjs.org/@expo%2frequire-utils cache-miss
521 silly fetch manifest @expo/config-plugins@~55.0.7
522 silly packumentCache full:https://registry.npmjs.org/@expo%2fconfig-plugins cache-miss
523 silly fetch manifest resolve-workspace-root@^2.0.0
524 silly packumentCache full:https://registry.npmjs.org/resolve-workspace-root cache-miss
525 silly fetch manifest glob@^13.0.0
526 silly packumentCache full:https://registry.npmjs.org/glob cache-miss
527 silly fetch manifest chalk@^4.1.2
528 silly packumentCache full:https://registry.npmjs.org/chalk cache-miss
529 http cache https://registry.npmjs.org/getenv 15ms (cache hit)
530 silly packumentCache full:https://registry.npmjs.org/getenv set size:20110 disposed:false
531 silly fetch manifest debug@^4.3.5
532 silly packumentCache full:https://registry.npmjs.org/debug cache-miss
533 http cache https://registry.npmjs.org/node-forge 18ms (cache hit)
534 silly packumentCache full:https://registry.npmjs.org/node-forge set size:394631 disposed:false
535 silly fetch manifest xcode@^3.0.1
536 silly packumentCache full:https://registry.npmjs.org/xcode cache-miss
537 http cache https://registry.npmjs.org/@expo%2fjson-file 18ms (cache hit)
538 silly packumentCache full:https://registry.npmjs.org/@expo%2fjson-file set size:795254 disposed:false
539 silly fetch manifest semver@^7.5.4
540 silly packumentCache full:https://registry.npmjs.org/semver cache-miss
541 http cache https://registry.npmjs.org/nullthrows 23ms (cache hit)
542 silly packumentCache full:https://registry.npmjs.org/nullthrows set size:14885 disposed:false
543 silly fetch manifest xml2js@0.6.0
544 silly packumentCache full:https://registry.npmjs.org/xml2js cache-miss
545 http cache https://registry.npmjs.org/chalk 23ms (cache hit)
546 silly packumentCache full:https://registry.npmjs.org/chalk set size:134775 disposed:false
547 silly fetch manifest slugify@^1.6.6
548 silly packumentCache full:https://registry.npmjs.org/slugify cache-miss
549 http cache https://registry.npmjs.org/semver 26ms (cache hit)
550 silly packumentCache full:https://registry.npmjs.org/semver set size:246069 disposed:false
551 silly fetch manifest @expo/plist@^0.5.2
552 silly packumentCache full:https://registry.npmjs.org/@expo%2fplist cache-miss
553 http cache https://registry.npmjs.org/resolve-from 27ms (cache hit)
554 silly packumentCache full:https://registry.npmjs.org/resolve-from set size:12911 disposed:false
555 silly fetch manifest @expo/json-file@~10.0.12
556 silly packumentCache full:https://registry.npmjs.org/@expo%2fjson-file cache-hit
557 silly fetch manifest @expo/config-types@^55.0.5
558 silly packumentCache full:https://registry.npmjs.org/@expo%2fconfig-types cache-miss
559 http cache https://registry.npmjs.org/@expo%2fconfig-plugins 29ms (cache hit)
560 silly packumentCache full:https://registry.npmjs.org/@expo%2fconfig-plugins set size:1346882 disposed:false
561 silly fetch manifest @expo/sdk-runtime-versions@^1.0.0
562 silly packumentCache full:https://registry.npmjs.org/@expo%2fsdk-runtime-versions cache-miss
563 http cache https://registry.npmjs.org/debug 28ms (cache hit)
564 silly packumentCache full:https://registry.npmjs.org/debug set size:195840 disposed:false
565 silly fetch manifest joi@^17.13.1
566 silly packumentCache full:https://registry.npmjs.org/joi cache-miss
567 http cache https://registry.npmjs.org/semver 26ms (cache hit)
568 silly packumentCache full:https://registry.npmjs.org/semver set size:246069 disposed:false
569 silly packumentCache full:https://registry.npmjs.org/semver dispose
570 silly fetch manifest zod@^4.3.5
571 silly packumentCache full:https://registry.npmjs.org/zod cache-miss
572 http cache https://registry.npmjs.org/@expo%2fplist 25ms (cache hit)
573 silly packumentCache full:https://registry.npmjs.org/@expo%2fplist set size:588971 disposed:false
574 silly fetch manifest semver@^7.6.2
575 silly packumentCache full:https://registry.npmjs.org/semver cache-hit
576 silly fetch manifest @expo/turtle-spawn@23.1.0
577 silly packumentCache full:https://registry.npmjs.org/@expo%2fturtle-spawn cache-miss
578 http fetch GET 200 https://registry.npmjs.org/resolve-workspace-root 54ms (cache miss)
579 silly packumentCache full:https://registry.npmjs.org/resolve-workspace-root set size:undefined disposed:false
580 silly fetch manifest tslib@2.4.1
581 silly packumentCache full:https://registry.npmjs.org/tslib cache-miss
582 http fetch GET 200 https://registry.npmjs.org/slugify 56ms (cache miss)
583 silly packumentCache full:https://registry.npmjs.org/slugify set size:undefined disposed:false
584 silly fetch manifest semver@7.5.2
585 silly packumentCache full:https://registry.npmjs.org/semver cache-hit
586 silly fetch manifest env-string@1.0.1
587 silly packumentCache full:https://registry.npmjs.org/env-string cache-miss
588 http fetch GET 200 https://registry.npmjs.org/deepmerge 59ms (cache miss)
589 silly packumentCache full:https://registry.npmjs.org/deepmerge set size:undefined disposed:false
590 silly fetch manifest golden-fleece@1.0.9
591 silly packumentCache full:https://registry.npmjs.org/golden-fleece cache-miss
592 http fetch GET 200 https://registry.npmjs.org/@expo%2frequire-utils 61ms (cache miss)
593 silly packumentCache full:https://registry.npmjs.org/@expo%2frequire-utils set size:undefined disposed:false
594 silly fetch manifest @babel/code-frame@7.23.5
595 silly packumentCache full:https://registry.npmjs.org/@babel%2fcode-frame cache-miss
596 http fetch GET 200 https://registry.npmjs.org/slugify 46ms (cache miss)
597 silly packumentCache full:https://registry.npmjs.org/slugify set size:undefined disposed:false
598 silly fetch manifest chalk@^4.0.0
599 silly packumentCache full:https://registry.npmjs.org/chalk cache-hit
600 silly fetch manifest debug@^4.3.4
601 silly packumentCache full:https://registry.npmjs.org/debug cache-hit
602 silly fetch manifest dotenv@~16.4.5
603 silly packumentCache full:https://registry.npmjs.org/dotenv cache-miss
604 http cache https://registry.npmjs.org/joi 27ms (cache hit)
605 silly packumentCache full:https://registry.npmjs.org/joi set size:533950 disposed:false
606 silly fetch manifest dotenv-expand@~11.0.6
607 silly packumentCache full:https://registry.npmjs.org/dotenv-expand cache-miss
608 http cache https://registry.npmjs.org/tslib 21ms (cache hit)
609 silly packumentCache full:https://registry.npmjs.org/tslib set size:108843 disposed:false
610 silly fetch manifest json5@^2.2.2
611 silly packumentCache full:https://registry.npmjs.org/json5 cache-miss
612 http cache https://registry.npmjs.org/zod 31ms (cache hit)
613 silly packumentCache full:https://registry.npmjs.org/zod set size:4147901 disposed:false
614 silly fetch manifest @babel/code-frame@~7.10.4
615 silly packumentCache full:https://registry.npmjs.org/@babel%2fcode-frame cache-miss
616 http fetch GET 200 https://registry.npmjs.org/@expo%2fsdk-runtime-versions 67ms (cache miss)
617 silly packumentCache full:https://registry.npmjs.org/@expo%2fsdk-runtime-versions set size:undefined disposed:false
618 silly fetch manifest write-file-atomic@^2.3.0
619 silly packumentCache full:https://registry.npmjs.org/write-file-atomic cache-miss
620 http fetch GET 200 https://registry.npmjs.org/glob 106ms (cache miss)
621 silly packumentCache full:https://registry.npmjs.org/glob set size:undefined disposed:false
622 silly fetch manifest bunyan@^1.8.15
623 silly packumentCache full:https://registry.npmjs.org/bunyan cache-miss
624 http fetch GET 200 https://registry.npmjs.org/glob 116ms (cache miss)
625 silly packumentCache full:https://registry.npmjs.org/glob set size:undefined disposed:false
626 silly fetch manifest @types/bunyan@^1.8.11
627 silly packumentCache full:https://registry.npmjs.org/@types%2fbunyan cache-miss
628 http fetch GET 200 https://registry.npmjs.org/xml2js 97ms (cache miss)
629 silly packumentCache full:https://registry.npmjs.org/xml2js set size:undefined disposed:false
630 silly fetch manifest multipasta@^0.2.5
631 silly packumentCache full:https://registry.npmjs.org/multipasta cache-miss
632 http cache https://registry.npmjs.org/dotenv 52ms (cache hit)
633 silly packumentCache full:https://registry.npmjs.org/dotenv set size:277821 disposed:false
634 silly fetch manifest exec-async@^2.2.0
635 silly packumentCache full:https://registry.npmjs.org/exec-async cache-miss
636 http fetch GET 200 https://registry.npmjs.org/env-string 70ms (cache miss)
637 silly packumentCache full:https://registry.npmjs.org/env-string set size:undefined disposed:false
638 silly fetch manifest @expo/spawn-async@^1.7.2
639 silly packumentCache full:https://registry.npmjs.org/@expo%2fspawn-async cache-miss
640 http fetch GET 200 https://registry.npmjs.org/golden-fleece 68ms (cache miss)
641 silly packumentCache full:https://registry.npmjs.org/golden-fleece set size:undefined disposed:false
642 silly fetch manifest ora@^3.4.0
643 silly packumentCache full:https://registry.npmjs.org/ora cache-miss
644 http fetch GET 200 https://registry.npmjs.org/dotenv-expand 56ms (cache miss)
645 silly packumentCache full:https://registry.npmjs.org/dotenv-expand set size:undefined disposed:false
646 silly fetch manifest @expo/json-file@^10.0.8
647 silly packumentCache full:https://registry.npmjs.org/@expo%2fjson-file cache-hit
648 silly fetch manifest npm-package-arg@^11.0.0
649 silly packumentCache full:https://registry.npmjs.org/npm-package-arg cache-miss
650 http fetch GET 200 https://registry.npmjs.org/@babel%2fcode-frame 72ms (cache miss)
651 silly packumentCache full:https://registry.npmjs.org/@babel%2fcode-frame set size:undefined disposed:false
652 silly fetch manifest @expo/spawn-async@^1.7.2
653 silly packumentCache full:https://registry.npmjs.org/@expo%2fspawn-async cache-miss
654 http fetch GET 200 https://registry.npmjs.org/@expo%2fconfig-types 135ms (cache miss)
655 silly packumentCache full:https://registry.npmjs.org/@expo%2fconfig-types set size:undefined disposed:false
656 silly fetch manifest base64-js@^1.2.3
657 silly packumentCache full:https://registry.npmjs.org/base64-js cache-miss
658 http fetch GET 200 https://registry.npmjs.org/json5 64ms (cache miss)
659 silly packumentCache full:https://registry.npmjs.org/json5 set size:undefined disposed:false
660 silly fetch manifest xmlbuilder@^15.1.1
661 silly packumentCache full:https://registry.npmjs.org/xmlbuilder cache-miss
662 http fetch GET 200 https://registry.npmjs.org/@expo%2fturtle-spawn 87ms (cache miss)
663 silly packumentCache full:https://registry.npmjs.org/@expo%2fturtle-spawn set size:undefined disposed:false
664 silly fetch manifest @xmldom/xmldom@^0.8.8
665 silly packumentCache full:https://registry.npmjs.org/@xmldom%2fxmldom cache-miss
666 http fetch GET 200 https://registry.npmjs.org/write-file-atomic 41ms (cache miss)
667 silly packumentCache full:https://registry.npmjs.org/write-file-atomic set size:undefined disposed:false
668 silly fetch manifest @oclif/core@^2.11.1
669 silly packumentCache full:https://registry.npmjs.org/@oclif%2fcore cache-miss
670 http cache https://registry.npmjs.org/ora 18ms (cache hit)
671 silly packumentCache full:https://registry.npmjs.org/ora set size:147148 disposed:false
672 silly fetch manifest ejs@^3.1.7
673 silly packumentCache full:https://registry.npmjs.org/ejs cache-miss
674 http fetch GET 200 https://registry.npmjs.org/@babel%2fcode-frame 53ms (cache miss)
675 silly packumentCache full:https://registry.npmjs.org/@babel%2fcode-frame set size:undefined disposed:false
676 silly fetch manifest chalk@^4.1.0
677 silly packumentCache full:https://registry.npmjs.org/chalk cache-hit
678 silly fetch manifest tslib@^2.4.0
679 silly packumentCache full:https://registry.npmjs.org/tslib cache-hit
680 silly fetch manifest semver@^7.3.7
681 silly packumentCache full:https://registry.npmjs.org/semver cache-hit
682 silly fetch manifest fs-extra@^10.1.0
683 silly packumentCache full:https://registry.npmjs.org/fs-extra cache-miss
684 http cache https://registry.npmjs.org/@expo%2fspawn-async 23ms (cache hit)
685 silly packumentCache full:https://registry.npmjs.org/@expo%2fspawn-async set size:41309 disposed:false
686 silly fetch manifest http-call@^5.2.2
687 silly packumentCache full:https://registry.npmjs.org/http-call cache-miss
688 http fetch GET 200 https://registry.npmjs.org/@types%2fbunyan 36ms (cache miss)
689 silly packumentCache full:https://registry.npmjs.org/@types%2fbunyan set size:undefined disposed:false
690 silly fetch manifest @oclif/core@^2.11.1
691 silly packumentCache full:https://registry.npmjs.org/@oclif%2fcore cache-miss
692 http cache https://registry.npmjs.org/@expo%2fspawn-async 20ms (cache hit)
693 silly packumentCache full:https://registry.npmjs.org/@expo%2fspawn-async set size:41309 disposed:false
694 silly packumentCache full:https://registry.npmjs.org/@expo%2fspawn-async dispose
695 silly fetch manifest debug@^4.3.1
696 silly packumentCache full:https://registry.npmjs.org/debug cache-hit
697 silly fetch manifest @expo/config@~11.0.13
698 silly packumentCache full:https://registry.npmjs.org/@expo%2fconfig cache-miss
699 http fetch GET 200 https://registry.npmjs.org/@expo%2fconfig-types 129ms (cache miss)
700 silly packumentCache full:https://registry.npmjs.org/@expo%2fconfig-types set size:undefined disposed:false
701 silly fetch manifest @expo/json-file@^9.1.5
702 silly packumentCache full:https://registry.npmjs.org/@expo%2fjson-file cache-hit
703 silly fetch manifest @expo/image-utils@^0.7.6
704 silly packumentCache full:https://registry.npmjs.org/@expo%2fimage-utils cache-miss
705 http fetch GET 200 https://registry.npmjs.org/multipasta 43ms (cache miss)
706 silly packumentCache full:https://registry.npmjs.org/multipasta set size:undefined disposed:false
707 silly fetch manifest @expo/config-types@^53.0.5
708 silly packumentCache full:https://registry.npmjs.org/@expo%2fconfig-types cache-miss
709 http cache https://registry.npmjs.org/@oclif%2fcore 22ms (cache hit)
710 silly packumentCache full:https://registry.npmjs.org/@oclif%2fcore set size:2087101 disposed:false
711 silly fetch manifest @expo/config-plugins@~10.1.2
712 silly packumentCache full:https://registry.npmjs.org/@expo%2fconfig-plugins cache-miss
713 http fetch GET 200 https://registry.npmjs.org/exec-async 53ms (cache miss)
714 silly packumentCache full:https://registry.npmjs.org/exec-async set size:undefined disposed:false
715 silly fetch manifest @react-native/normalize-colors@0.79.6
716 silly packumentCache full:https://registry.npmjs.org/@react-native%2fnormalize-colors cache-miss
717 http cache https://registry.npmjs.org/fs-extra 31ms (cache hit)
718 silly packumentCache full:https://registry.npmjs.org/fs-extra set size:239581 disposed:false
719 silly fetch manifest md5@^2.2.1
720 silly packumentCache full:https://registry.npmjs.org/md5 cache-miss
721 http fetch GET 200 https://registry.npmjs.org/npm-package-arg 58ms (cache miss)
722 silly packumentCache full:https://registry.npmjs.org/npm-package-arg set size:undefined disposed:false
723 silly fetch manifest uuid@^8.3.2
724 silly packumentCache full:https://registry.npmjs.org/uuid cache-miss
725 http cache https://registry.npmjs.org/@expo%2fconfig 37ms (cache hit)
726 silly packumentCache full:https://registry.npmjs.org/@expo%2fconfig set size:1559637 disposed:false
727 silly fetch manifest node-fetch@^2.6.1
728 silly packumentCache full:https://registry.npmjs.org/node-fetch cache-miss
729 http fetch GET 200 https://registry.npmjs.org/base64-js 60ms (cache miss)
730 silly packumentCache full:https://registry.npmjs.org/base64-js set size:undefined disposed:false
731 silly fetch manifest fetch-retry@^4.1.1
732 silly packumentCache full:https://registry.npmjs.org/fetch-retry cache-miss
733 http cache https://registry.npmjs.org/@oclif%2fcore 46ms (cache hit)
734 silly packumentCache full:https://registry.npmjs.org/@oclif%2fcore set size:2087101 disposed:false
735 silly fetch manifest @expo/bunyan@^4.0.0
736 silly packumentCache full:https://registry.npmjs.org/@expo%2fbunyan cache-miss
737 http cache https://registry.npmjs.org/@expo%2fconfig-types 49ms (cache hit)
738 silly packumentCache full:https://registry.npmjs.org/@expo%2fconfig-types set size:826198 disposed:false
739 silly fetch manifest remove-trailing-slash@^0.1.0
740 silly packumentCache full:https://registry.npmjs.org/remove-trailing-slash cache-miss
741 http cache https://registry.npmjs.org/@expo%2fconfig-plugins 42ms (cache hit)
742 silly packumentCache full:https://registry.npmjs.org/@expo%2fconfig-plugins set size:1346882 disposed:false
743 silly fetch manifest @segment/loosely-validate-event@^2.0.0
744 silly packumentCache full:https://registry.npmjs.org/@segment%2floosely-validate-event cache-miss
745 http fetch GET 200 https://registry.npmjs.org/xmlbuilder 81ms (cache miss)
746 silly packumentCache full:https://registry.npmjs.org/xmlbuilder set size:undefined disposed:false
747 silly fetch manifest cross-spawn@^7.0.3
748 silly packumentCache full:https://registry.npmjs.org/cross-spawn cache-miss
749 http fetch GET 200 https://registry.npmjs.org/http-call 75ms (cache miss)
750 silly packumentCache full:https://registry.npmjs.org/http-call set size:undefined disposed:false
751 silly fetch manifest arg@^5.0.2
752 silly packumentCache full:https://registry.npmjs.org/arg cache-miss
753 http fetch GET 200 https://registry.npmjs.org/ejs 81ms (cache miss)
754 silly packumentCache full:https://registry.npmjs.org/ejs set size:undefined disposed:false
755 silly fetch manifest jsep@^1.3.8
756 silly packumentCache full:https://registry.npmjs.org/jsep cache-miss
757 http cache https://registry.npmjs.org/uuid 39ms (cache hit)
758 silly packumentCache full:https://registry.npmjs.org/uuid set size:260936 disposed:false
759 silly fetch manifest uuid@^11.1.1
760 silly packumentCache full:https://registry.npmjs.org/uuid cache-hit
761 silly fetch manifest yaml@^2.4.3
762 silly packumentCache full:https://registry.npmjs.org/yaml cache-miss
763 http cache https://registry.npmjs.org/node-fetch 35ms (cache hit)
764 silly packumentCache full:https://registry.npmjs.org/node-fetch set size:896010 disposed:false
765 silly fetch manifest fs-extra@^11.2.0
766 silly packumentCache full:https://registry.npmjs.org/fs-extra cache-hit
767 silly fetch manifest fast-glob@^3.3.2
768 silly packumentCache full:https://registry.npmjs.org/fast-glob cache-miss
769 http fetch GET 200 https://registry.npmjs.org/md5 56ms (cache miss)
770 silly packumentCache full:https://registry.npmjs.org/md5 set size:undefined disposed:false
771 silly fetch manifest lodash.clonedeep@^4.5.0
772 silly packumentCache full:https://registry.npmjs.org/lodash.clonedeep cache-miss
773 http fetch GET 200 https://registry.npmjs.org/@xmldom%2fxmldom 99ms (cache miss)
774 silly packumentCache full:https://registry.npmjs.org/@xmldom%2fxmldom set size:undefined disposed:false
775 silly fetch manifest ejs@^6
776 silly packumentCache full:https://registry.npmjs.org/ejs cache-miss
777 http cache https://registry.npmjs.org/yaml 19ms (cache hit)
778 silly packumentCache full:https://registry.npmjs.org/yaml set size:385754 disposed:false
779 silly fetch manifest ansis@^3.17.0
780 silly packumentCache full:https://registry.npmjs.org/ansis cache-miss
781 http cache https://registry.npmjs.org/fast-glob 17ms (cache hit)
782 silly packumentCache full:https://registry.npmjs.org/fast-glob set size:220556 disposed:false
783 silly fetch manifest debug@^4.4.3
784 silly packumentCache full:https://registry.npmjs.org/debug cache-hit
785 silly fetch manifest semver@^7.8.1
786 silly packumentCache full:https://registry.npmjs.org/semver cache-hit
787 silly fetch manifest wordwrap@^1.0.0
788 silly packumentCache full:https://registry.npmjs.org/wordwrap cache-miss
789 http cache https://registry.npmjs.org/ejs 15ms (cache hit)
790 silly packumentCache full:https://registry.npmjs.org/ejs set size:152154 disposed:false
791 silly fetch manifest lilconfig@^3.1.3
792 silly packumentCache full:https://registry.npmjs.org/lilconfig cache-miss
793 http fetch GET 200 https://registry.npmjs.org/@expo%2fbunyan 51ms (cache miss)
794 silly packumentCache full:https://registry.npmjs.org/@expo%2fbunyan set size:undefined disposed:false
795 silly fetch manifest minimatch@^10.2.5
796 silly packumentCache full:https://registry.npmjs.org/minimatch cache-miss
797 http fetch GET 200 https://registry.npmjs.org/fetch-retry 61ms (cache miss)
798 silly packumentCache full:https://registry.npmjs.org/fetch-retry set size:undefined disposed:false
799 silly fetch manifest wrap-ansi@^7.0.0
800 silly packumentCache full:https://registry.npmjs.org/wrap-ansi cache-miss
801 http fetch GET 200 https://registry.npmjs.org/@segment%2floosely-validate-event 42ms (cache miss)
802 silly packumentCache full:https://registry.npmjs.org/@segment%2floosely-validate-event set size:undefined disposed:false
803 silly fetch manifest wsl-utils@^0.4.0
804 silly packumentCache full:https://registry.npmjs.org/wsl-utils cache-miss
805 http fetch GET 200 https://registry.npmjs.org/arg 37ms (cache miss)
806 silly packumentCache full:https://registry.npmjs.org/arg set size:undefined disposed:false
807 silly fetch manifest tinyglobby@^0.2.17
808 silly packumentCache full:https://registry.npmjs.org/tinyglobby cache-miss
809 http fetch GET 200 https://registry.npmjs.org/remove-trailing-slash 49ms (cache miss)
810 silly packumentCache full:https://registry.npmjs.org/remove-trailing-slash set size:undefined disposed:false
811 silly fetch manifest clean-stack@^3.0.1
812 silly packumentCache full:https://registry.npmjs.org/clean-stack cache-miss
813 http fetch GET 200 https://registry.npmjs.org/jsep 38ms (cache miss)
814 silly packumentCache full:https://registry.npmjs.org/jsep set size:undefined disposed:false
815 silly fetch manifest widest-line@^3.1.0
816 silly packumentCache full:https://registry.npmjs.org/widest-line cache-miss
817 http fetch GET 200 https://registry.npmjs.org/lodash.clonedeep 30ms (cache miss)
818 silly packumentCache full:https://registry.npmjs.org/lodash.clonedeep set size:undefined disposed:false
819 silly fetch manifest ansi-escapes@^4.3.2
820 silly packumentCache full:https://registry.npmjs.org/ansi-escapes cache-miss
821 http fetch GET 200 https://registry.npmjs.org/@expo%2fimage-utils 110ms (cache miss)
822 silly packumentCache full:https://registry.npmjs.org/@expo%2fimage-utils set size:undefined disposed:false
823 silly fetch manifest cli-spinners@^2.9.2
824 silly packumentCache full:https://registry.npmjs.org/cli-spinners cache-miss
825 http cache https://registry.npmjs.org/minimatch 14ms (cache hit)
826 silly packumentCache full:https://registry.npmjs.org/minimatch set size:377924 disposed:false
827 silly fetch manifest string-width@^4.2.3
828 silly packumentCache full:https://registry.npmjs.org/string-width cache-miss
829 http fetch GET 200 https://registry.npmjs.org/cross-spawn 53ms (cache miss)
830 silly packumentCache full:https://registry.npmjs.org/cross-spawn set size:undefined disposed:false
831 silly fetch manifest indent-string@^4.0.0
832 silly packumentCache full:https://registry.npmjs.org/indent-string cache-miss
833 http cache https://registry.npmjs.org/wrap-ansi 16ms (cache hit)
834 silly packumentCache full:https://registry.npmjs.org/wrap-ansi set size:57461 disposed:false
835 silly fetch manifest supports-color@^8
836 silly packumentCache full:https://registry.npmjs.org/supports-color cache-miss
837 http fetch GET 200 https://registry.npmjs.org/wordwrap 30ms (cache miss)
838 silly packumentCache full:https://registry.npmjs.org/wordwrap set size:undefined disposed:false
839 silly fetch manifest get-package-type@^0.1.0
840 silly packumentCache full:https://registry.npmjs.org/get-package-type cache-miss
841 http fetch GET 200 https://registry.npmjs.org/tinyglobby 23ms (cache miss)
842 silly packumentCache full:https://registry.npmjs.org/tinyglobby set size:undefined disposed:false
843 silly fetch manifest ejs@^3.1.10
844 silly packumentCache full:https://registry.npmjs.org/ejs cache-hit
845 silly fetch manifest ansis@^3.16.0
846 silly packumentCache full:https://registry.npmjs.org/ansis cache-miss
847 http cache https://registry.npmjs.org/indent-string 11ms (cache hit)
848 silly packumentCache full:https://registry.npmjs.org/indent-string set size:28547 disposed:false
849 silly fetch manifest debug@^4.4.1
850 silly packumentCache full:https://registry.npmjs.org/debug cache-hit
851 silly fetch manifest uri-js@^4.2.2
852 silly packumentCache full:https://registry.npmjs.org/uri-js cache-miss
853 http fetch GET 200 https://registry.npmjs.org/wsl-utils 26ms (cache miss)
854 silly packumentCache full:https://registry.npmjs.org/wsl-utils set size:undefined disposed:false
855 silly fetch manifest fast-deep-equal@^3.1.1
856 silly packumentCache full:https://registry.npmjs.org/fast-deep-equal cache-miss
857 http fetch GET 200 https://registry.npmjs.org/clean-stack 27ms (cache miss)
858 silly packumentCache full:https://registry.npmjs.org/clean-stack set size:undefined disposed:false
859 silly fetch manifest require-from-string@^2.0.2
860 silly packumentCache full:https://registry.npmjs.org/require-from-string cache-miss
861 http fetch GET 200 https://registry.npmjs.org/lilconfig 36ms (cache miss)
862 silly packumentCache full:https://registry.npmjs.org/lilconfig set size:undefined disposed:false
863 silly fetch manifest json-schema-traverse@^1.0.0
864 silly packumentCache full:https://registry.npmjs.org/json-schema-traverse cache-miss
865 http fetch GET 200 https://registry.npmjs.org/ansi-escapes 26ms (cache miss)
866 silly packumentCache full:https://registry.npmjs.org/ansi-escapes set size:undefined disposed:false
867 silly fetch manifest @sentry/core@7.77.0
868 silly packumentCache full:https://registry.npmjs.org/@sentry%2fcore cache-miss
869 http fetch GET 200 https://registry.npmjs.org/ansis 45ms (cache miss)
870 silly packumentCache full:https://registry.npmjs.org/ansis set size:undefined disposed:false
871 silly fetch manifest @sentry/types@7.77.0
872 silly packumentCache full:https://registry.npmjs.org/@sentry%2ftypes cache-miss
873 http cache https://registry.npmjs.org/fast-deep-equal 12ms (cache hit)
874 silly packumentCache full:https://registry.npmjs.org/fast-deep-equal set size:48634 disposed:false
875 silly fetch manifest @sentry/utils@7.77.0
876 silly packumentCache full:https://registry.npmjs.org/@sentry%2futils cache-miss
877 http fetch GET 200 https://registry.npmjs.org/cli-spinners 33ms (cache miss)
878 silly packumentCache full:https://registry.npmjs.org/cli-spinners set size:undefined disposed:false
879 silly fetch manifest https-proxy-agent@^5.0.0
880 silly packumentCache full:https://registry.npmjs.org/https-proxy-agent cache-miss
881 http fetch GET 200 https://registry.npmjs.org/get-package-type 25ms (cache miss)
882 silly packumentCache full:https://registry.npmjs.org/get-package-type set size:undefined disposed:false
883 silly fetch manifest @sentry-internal/tracing@7.77.0
884 silly packumentCache full:https://registry.npmjs.org/@sentry-internal%2ftracing cache-miss
885 http fetch GET 200 https://registry.npmjs.org/string-width 36ms (cache miss)
886 silly packumentCache full:https://registry.npmjs.org/string-width set size:undefined disposed:false
887 silly fetch manifest wonka@^6.3.2
888 silly packumentCache full:https://registry.npmjs.org/wonka cache-miss
889 http fetch GET 200 https://registry.npmjs.org/supports-color 35ms (cache miss)
890 silly packumentCache full:https://registry.npmjs.org/supports-color set size:undefined disposed:false
891 silly fetch manifest @0no-co/graphql.web@^1.0.1
892 silly packumentCache full:https://registry.npmjs.org/@0no-co%2fgraphql.web cache-miss
893 http fetch GET 200 https://registry.npmjs.org/uri-js 27ms (cache miss)
894 silly packumentCache full:https://registry.npmjs.org/uri-js set size:undefined disposed:false
895 silly fetch manifest wonka@^6.3.2
896 silly packumentCache full:https://registry.npmjs.org/wonka cache-miss
897 http cache https://registry.npmjs.org/https-proxy-agent 10ms (cache hit)
898 silly packumentCache full:https://registry.npmjs.org/https-proxy-agent set size:83792 disposed:false
899 silly fetch manifest open@^8.0.4
900 silly packumentCache full:https://registry.npmjs.org/open cache-miss
901 http fetch GET 200 https://registry.npmjs.org/require-from-string 27ms (cache miss)
902 silly packumentCache full:https://registry.npmjs.org/require-from-string set size:undefined disposed:false
903 silly fetch manifest big-integer@1.6.x
904 silly packumentCache full:https://registry.npmjs.org/big-integer cache-miss
905 http fetch GET 200 https://registry.npmjs.org/json-schema-traverse 29ms (cache miss)
906 silly packumentCache full:https://registry.npmjs.org/json-schema-traverse set size:undefined disposed:false
907 silly fetch manifest events@^3.3.0
908 silly packumentCache full:https://registry.npmjs.org/events cache-miss
909 http fetch GET 200 https://registry.npmjs.org/@react-native%2fnormalize-colors 146ms (cache miss)
910 silly packumentCache full:https://registry.npmjs.org/@react-native%2fnormalize-colors set size:undefined disposed:false
911 silly fetch manifest protobufjs@^7.6.0
912 silly packumentCache full:https://registry.npmjs.org/protobufjs cache-miss
913 http cache https://registry.npmjs.org/open 12ms (cache hit)
914 silly packumentCache full:https://registry.npmjs.org/open set size:140850 disposed:false
915 silly fetch manifest ansi-styles@^4.1.0
916 silly packumentCache full:https://registry.npmjs.org/ansi-styles cache-miss
917 http fetch GET 200 https://registry.npmjs.org/ansis 50ms (cache miss)
918 silly packumentCache full:https://registry.npmjs.org/ansis set size:undefined disposed:false
919 silly fetch manifest supports-color@^7.1.0
920 silly packumentCache full:https://registry.npmjs.org/supports-color cache-miss
921 http fetch GET 200 https://registry.npmjs.org/bunyan 231ms (cache miss)
922 silly packumentCache full:https://registry.npmjs.org/bunyan set size:undefined disposed:false
923 silly fetch manifest ms@^2.1.3
924 silly packumentCache full:https://registry.npmjs.org/ms cache-miss
925 http cache https://registry.npmjs.org/supports-color 10ms (cache hit)
926 silly packumentCache full:https://registry.npmjs.org/supports-color set size:124169 disposed:false
927 silly fetch manifest merge2@^1.3.0
928 silly packumentCache full:https://registry.npmjs.org/merge2 cache-miss
929 http fetch GET 200 https://registry.npmjs.org/events 29ms (cache miss)
930 silly packumentCache full:https://registry.npmjs.org/events set size:undefined disposed:false
931 silly fetch manifest micromatch@^4.0.4
932 silly packumentCache full:https://registry.npmjs.org/micromatch cache-miss
933 http fetch GET 200 https://registry.npmjs.org/big-integer 35ms (cache miss)
934 silly packumentCache full:https://registry.npmjs.org/big-integer set size:undefined disposed:false
935 silly fetch manifest glob-parent@^5.1.2
936 silly packumentCache full:https://registry.npmjs.org/glob-parent cache-miss
937 http fetch GET 200 https://registry.npmjs.org/wonka 44ms (cache miss)
938 silly packumentCache full:https://registry.npmjs.org/wonka set size:undefined disposed:false
939 silly fetch manifest @nodelib/fs.stat@^2.0.2
940 silly packumentCache full:https://registry.npmjs.org/@nodelib%2ffs.stat cache-miss
941 http fetch GET 200 https://registry.npmjs.org/wonka 46ms (cache miss)
942 silly packumentCache full:https://registry.npmjs.org/wonka set size:undefined disposed:false
943 silly fetch manifest @nodelib/fs.walk@^1.2.3
944 silly packumentCache full:https://registry.npmjs.org/@nodelib%2ffs.walk cache-miss
945 http fetch GET 200 https://registry.npmjs.org/@0no-co%2fgraphql.web 50ms (cache miss)
946 silly packumentCache full:https://registry.npmjs.org/@0no-co%2fgraphql.web set size:undefined disposed:false
947 silly fetch manifest escape-string-regexp@^1.0.5
948 silly packumentCache full:https://registry.npmjs.org/escape-string-regexp cache-miss
949 http fetch GET 200 https://registry.npmjs.org/ansi-styles 37ms (cache miss)
950 silly packumentCache full:https://registry.npmjs.org/ansi-styles set size:undefined disposed:false
951 silly fetch manifest hasown@^2.0.4
952 silly packumentCache full:https://registry.npmjs.org/hasown cache-miss
953 http fetch GET 200 https://registry.npmjs.org/xcode 357ms (cache miss)
954 silly packumentCache full:https://registry.npmjs.org/xcode set size:undefined disposed:false
955 silly fetch manifest asynckit@^0.4.0
956 silly packumentCache full:https://registry.npmjs.org/asynckit cache-miss
957 http fetch GET 200 https://registry.npmjs.org/ms 53ms (cache miss)
958 silly packumentCache full:https://registry.npmjs.org/ms set size:undefined disposed:false
959 silly fetch manifest mime-types@^2.1.35
960 silly packumentCache full:https://registry.npmjs.org/mime-types cache-miss
961 http fetch GET 200 https://registry.npmjs.org/glob-parent 45ms (cache miss)
962 silly packumentCache full:https://registry.npmjs.org/glob-parent set size:undefined disposed:false
963 silly fetch manifest combined-stream@^1.0.8
964 silly packumentCache full:https://registry.npmjs.org/combined-stream cache-miss
965 http fetch GET 200 https://registry.npmjs.org/merge2 54ms (cache miss)
966 silly packumentCache full:https://registry.npmjs.org/merge2 set size:undefined disposed:false
967 silly fetch manifest es-set-tostringtag@^2.1.0
968 silly packumentCache full:https://registry.npmjs.org/es-set-tostringtag cache-miss
969 http fetch GET 200 https://registry.npmjs.org/@sentry-internal%2ftracing 95ms (cache miss)
970 silly packumentCache full:https://registry.npmjs.org/@sentry-internal%2ftracing set size:undefined disposed:false
971 silly fetch manifest jsonfile@^6.0.1
972 silly packumentCache full:https://registry.npmjs.org/jsonfile cache-miss
973 http fetch GET 200 https://registry.npmjs.org/escape-string-regexp 45ms (cache miss)
974 silly packumentCache full:https://registry.npmjs.org/escape-string-regexp set size:undefined disposed:false
975 silly fetch manifest graceful-fs@^4.2.0
976 silly packumentCache full:https://registry.npmjs.org/graceful-fs cache-miss
977 http fetch GET 200 https://registry.npmjs.org/hasown 41ms (cache miss)
978 silly packumentCache full:https://registry.npmjs.org/hasown set size:undefined disposed:false
979 silly fetch manifest universalify@^2.0.0
980 silly packumentCache full:https://registry.npmjs.org/universalify cache-miss
981 http fetch GET 200 https://registry.npmjs.org/@nodelib%2ffs.stat 53ms (cache miss)
982 silly packumentCache full:https://registry.npmjs.org/@nodelib%2ffs.stat set size:undefined disposed:false
983 silly fetch manifest lodash.merge@^4.6.2
984 silly packumentCache full:https://registry.npmjs.org/lodash.merge cache-miss
985 http fetch GET 200 https://registry.npmjs.org/@nodelib%2ffs.walk 50ms (cache miss)
986 silly packumentCache full:https://registry.npmjs.org/@nodelib%2ffs.walk set size:undefined disposed:false
987 silly fetch manifest tslib@^2.1.0
988 silly packumentCache full:https://registry.npmjs.org/tslib cache-hit
989 silly fetch manifest agent-base@6
990 silly packumentCache full:https://registry.npmjs.org/agent-base cache-miss
991 http fetch GET 200 https://registry.npmjs.org/micromatch 65ms (cache miss)
992 silly packumentCache full:https://registry.npmjs.org/micromatch set size:undefined disposed:false
993 silly fetch manifest loose-envify@^1.0.0
994 silly packumentCache full:https://registry.npmjs.org/loose-envify cache-miss
995 http fetch GET 200 https://registry.npmjs.org/asynckit 33ms (cache miss)
996 silly packumentCache full:https://registry.npmjs.org/asynckit set size:undefined disposed:false
997 silly fetch manifest node-rsa@^1.1.1
998 silly packumentCache full:https://registry.npmjs.org/node-rsa cache-miss
999 http fetch GET 200 https://registry.npmjs.org/protobufjs 97ms (cache miss)
1000 silly packumentCache full:https://registry.npmjs.org/protobufjs set size:undefined disposed:false
1001 silly fetch manifest node-forge@^1.3.1
1002 silly packumentCache full:https://registry.npmjs.org/node-forge cache-hit
1003 silly fetch manifest node-int64@^0.4.0
1004 silly packumentCache full:https://registry.npmjs.org/node-int64 cache-miss
1005 http fetch GET 200 https://registry.npmjs.org/es-set-tostringtag 31ms (cache miss)
1006 silly packumentCache full:https://registry.npmjs.org/es-set-tostringtag set size:undefined disposed:false
1007 silly fetch manifest @hapi/hoek@^9.0.0
1008 silly packumentCache full:https://registry.npmjs.org/@hapi%2fhoek cache-miss
1009 http fetch GET 200 https://registry.npmjs.org/combined-stream 37ms (cache miss)
1010 silly packumentCache full:https://registry.npmjs.org/combined-stream set size:undefined disposed:false
1011 silly fetch manifest @hapi/topo@^5.0.0
1012 silly packumentCache full:https://registry.npmjs.org/@hapi%2ftopo cache-miss
1013 http fetch GET 200 https://registry.npmjs.org/jsonfile 32ms (cache miss)
1014 silly packumentCache full:https://registry.npmjs.org/jsonfile set size:undefined disposed:false
1015 silly fetch manifest @sideway/address@^4.1.3
1016 silly packumentCache full:https://registry.npmjs.org/@sideway%2faddress cache-miss
1017 http fetch GET 200 https://registry.npmjs.org/universalify 30ms (cache miss)
1018 silly packumentCache full:https://registry.npmjs.org/universalify set size:undefined disposed:false
1019 silly fetch manifest @sideway/formula@^3.0.1
1020 silly packumentCache full:https://registry.npmjs.org/@sideway%2fformula cache-miss
1021 http fetch GET 200 https://registry.npmjs.org/mime-types 48ms (cache miss)
1022 silly packumentCache full:https://registry.npmjs.org/mime-types set size:undefined disposed:false
1023 silly fetch manifest @sideway/pinpoint@^2.0.0
1024 silly packumentCache full:https://registry.npmjs.org/@sideway%2fpinpoint cache-miss
1025 http fetch GET 200 https://registry.npmjs.org/lodash.merge 40ms (cache miss)
1026 silly packumentCache full:https://registry.npmjs.org/lodash.merge set size:undefined disposed:false
1027 silly fetch manifest is-unicode-supported@^0.1.0
1028 silly packumentCache full:https://registry.npmjs.org/is-unicode-supported cache-miss
1029 http fetch GET 200 https://registry.npmjs.org/graceful-fs 45ms (cache miss)
1030 silly packumentCache full:https://registry.npmjs.org/graceful-fs set size:undefined disposed:false
1031 silly fetch manifest brace-expansion@^2.0.1
1032 silly packumentCache full:https://registry.npmjs.org/brace-expansion cache-miss
1033 http fetch GET 200 https://registry.npmjs.org/agent-base 44ms (cache miss)
1034 silly packumentCache full:https://registry.npmjs.org/agent-base set size:undefined disposed:false
1035 silly fetch manifest minipass@^7.1.2
1036 silly packumentCache full:https://registry.npmjs.org/minipass cache-miss
1037 http fetch GET 200 https://registry.npmjs.org/loose-envify 39ms (cache miss)
1038 silly packumentCache full:https://registry.npmjs.org/loose-envify set size:undefined disposed:false
1039 silly fetch manifest whatwg-url@^5.0.0
1040 silly packumentCache full:https://registry.npmjs.org/whatwg-url cache-miss
1041 http fetch GET 200 https://registry.npmjs.org/widest-line 196ms (cache miss)
1042 silly packumentCache full:https://registry.npmjs.org/widest-line set size:undefined disposed:false
1043 silly fetch manifest is-wsl@^2.2.0
1044 silly packumentCache full:https://registry.npmjs.org/is-wsl cache-miss
1045 http fetch GET 200 https://registry.npmjs.org/node-int64 33ms (cache miss)
1046 silly packumentCache full:https://registry.npmjs.org/node-int64 set size:undefined disposed:false
1047 silly fetch manifest is-docker@^2.1.1
1048 silly packumentCache full:https://registry.npmjs.org/is-docker cache-miss
1049 http fetch GET 200 https://registry.npmjs.org/@sentry%2futils 166ms (cache miss)
1050 silly packumentCache full:https://registry.npmjs.org/@sentry%2futils set size:undefined disposed:false
1051 silly fetch manifest define-lazy-prop@^2.0.0
1052 silly packumentCache full:https://registry.npmjs.org/define-lazy-prop cache-miss
1053 http fetch GET 200 https://registry.npmjs.org/@hapi%2ftopo 39ms (cache miss)
1054 silly packumentCache full:https://registry.npmjs.org/@hapi%2ftopo set size:undefined disposed:false
1055 silly fetch manifest wcwidth@^1.0.1
1056 silly packumentCache full:https://registry.npmjs.org/wcwidth cache-miss
1057 http fetch GET 200 https://registry.npmjs.org/@sentry%2ftypes 181ms (cache miss)
1058 silly packumentCache full:https://registry.npmjs.org/@sentry%2ftypes set size:undefined disposed:false
1059 silly fetch manifest cli-cursor@^3.1.0
1060 silly packumentCache full:https://registry.npmjs.org/cli-cursor cache-miss
1061 http fetch GET 200 https://registry.npmjs.org/@sideway%2fformula 46ms (cache miss)
1062 silly packumentCache full:https://registry.npmjs.org/@sideway%2fformula set size:undefined disposed:false
1063 silly fetch manifest strip-ansi@^6.0.0
1064 silly packumentCache full:https://registry.npmjs.org/strip-ansi cache-miss
1065 http fetch GET 200 https://registry.npmjs.org/@hapi%2fhoek 52ms (cache miss)
1066 silly packumentCache full:https://registry.npmjs.org/@hapi%2fhoek set size:undefined disposed:false
1067 silly fetch manifest mute-stream@0.0.8
1068 silly packumentCache full:https://registry.npmjs.org/mute-stream cache-miss
1069 http fetch GET 200 https://registry.npmjs.org/@sideway%2faddress 50ms (cache miss)
1070 silly packumentCache full:https://registry.npmjs.org/@sideway%2faddress set size:undefined disposed:false
1071 silly fetch manifest cli-spinners@^2.4.0
1072 silly packumentCache full:https://registry.npmjs.org/cli-spinners cache-miss
1073 http fetch GET 200 https://registry.npmjs.org/@sideway%2fpinpoint 47ms (cache miss)
1074 silly packumentCache full:https://registry.npmjs.org/@sideway%2fpinpoint set size:undefined disposed:false
1075 silly fetch manifest is-interactive@^1.0.0
1076 silly packumentCache full:https://registry.npmjs.org/is-interactive cache-miss
1077 http fetch GET 200 https://registry.npmjs.org/brace-expansion 39ms (cache miss)
1078 silly packumentCache full:https://registry.npmjs.org/brace-expansion set size:undefined disposed:false
1079 silly fetch manifest find-up@^4.0.0
1080 silly packumentCache full:https://registry.npmjs.org/find-up cache-miss
1081 http fetch GET 200 https://registry.npmjs.org/is-unicode-supported 42ms (cache miss)
1082 silly packumentCache full:https://registry.npmjs.org/is-unicode-supported set size:undefined disposed:false
1083 silly fetch manifest err-code@^2.0.2
1084 silly packumentCache full:https://registry.npmjs.org/err-code cache-miss
1085 http fetch GET 200 https://registry.npmjs.org/is-wsl 36ms (cache miss)
1086 silly packumentCache full:https://registry.npmjs.org/is-wsl set size:undefined disposed:false
1087 silly fetch manifest retry@^0.12.0
1088 silly packumentCache full:https://registry.npmjs.org/retry cache-miss
1089 http fetch GET 200 https://registry.npmjs.org/@sentry%2fcore 205ms (cache miss)
1090 silly packumentCache full:https://registry.npmjs.org/@sentry%2fcore set size:undefined disposed:false
1091 silly fetch manifest kleur@^3.0.3
1092 silly packumentCache full:https://registry.npmjs.org/kleur cache-miss
1093 http fetch GET 200 https://registry.npmjs.org/is-docker 57ms (cache miss)
1094 silly packumentCache full:https://registry.npmjs.org/is-docker set size:undefined disposed:false
1095 silly fetch manifest sisteransi@^1.0.5
1096 silly packumentCache full:https://registry.npmjs.org/sisteransi cache-miss
1097 http cache https://registry.npmjs.org/cli-spinners 32ms (cache hit)
1098 silly packumentCache full:https://registry.npmjs.org/cli-spinners set size:67473 disposed:false
1099 silly fetch manifest lru-cache@^6.0.0
1100 silly packumentCache full:https://registry.npmjs.org/lru-cache cache-miss
1101 http fetch GET 200 https://registry.npmjs.org/minipass 67ms (cache miss)
1102 silly packumentCache full:https://registry.npmjs.org/minipass set size:undefined disposed:false
1103 silly fetch manifest chownr@^3.0.0
1104 silly packumentCache full:https://registry.npmjs.org/chownr cache-miss
1105 http fetch GET 200 https://registry.npmjs.org/define-lazy-prop 55ms (cache miss)
1106 silly packumentCache full:https://registry.npmjs.org/define-lazy-prop set size:undefined disposed:false
1107 silly fetch manifest yallist@^5.0.0
1108 silly packumentCache full:https://registry.npmjs.org/yallist cache-miss
1109 http fetch GET 200 https://registry.npmjs.org/wcwidth 51ms (cache miss)
1110 silly packumentCache full:https://registry.npmjs.org/wcwidth set size:undefined disposed:false
1111 silly fetch manifest @isaacs/fs-minipass@^4.0.0
1112 silly packumentCache full:https://registry.npmjs.org/@isaacs%2ffs-minipass cache-miss
1113 http fetch GET 200 https://registry.npmjs.org/whatwg-url 70ms (cache miss)
1114 silly packumentCache full:https://registry.npmjs.org/whatwg-url set size:undefined disposed:false
1115 silly fetch manifest b4a@^1.6.4
1116 silly packumentCache full:https://registry.npmjs.org/b4a cache-miss
1117 http fetch GET 200 https://registry.npmjs.org/strip-ansi 44ms (cache miss)
1118 silly packumentCache full:https://registry.npmjs.org/strip-ansi set size:undefined disposed:false
1119 silly fetch manifest streamx@^2.15.0
1120 silly packumentCache full:https://registry.npmjs.org/streamx cache-miss
1121 http fetch GET 200 https://registry.npmjs.org/mute-stream 43ms (cache miss)
1122 silly packumentCache full:https://registry.npmjs.org/mute-stream set size:undefined disposed:false
1123 silly fetch manifest fast-fifo@^1.2.0
1124 silly packumentCache full:https://registry.npmjs.org/fast-fifo cache-miss
1125 http fetch GET 200 https://registry.npmjs.org/is-interactive 42ms (cache miss)
1126 silly packumentCache full:https://registry.npmjs.org/is-interactive set size:undefined disposed:false
1127 silly fetch manifest ansi-escapes@^4.2.1
1128 silly packumentCache full:https://registry.npmjs.org/ansi-escapes cache-miss
1129 http fetch GET 200 https://registry.npmjs.org/err-code 39ms (cache miss)
1130 silly packumentCache full:https://registry.npmjs.org/err-code set size:undefined disposed:false
1131 silly fetch manifest supports-hyperlinks@^2.0.0
1132 silly packumentCache full:https://registry.npmjs.org/supports-hyperlinks cache-miss
1133 http fetch GET 200 https://registry.npmjs.org/cli-cursor 52ms (cache miss)
1134 silly packumentCache full:https://registry.npmjs.org/cli-cursor set size:undefined disposed:false
1135 silly fetch manifest domino@^2.1.6
1136 silly packumentCache full:https://registry.npmjs.org/domino cache-miss
1137 http fetch GET 200 https://registry.npmjs.org/find-up 45ms (cache miss)
1138 silly packumentCache full:https://registry.npmjs.org/find-up set size:undefined disposed:false
1139 silly fetch manifest ansi-styles@^4.0.0
1140 silly packumentCache full:https://registry.npmjs.org/ansi-styles cache-miss
1141 http fetch GET 200 https://registry.npmjs.org/sisteransi 21ms (cache miss)
1142 silly packumentCache full:https://registry.npmjs.org/sisteransi set size:undefined disposed:false
1143 silly fetch manifest string-width@^4.1.0
1144 silly packumentCache full:https://registry.npmjs.org/string-width cache-miss
1145 http cache https://registry.npmjs.org/ansi-escapes 8ms (cache hit)
1146 silly packumentCache full:https://registry.npmjs.org/ansi-escapes set size:70915 disposed:false
1147 http fetch GET 200 https://registry.npmjs.org/retry 44ms (cache miss)
1148 silly packumentCache full:https://registry.npmjs.org/retry set size:undefined disposed:false
1149 http fetch GET 200 https://registry.npmjs.org/kleur 34ms (cache miss)
1150 silly packumentCache full:https://registry.npmjs.org/kleur set size:undefined disposed:false
1151 http cache https://registry.npmjs.org/ansi-styles 6ms (cache hit)
1152 silly packumentCache full:https://registry.npmjs.org/ansi-styles set size:71772 disposed:false
1153 http fetch GET 200 https://registry.npmjs.org/chownr 22ms (cache miss)
1154 silly packumentCache full:https://registry.npmjs.org/chownr set size:undefined disposed:false
1155 http cache https://registry.npmjs.org/string-width 8ms (cache hit)
1156 silly packumentCache full:https://registry.npmjs.org/string-width set size:72458 disposed:false
1157 http fetch GET 200 https://registry.npmjs.org/b4a 25ms (cache miss)
1158 silly packumentCache full:https://registry.npmjs.org/b4a set size:undefined disposed:false
1159 http fetch GET 200 https://registry.npmjs.org/fast-fifo 23ms (cache miss)
1160 silly packumentCache full:https://registry.npmjs.org/fast-fifo set size:undefined disposed:false
1161 http fetch GET 200 https://registry.npmjs.org/yallist 31ms (cache miss)
1162 silly packumentCache full:https://registry.npmjs.org/yallist set size:undefined disposed:false
1163 http fetch GET 200 https://registry.npmjs.org/supports-hyperlinks 24ms (cache miss)
1164 silly packumentCache full:https://registry.npmjs.org/supports-hyperlinks set size:undefined disposed:false
1165 http fetch GET 200 https://registry.npmjs.org/streamx 29ms (cache miss)
1166 silly packumentCache full:https://registry.npmjs.org/streamx set size:undefined disposed:false
1167 http fetch GET 200 https://registry.npmjs.org/lru-cache 39ms (cache miss)
1168 silly packumentCache full:https://registry.npmjs.org/lru-cache set size:undefined disposed:false
1169 http fetch GET 200 https://registry.npmjs.org/domino 29ms (cache miss)
1170 silly packumentCache full:https://registry.npmjs.org/domino set size:undefined disposed:false
1171 http fetch GET 200 https://registry.npmjs.org/@isaacs%2ffs-minipass 43ms (cache miss)
1172 silly packumentCache full:https://registry.npmjs.org/@isaacs%2ffs-minipass set size:undefined disposed:false
1173 http fetch GET 200 https://registry.npmjs.org/node-rsa 188ms (cache miss)
1174 silly packumentCache full:https://registry.npmjs.org/node-rsa set size:undefined disposed:false
1175 silly fetch manifest typescript@^5.0.0 || ^5.0.0-0
1176 silly packumentCache full:https://registry.npmjs.org/typescript cache-miss
1177 http fetch GET 200 https://registry.npmjs.org/typescript 230ms (cache miss)
1178 silly packumentCache full:https://registry.npmjs.org/typescript set size:undefined disposed:false
1179 silly placeDep ROOT @expo/config-types@55.0.6 OK for: @expo/config@55.0.10 want: ^55.0.5
1180 silly placeDep node_modules/@expo/config @expo/json-file@10.2.0 OK for: @expo/config@55.0.10 want: ^10.0.12
1181 silly placeDep ROOT @expo/require-utils@55.0.8 OK for: @expo/config@55.0.10 want: ^55.0.3
1182 silly placeDep ROOT deepmerge@4.3.1 OK for: @expo/config@55.0.10 want: ^4.3.1
1183 silly placeDep node_modules/@expo/config getenv@2.0.0 OK for: @expo/config@55.0.10 want: ^2.0.0
1184 silly placeDep ROOT glob@13.0.6 OK for: @expo/config@55.0.10 want: ^13.0.0
1185 silly placeDep ROOT resolve-workspace-root@2.0.1 OK for: @expo/config@55.0.10 want: ^2.0.0
1186 silly placeDep node_modules/@expo/config semver@7.8.5 OK for: @expo/config@55.0.10 want: ^7.6.0
1187 silly placeDep ROOT slugify@1.6.9 OK for: @expo/config@55.0.10 want: ^1.3.4
1188 silly fetch manifest json5@^2.2.3
1189 silly packumentCache full:https://registry.npmjs.org/json5 cache-miss
1190 silly fetch manifest @babel/code-frame@^7.20.0
1191 silly packumentCache full:https://registry.npmjs.org/@babel%2fcode-frame cache-miss
1192 silly fetch manifest @babel/core@^7.25.2
1193 silly packumentCache full:https://registry.npmjs.org/@babel%2fcore cache-miss
1194 silly fetch manifest @babel/code-frame@^7.20.0
1195 silly packumentCache full:https://registry.npmjs.org/@babel%2fcode-frame cache-miss
1196 silly fetch manifest @babel/plugin-transform-modules-commonjs@^7.24.8
1197 silly packumentCache full:https://registry.npmjs.org/@babel%2fplugin-transform-modules-commonjs cache-miss
1198 silly fetch manifest minimatch@^10.2.2
1199 silly packumentCache full:https://registry.npmjs.org/minimatch cache-hit
1200 silly fetch manifest minipass@^7.1.3
1201 silly packumentCache full:https://registry.npmjs.org/minipass cache-miss
1202 silly fetch manifest path-scurry@^2.0.2
1203 silly packumentCache full:https://registry.npmjs.org/path-scurry cache-miss
1204 http cache https://registry.npmjs.org/@babel%2fcode-frame 7ms (cache hit)
1205 silly packumentCache full:https://registry.npmjs.org/@babel%2fcode-frame set size:206617 disposed:false
1206 http cache https://registry.npmjs.org/json5 10ms (cache hit)
1207 silly packumentCache full:https://registry.npmjs.org/json5 set size:86136 disposed:false
1208 http cache https://registry.npmjs.org/@babel%2fcode-frame 10ms (cache hit)
1209 silly packumentCache full:https://registry.npmjs.org/@babel%2fcode-frame set size:206617 disposed:false
1210 silly packumentCache full:https://registry.npmjs.org/@babel%2fcode-frame dispose
1211 http cache https://registry.npmjs.org/minipass 12ms (cache hit)
1212 silly packumentCache full:https://registry.npmjs.org/minipass set size:276925 disposed:false
1213 http fetch GET 200 https://registry.npmjs.org/path-scurry 25ms (cache miss)
1214 silly packumentCache full:https://registry.npmjs.org/path-scurry set size:undefined disposed:false
1215 http fetch GET 200 https://registry.npmjs.org/@babel%2fplugin-transform-modules-commonjs 29ms (cache miss)
1216 silly packumentCache full:https://registry.npmjs.org/@babel%2fplugin-transform-modules-commonjs set size:undefined disposed:false
1217 http fetch GET 200 https://registry.npmjs.org/@babel%2fcore 50ms (cache miss)
1218 silly packumentCache full:https://registry.npmjs.org/@babel%2fcore set size:undefined disposed:false
1219 silly placeDep node_modules/@expo/config-plugins @expo/json-file@10.0.16 OK for: @expo/config-plugins@55.0.7 want: ~10.0.12
1220 silly placeDep node_modules/@expo/config-plugins @expo/plist@0.5.4 OK for: @expo/config-plugins@55.0.7 want: ^0.5.2
1221 silly placeDep ROOT @expo/sdk-runtime-versions@1.0.0 OK for: @expo/config-plugins@55.0.7 want: ^1.0.0
1222 silly placeDep node_modules/@expo/config-plugins getenv@2.0.0 OK for: @expo/config-plugins@55.0.7 want: ^2.0.0
1223 silly placeDep ROOT xcode@3.0.1 OK for: @expo/config-plugins@55.0.7 want: ^3.0.1
1224 silly placeDep ROOT xml2js@0.6.0 OK for: @expo/config-plugins@55.0.7 want: 0.6.0
1225 silly fetch manifest base64-js@^1.5.1
1226 silly packumentCache full:https://registry.npmjs.org/base64-js cache-miss
1227 silly fetch manifest uuid@^7.0.3
1228 silly packumentCache full:https://registry.npmjs.org/uuid cache-hit
1229 silly fetch manifest simple-plist@^1.1.0
1230 silly packumentCache full:https://registry.npmjs.org/simple-plist cache-miss
1231 silly fetch manifest sax@>=0.6.0
1232 silly packumentCache full:https://registry.npmjs.org/sax cache-miss
1233 silly fetch manifest xmlbuilder@~11.0.0
1234 silly packumentCache full:https://registry.npmjs.org/xmlbuilder cache-miss
1235 http cache https://registry.npmjs.org/xmlbuilder 3ms (cache hit)
1236 silly packumentCache full:https://registry.npmjs.org/xmlbuilder set size:158707 disposed:false
1237 http cache https://registry.npmjs.org/base64-js 5ms (cache hit)
1238 silly packumentCache full:https://registry.npmjs.org/base64-js set size:41270 disposed:false
1239 http fetch GET 200 https://registry.npmjs.org/sax 19ms (cache miss)
1240 silly packumentCache full:https://registry.npmjs.org/sax set size:undefined disposed:false
1241 http fetch GET 200 https://registry.npmjs.org/simple-plist 31ms (cache miss)
1242 silly packumentCache full:https://registry.npmjs.org/simple-plist set size:undefined disposed:false
1243 silly placeDep ROOT @expo/turtle-spawn@23.1.0 OK for: @expo/eas-build-job@23.1.0 want: 23.1.0
1244 silly placeDep node_modules/@expo/eas-build-job joi@17.13.6 OK for: @expo/eas-build-job@23.1.0 want: ^17.13.1
1245 silly placeDep node_modules/@expo/eas-build-job semver@7.8.5 OK for: @expo/eas-build-job@23.1.0 want: ^7.6.2
1246 silly fetch manifest @hapi/hoek@^9.3.0
1247 silly packumentCache full:https://registry.npmjs.org/@hapi%2fhoek cache-miss
1248 silly fetch manifest @hapi/topo@^5.1.0
1249 silly packumentCache full:https://registry.npmjs.org/@hapi%2ftopo cache-miss
1250 silly fetch manifest @sideway/address@^4.1.5
1251 silly packumentCache full:https://registry.npmjs.org/@sideway%2faddress cache-miss
1252 http cache https://registry.npmjs.org/@hapi%2fhoek 4ms (cache hit)
1253 silly packumentCache full:https://registry.npmjs.org/@hapi%2fhoek set size:122440 disposed:false
1254 http cache https://registry.npmjs.org/@hapi%2ftopo 3ms (cache hit)
1255 silly packumentCache full:https://registry.npmjs.org/@hapi%2ftopo set size:37256 disposed:false
1256 http cache https://registry.npmjs.org/@sideway%2faddress 4ms (cache hit)
1257 silly packumentCache full:https://registry.npmjs.org/@sideway%2faddress set size:18241 disposed:false
1258 silly placeDep ROOT @babel/code-frame@7.23.5 OK for: @expo/eas-json@23.1.0 want: 7.23.5
1259 silly placeDep ROOT env-string@1.0.1 OK for: @expo/eas-json@23.1.0 want: 1.0.1
1260 silly placeDep ROOT golden-fleece@1.0.9 OK for: @expo/eas-json@23.1.0 want: 1.0.9
1261 silly placeDep node_modules/@expo/eas-json semver@7.5.2 OK for: @expo/eas-json@23.1.0 want: 7.5.2
1262 silly placeDep node_modules/@expo/eas-json tslib@2.4.1 OK for: @expo/eas-json@23.1.0 want: 2.4.1
1263 silly fetch manifest chalk@^2.4.2
1264 silly packumentCache full:https://registry.npmjs.org/chalk cache-hit
1265 silly fetch manifest @babel/highlight@^7.23.4
1266 silly packumentCache full:https://registry.npmjs.org/@babel%2fhighlight cache-miss
1267 http fetch GET 200 https://registry.npmjs.org/@babel%2fhighlight 25ms (cache miss)
1268 silly packumentCache full:https://registry.npmjs.org/@babel%2fhighlight set size:undefined disposed:false
1269 silly placeDep ROOT @babel/highlight@7.25.9 OK for: @babel/code-frame@7.23.5 want: ^7.23.4
1270 silly placeDep node_modules/@babel/code-frame chalk@2.4.2 OK for: @babel/code-frame@7.23.5 want: ^2.4.2
1271 silly fetch manifest @babel/helper-validator-identifier@^7.25.9
1272 silly packumentCache full:https://registry.npmjs.org/@babel%2fhelper-validator-identifier cache-miss
1273 silly fetch manifest js-tokens@^4.0.0
1274 silly packumentCache full:https://registry.npmjs.org/js-tokens cache-miss
1275 silly fetch manifest picocolors@^1.0.0
1276 silly packumentCache full:https://registry.npmjs.org/picocolors cache-miss
1277 silly fetch manifest ansi-styles@^3.2.1
1278 silly packumentCache full:https://registry.npmjs.org/ansi-styles cache-hit
1279 silly fetch manifest supports-color@^5.3.0
1280 silly packumentCache full:https://registry.npmjs.org/supports-color cache-hit
1281 http fetch GET 200 https://registry.npmjs.org/js-tokens 18ms (cache miss)
1282 silly packumentCache full:https://registry.npmjs.org/js-tokens set size:undefined disposed:false
1283 http fetch GET 200 https://registry.npmjs.org/picocolors 26ms (cache miss)
1284 silly packumentCache full:https://registry.npmjs.org/picocolors set size:undefined disposed:false
1285 http fetch GET 200 https://registry.npmjs.org/@babel%2fhelper-validator-identifier 27ms (cache miss)
1286 silly packumentCache full:https://registry.npmjs.org/@babel%2fhelper-validator-identifier set size:undefined disposed:false
1287 silly placeDep ROOT @babel/helper-validator-identifier@7.29.7 OK for: @babel/highlight@7.25.9 want: ^7.25.9
1288 silly placeDep node_modules/@babel/highlight chalk@2.4.2 OK for: @babel/highlight@7.25.9 want: ^2.4.2
1289 silly placeDep ROOT js-tokens@4.0.0 OK for: @babel/highlight@7.25.9 want: ^4.0.0
1290 silly placeDep ROOT picocolors@1.1.1 OK for: @babel/highlight@7.25.9 want: ^1.0.0
1291 silly placeDep node_modules/@expo/env dotenv@16.4.7 OK for: @expo/env@1.0.7 want: ~16.4.5
1292 silly placeDep ROOT dotenv-expand@11.0.7 OK for: @expo/env@1.0.7 want: ~11.0.6
1293 silly placeDep node_modules/@expo/env getenv@2.0.0 OK for: @expo/env@1.0.7 want: ^2.0.0
1294 silly fetch manifest dotenv@^16.4.5
1295 silly packumentCache full:https://registry.npmjs.org/dotenv cache-hit
1296 silly placeDep node_modules/@expo/json-file @babel/code-frame@7.10.4 OK for: @expo/json-file@8.3.3 want: ~7.10.4
1297 silly placeDep ROOT json5@2.2.3 OK for: @expo/json-file@8.3.3 want: ^2.2.2
1298 silly placeDep ROOT write-file-atomic@2.4.3 OK for: @expo/json-file@8.3.3 want: ^2.3.0
1299 silly fetch manifest graceful-fs@^4.1.11
1300 silly packumentCache full:https://registry.npmjs.org/graceful-fs cache-miss
1301 silly fetch manifest imurmurhash@^0.1.4
1302 silly packumentCache full:https://registry.npmjs.org/imurmurhash cache-miss
1303 silly fetch manifest signal-exit@^3.0.2
1304 silly packumentCache full:https://registry.npmjs.org/signal-exit cache-miss
1305 http cache https://registry.npmjs.org/graceful-fs 3ms (cache hit)
1306 silly packumentCache full:https://registry.npmjs.org/graceful-fs set size:124285 disposed:false
1307 http fetch GET 200 https://registry.npmjs.org/imurmurhash 18ms (cache miss)
1308 silly packumentCache full:https://registry.npmjs.org/imurmurhash set size:undefined disposed:false
1309 http fetch GET 200 https://registry.npmjs.org/signal-exit 19ms (cache miss)
1310 silly packumentCache full:https://registry.npmjs.org/signal-exit set size:undefined disposed:false
1311 silly placeDep ROOT @types/bunyan@1.8.11 OK for: @expo/logger@23.1.0 want: ^1.8.11
1312 silly placeDep ROOT bunyan@1.8.15 OK for: @expo/logger@23.1.0 want: ^1.8.15
1313 silly fetch manifest @types/node@*
1314 silly packumentCache full:https://registry.npmjs.org/@types%2fnode cache-miss
1315 silly fetch manifest mv@~2
1316 silly packumentCache full:https://registry.npmjs.org/mv cache-miss
1317 silly fetch manifest moment@^2.19.3
1318 silly packumentCache full:https://registry.npmjs.org/moment cache-miss
1319 silly fetch manifest dtrace-provider@~0.8
1320 silly packumentCache full:https://registry.npmjs.org/dtrace-provider cache-miss
1321 silly fetch manifest safe-json-stringify@~1
1322 silly packumentCache full:https://registry.npmjs.org/safe-json-stringify cache-miss
1323 http fetch GET 200 https://registry.npmjs.org/dtrace-provider 19ms (cache miss)
1324 silly packumentCache full:https://registry.npmjs.org/dtrace-provider set size:undefined disposed:false
1325 http fetch GET 200 https://registry.npmjs.org/moment 25ms (cache miss)
1326 silly packumentCache full:https://registry.npmjs.org/moment set size:undefined disposed:false
1327 http fetch GET 200 https://registry.npmjs.org/mv 27ms (cache miss)
1328 silly packumentCache full:https://registry.npmjs.org/mv set size:undefined disposed:false
1329 http fetch GET 200 https://registry.npmjs.org/@types%2fnode 161ms (cache miss)
1330 silly packumentCache full:https://registry.npmjs.org/@types%2fnode set size:undefined disposed:false
1331 http fetch GET 200 https://registry.npmjs.org/safe-json-stringify 209ms (cache miss)
1332 silly packumentCache full:https://registry.npmjs.org/safe-json-stringify set size:undefined disposed:false
1333 silly placeDep ROOT multipasta@0.2.8 OK for: @expo/multipart-body-parser@2.0.0 want: ^0.2.5
1334 silly placeDep ROOT exec-async@2.2.0 OK for: @expo/osascript@2.1.4 want: ^2.2.0
1335 silly placeDep node_modules/@expo/package-manager @expo/json-file@10.2.0 OK for: @expo/package-manager@1.9.10 want: ^10.0.8
1336 silly placeDep ROOT npm-package-arg@11.0.3 OK for: @expo/package-manager@1.9.10 want: ^11.0.0
1337 silly placeDep node_modules/@expo/package-manager ora@3.4.0 OK for: @expo/package-manager@1.9.10 want: ^3.4.0
1338 silly fetch manifest proc-log@^4.0.0
1339 silly packumentCache full:https://registry.npmjs.org/proc-log cache-miss
1340 silly fetch manifest hosted-git-info@^7.0.0
1341 silly packumentCache full:https://registry.npmjs.org/hosted-git-info cache-miss
1342 silly fetch manifest validate-npm-package-name@^5.0.0
1343 silly packumentCache full:https://registry.npmjs.org/validate-npm-package-name cache-miss
1344 silly fetch manifest cli-cursor@^2.1.0
1345 silly packumentCache full:https://registry.npmjs.org/cli-cursor cache-miss
1346 silly fetch manifest strip-ansi@^5.2.0
1347 silly packumentCache full:https://registry.npmjs.org/strip-ansi cache-miss
1348 silly fetch manifest log-symbols@^2.2.0
1349 silly packumentCache full:https://registry.npmjs.org/log-symbols cache-miss
1350 silly fetch manifest cli-spinners@^2.0.0
1351 silly packumentCache full:https://registry.npmjs.org/cli-spinners cache-hit
1352 http cache https://registry.npmjs.org/strip-ansi 4ms (cache hit)
1353 silly packumentCache full:https://registry.npmjs.org/strip-ansi set size:44998 disposed:false
1354 http cache https://registry.npmjs.org/cli-cursor 5ms (cache hit)
1355 silly packumentCache full:https://registry.npmjs.org/cli-cursor set size:18913 disposed:false
1356 http cache https://registry.npmjs.org/log-symbols 5ms (cache hit)
1357 silly packumentCache full:https://registry.npmjs.org/log-symbols set size:31977 disposed:false
1358 http fetch GET 200 https://registry.npmjs.org/proc-log 18ms (cache miss)
1359 silly packumentCache full:https://registry.npmjs.org/proc-log set size:undefined disposed:false
1360 http fetch GET 200 https://registry.npmjs.org/validate-npm-package-name 19ms (cache miss)
1361 silly packumentCache full:https://registry.npmjs.org/validate-npm-package-name set size:undefined disposed:false
1362 http fetch GET 200 https://registry.npmjs.org/hosted-git-info 29ms (cache miss)
1363 silly packumentCache full:https://registry.npmjs.org/hosted-git-info set size:undefined disposed:false
1364 silly placeDep ROOT @xmldom/xmldom@0.8.15 OK for: @expo/plist@0.3.5 want: ^0.8.8
1365 silly placeDep ROOT base64-js@1.5.1 OK for: @expo/plist@0.3.5 want: ^1.2.3
1366 silly placeDep ROOT xmlbuilder@15.1.1 OK for: @expo/plist@0.3.5 want: ^15.1.1
1367 silly placeDep node_modules/@expo/plugin-help @oclif/core@2.16.0 OK for: @expo/plugin-help@5.1.23 want: ^2.11.1
1368 silly fetch manifest ejs@^3.1.8
1369 silly packumentCache full:https://registry.npmjs.org/ejs cache-hit
1370 silly fetch manifest globby@^11.1.0
1371 silly packumentCache full:https://registry.npmjs.org/globby cache-miss
1372 silly fetch manifest js-yaml@^3.14.1
1373 silly packumentCache full:https://registry.npmjs.org/js-yaml cache-miss
1374 silly fetch manifest ts-node@^10.9.1
1375 silly packumentCache full:https://registry.npmjs.org/ts-node cache-miss
1376 silly fetch manifest cardinal@^2.1.1
1377 silly packumentCache full:https://registry.npmjs.org/cardinal cache-miss
1378 silly fetch manifest slice-ansi@^4.0.0
1379 silly packumentCache full:https://registry.npmjs.org/slice-ansi cache-miss
1380 silly fetch manifest strip-ansi@^6.0.1
1381 silly packumentCache full:https://registry.npmjs.org/strip-ansi cache-hit
1382 silly fetch manifest ansi-styles@^4.3.0
1383 silly packumentCache full:https://registry.npmjs.org/ansi-styles cache-hit
1384 silly fetch manifest hyperlinker@^1.0.0
1385 silly packumentCache full:https://registry.npmjs.org/hyperlinker cache-miss
1386 silly fetch manifest object-treeify@^1.1.33
1387 silly packumentCache full:https://registry.npmjs.org/object-treeify cache-miss
1388 silly fetch manifest supports-color@^8.1.1
1389 silly packumentCache full:https://registry.npmjs.org/supports-color cache-hit
1390 silly fetch manifest natural-orderby@^2.0.3
1391 silly packumentCache full:https://registry.npmjs.org/natural-orderby cache-miss
1392 silly fetch manifest password-prompt@^1.1.2
1393 silly packumentCache full:https://registry.npmjs.org/password-prompt cache-miss
1394 silly fetch manifest @types/cli-progress@^3.11.0
1395 silly packumentCache full:https://registry.npmjs.org/@types%2fcli-progress cache-miss
1396 silly fetch manifest supports-hyperlinks@^2.2.0
1397 silly packumentCache full:https://registry.npmjs.org/supports-hyperlinks cache-miss
1398 http cache https://registry.npmjs.org/supports-hyperlinks 4ms (cache hit)
1399 silly packumentCache full:https://registry.npmjs.org/supports-hyperlinks set size:38477 disposed:false
1400 http fetch GET 200 https://registry.npmjs.org/hyperlinker 18ms (cache miss)
1401 silly packumentCache full:https://registry.npmjs.org/hyperlinker set size:undefined disposed:false
1402 http fetch GET 200 https://registry.npmjs.org/password-prompt 20ms (cache miss)
1403 silly packumentCache full:https://registry.npmjs.org/password-prompt set size:undefined disposed:false
1404 http fetch GET 200 https://registry.npmjs.org/js-yaml 22ms (cache miss)
1405 silly packumentCache full:https://registry.npmjs.org/js-yaml set size:undefined disposed:false
1406 http fetch GET 200 https://registry.npmjs.org/cardinal 28ms (cache miss)
1407 silly packumentCache full:https://registry.npmjs.org/cardinal set size:undefined disposed:false
1408 http fetch GET 200 https://registry.npmjs.org/natural-orderby 28ms (cache miss)
1409 silly packumentCache full:https://registry.npmjs.org/natural-orderby set size:undefined disposed:false
1410 http fetch GET 200 https://registry.npmjs.org/object-treeify 30ms (cache miss)
1411 silly packumentCache full:https://registry.npmjs.org/object-treeify set size:undefined disposed:false
1412 http fetch GET 200 https://registry.npmjs.org/globby 35ms (cache miss)
1413 silly packumentCache full:https://registry.npmjs.org/globby set size:undefined disposed:false
1414 http fetch GET 200 https://registry.npmjs.org/@types%2fcli-progress 36ms (cache miss)
1415 silly packumentCache full:https://registry.npmjs.org/@types%2fcli-progress set size:undefined disposed:false
1416 http fetch GET 200 https://registry.npmjs.org/slice-ansi 38ms (cache miss)
1417 silly packumentCache full:https://registry.npmjs.org/slice-ansi set size:undefined disposed:false
1418 http fetch GET 200 https://registry.npmjs.org/ts-node 39ms (cache miss)
1419 silly packumentCache full:https://registry.npmjs.org/ts-node set size:undefined disposed:false
1420 silly placeDep node_modules/@expo/plugin-warn-if-update-available @oclif/core@2.16.0 OK for: @expo/plugin-warn-if-update-available@2.5.1 want: ^2.11.1
1421 silly placeDep ROOT ejs@3.1.10 OK for: @expo/plugin-warn-if-update-available@2.5.1 want: ^3.1.7
1422 silly placeDep node_modules/@expo/plugin-warn-if-update-available fs-extra@10.1.0 OK for: @expo/plugin-warn-if-update-available@2.5.1 want: ^10.1.0
1423 silly placeDep ROOT http-call@5.3.0 OK for: @expo/plugin-warn-if-update-available@2.5.1 want: ^5.2.2
1424 silly fetch manifest jake@^10.8.5
1425 silly packumentCache full:https://registry.npmjs.org/jake cache-miss
1426 silly fetch manifest is-stream@^2.0.0
1427 silly packumentCache full:https://registry.npmjs.org/is-stream cache-miss
1428 silly fetch manifest parse-json@^4.0.0
1429 silly packumentCache full:https://registry.npmjs.org/parse-json cache-miss
1430 silly fetch manifest content-type@^1.0.4
1431 silly packumentCache full:https://registry.npmjs.org/content-type cache-miss
1432 silly fetch manifest tunnel-agent@^0.6.0
1433 silly packumentCache full:https://registry.npmjs.org/tunnel-agent cache-miss
1434 silly fetch manifest is-retry-allowed@^1.1.0
1435 silly packumentCache full:https://registry.npmjs.org/is-retry-allowed cache-miss
1436 http fetch GET 200 https://registry.npmjs.org/is-stream 18ms (cache miss)
1437 silly packumentCache full:https://registry.npmjs.org/is-stream set size:undefined disposed:false
1438 http fetch GET 200 https://registry.npmjs.org/parse-json 20ms (cache miss)
1439 silly packumentCache full:https://registry.npmjs.org/parse-json set size:undefined disposed:false
1440 http fetch GET 200 https://registry.npmjs.org/is-retry-allowed 20ms (cache miss)
1441 silly packumentCache full:https://registry.npmjs.org/is-retry-allowed set size:undefined disposed:false
1442 http fetch GET 200 https://registry.npmjs.org/tunnel-agent 21ms (cache miss)
1443 silly packumentCache full:https://registry.npmjs.org/tunnel-agent set size:undefined disposed:false
1444 http fetch GET 200 https://registry.npmjs.org/content-type 22ms (cache miss)
1445 silly packumentCache full:https://registry.npmjs.org/content-type set size:undefined disposed:false
1446 http fetch GET 200 https://registry.npmjs.org/jake 29ms (cache miss)
1447 silly packumentCache full:https://registry.npmjs.org/jake set size:undefined disposed:false
1448 silly placeDep node_modules/@expo/prebuild-config @expo/config@11.0.13 OK for: @expo/prebuild-config@9.0.12 want: ~11.0.13
1449 silly placeDep node_modules/@expo/prebuild-config @expo/config-plugins@10.1.2 OK for: @expo/prebuild-config@9.0.12 want: ~10.1.2
1450 silly placeDep node_modules/@expo/prebuild-config @expo/config-types@53.0.5 OK for: @expo/prebuild-config@9.0.12 want: ^53.0.5
1451 silly placeDep ROOT @expo/image-utils@0.7.6 OK for: @expo/prebuild-config@9.0.12 want: ^0.7.6
1452 silly placeDep node_modules/@expo/prebuild-config @expo/json-file@9.1.5 OK for: @expo/prebuild-config@9.0.12 want: ^9.1.5
1453 silly placeDep ROOT @react-native/normalize-colors@0.79.6 OK for: @expo/prebuild-config@9.0.12 want: 0.79.6
1454 silly placeDep node_modules/@expo/prebuild-config semver@7.8.5 OK for: @expo/prebuild-config@9.0.12 want: ^7.6.0
1455 silly fetch manifest glob@^10.4.2
1456 silly packumentCache full:https://registry.npmjs.org/glob cache-miss
1457 silly fetch manifest sucrase@3.35.0
1458 silly packumentCache full:https://registry.npmjs.org/sucrase cache-miss
1459 silly fetch manifest glob@^10.4.2
1460 silly packumentCache full:https://registry.npmjs.org/glob cache-miss
1461 silly fetch manifest @expo/json-file@~9.1.5
1462 silly packumentCache full:https://registry.npmjs.org/@expo%2fjson-file cache-hit
1463 silly fetch manifest temp-dir@~2.0.0
1464 silly packumentCache full:https://registry.npmjs.org/temp-dir cache-miss
1465 silly fetch manifest parse-png@^2.1.0
1466 silly packumentCache full:https://registry.npmjs.org/parse-png cache-miss
1467 silly fetch manifest jimp-compact@0.16.1
1468 silly packumentCache full:https://registry.npmjs.org/jimp-compact cache-miss
1469 silly fetch manifest unique-string@~2.0.0
1470 silly packumentCache full:https://registry.npmjs.org/unique-string cache-miss
1471 http cache https://registry.npmjs.org/glob 7ms (cache hit)
1472 silly packumentCache full:https://registry.npmjs.org/glob set size:469465 disposed:false
1473 http cache https://registry.npmjs.org/glob 9ms (cache hit)
1474 silly packumentCache full:https://registry.npmjs.org/glob set size:469465 disposed:false
1475 silly packumentCache full:https://registry.npmjs.org/glob dispose
1476 http fetch GET 200 https://registry.npmjs.org/parse-png 22ms (cache miss)
1477 silly packumentCache full:https://registry.npmjs.org/parse-png set size:undefined disposed:false
1478 http fetch GET 200 https://registry.npmjs.org/temp-dir 23ms (cache miss)
1479 silly packumentCache full:https://registry.npmjs.org/temp-dir set size:undefined disposed:false
1480 http fetch GET 200 https://registry.npmjs.org/unique-string 23ms (cache miss)
1481 silly packumentCache full:https://registry.npmjs.org/unique-string set size:undefined disposed:false
1482 http fetch GET 200 https://registry.npmjs.org/sucrase 30ms (cache miss)
1483 silly packumentCache full:https://registry.npmjs.org/sucrase set size:undefined disposed:false
1484 http fetch GET 200 https://registry.npmjs.org/jimp-compact 174ms (cache miss)
1485 silly packumentCache full:https://registry.npmjs.org/jimp-compact set size:undefined disposed:false
1486 silly placeDep node_modules/@expo/image-utils getenv@2.0.0 OK for: @expo/image-utils@0.7.6 want: ^2.0.0
1487 silly placeDep ROOT jimp-compact@0.16.1 OK for: @expo/image-utils@0.7.6 want: 0.16.1
1488 silly placeDep ROOT parse-png@2.1.0 OK for: @expo/image-utils@0.7.6 want: ^2.1.0
1489 silly placeDep node_modules/@expo/image-utils semver@7.8.5 OK for: @expo/image-utils@0.7.6 want: ^7.6.0
1490 silly placeDep ROOT temp-dir@2.0.0 OK for: @expo/image-utils@0.7.6 want: ~2.0.0
1491 silly placeDep ROOT unique-string@2.0.0 OK for: @expo/image-utils@0.7.6 want: ~2.0.0
1492 silly fetch manifest pngjs@^3.3.0
1493 silly packumentCache full:https://registry.npmjs.org/pngjs cache-miss
1494 silly fetch manifest crypto-random-string@^2.0.0
1495 silly packumentCache full:https://registry.npmjs.org/crypto-random-string cache-miss
1496 http cache https://registry.npmjs.org/pngjs 3ms (cache hit)
1497 silly packumentCache full:https://registry.npmjs.org/pngjs set size:70154 disposed:false
1498 http fetch GET 200 https://registry.npmjs.org/crypto-random-string 35ms (cache miss)
1499 silly packumentCache full:https://registry.npmjs.org/crypto-random-string set size:undefined disposed:false
1500 silly placeDep ROOT @babel/core@7.29.7 OK for: @expo/require-utils@55.0.8 want: ^7.25.2
1501 silly placeDep ROOT @babel/plugin-transform-modules-commonjs@7.29.7 OK for: @expo/require-utils@55.0.8 want: ^7.24.8
1502 silly fetch manifest semver@^6.3.1
1503 silly packumentCache full:https://registry.npmjs.org/semver cache-hit
1504 silly fetch manifest gensync@^1.0.0-beta.2
1505 silly packumentCache full:https://registry.npmjs.org/gensync cache-miss
1506 silly fetch manifest @babel/types@^7.29.7
1507 silly packumentCache full:https://registry.npmjs.org/@babel%2ftypes cache-miss
1508 silly fetch manifest @babel/parser@^7.29.7
1509 silly packumentCache full:https://registry.npmjs.org/@babel%2fparser cache-miss
1510 silly fetch manifest @babel/helpers@^7.29.7
1511 silly packumentCache full:https://registry.npmjs.org/@babel%2fhelpers cache-miss
1512 silly fetch manifest @babel/template@^7.29.7
1513 silly packumentCache full:https://registry.npmjs.org/@babel%2ftemplate cache-miss
1514 silly fetch manifest @babel/traverse@^7.29.7
1515 silly packumentCache full:https://registry.npmjs.org/@babel%2ftraverse cache-miss
1516 silly fetch manifest @babel/generator@^7.29.7
1517 silly packumentCache full:https://registry.npmjs.org/@babel%2fgenerator cache-miss
1518 silly fetch manifest @babel/code-frame@^7.29.7
1519 silly packumentCache full:https://registry.npmjs.org/@babel%2fcode-frame cache-hit
1520 silly fetch manifest convert-source-map@^2.0.0
1521 silly packumentCache full:https://registry.npmjs.org/convert-source-map cache-miss
1522 silly fetch manifest @jridgewell/remapping@^2.3.5
1523 silly packumentCache full:https://registry.npmjs.org/@jridgewell%2fremapping cache-miss
1524 silly fetch manifest @babel/helper-module-transforms@^7.29.7
1525 silly packumentCache full:https://registry.npmjs.org/@babel%2fhelper-module-transforms cache-miss
1526 silly fetch manifest @babel/helper-compilation-targets@^7.29.7
1527 silly packumentCache full:https://registry.npmjs.org/@babel%2fhelper-compilation-targets cache-miss
1528 silly fetch manifest @babel/helper-plugin-utils@^7.29.7
1529 silly packumentCache full:https://registry.npmjs.org/@babel%2fhelper-plugin-utils cache-miss
1530 silly fetch manifest @babel/helper-module-transforms@^7.29.7
1531 silly packumentCache full:https://registry.npmjs.org/@babel%2fhelper-module-transforms cache-miss
1532 http fetch GET 200 https://registry.npmjs.org/gensync 21ms (cache miss)
1533 silly packumentCache full:https://registry.npmjs.org/gensync set size:undefined disposed:false
1534 http fetch GET 200 https://registry.npmjs.org/convert-source-map 23ms (cache miss)
1535 silly packumentCache full:https://registry.npmjs.org/convert-source-map set size:undefined disposed:false
1536 http fetch GET 200 https://registry.npmjs.org/@babel%2fhelper-compilation-targets 33ms (cache miss)
1537 silly packumentCache full:https://registry.npmjs.org/@babel%2fhelper-compilation-targets set size:undefined disposed:false
1538 http fetch GET 200 https://registry.npmjs.org/@babel%2ftemplate 40ms (cache miss)
1539 silly packumentCache full:https://registry.npmjs.org/@babel%2ftemplate set size:undefined disposed:false
1540 http fetch GET 200 https://registry.npmjs.org/@jridgewell%2fremapping 42ms (cache miss)
1541 silly packumentCache full:https://registry.npmjs.org/@jridgewell%2fremapping set size:undefined disposed:false
1542 http fetch GET 200 https://registry.npmjs.org/@babel%2fhelper-module-transforms 42ms (cache miss)
1543 silly packumentCache full:https://registry.npmjs.org/@babel%2fhelper-module-transforms set size:undefined disposed:false
1544 http fetch GET 200 https://registry.npmjs.org/@babel%2fhelper-plugin-utils 44ms (cache miss)
1545 silly packumentCache full:https://registry.npmjs.org/@babel%2fhelper-plugin-utils set size:undefined disposed:false
1546 http fetch GET 200 https://registry.npmjs.org/@babel%2fhelper-module-transforms 46ms (cache miss)
1547 silly packumentCache full:https://registry.npmjs.org/@babel%2fhelper-module-transforms set size:undefined disposed:false
1548 http fetch GET 200 https://registry.npmjs.org/@babel%2fhelpers 51ms (cache miss)
1549 silly packumentCache full:https://registry.npmjs.org/@babel%2fhelpers set size:undefined disposed:false
1550 http fetch GET 200 https://registry.npmjs.org/@babel%2fgenerator 54ms (cache miss)
1551 silly packumentCache full:https://registry.npmjs.org/@babel%2fgenerator set size:undefined disposed:false
1552 http fetch GET 200 https://registry.npmjs.org/@babel%2ftraverse 57ms (cache miss)
1553 silly packumentCache full:https://registry.npmjs.org/@babel%2ftraverse set size:undefined disposed:false
1554 http fetch GET 200 https://registry.npmjs.org/@babel%2ftypes 62ms (cache miss)
1555 silly packumentCache full:https://registry.npmjs.org/@babel%2ftypes set size:undefined disposed:false
1556 http fetch GET 200 https://registry.npmjs.org/@babel%2fparser 75ms (cache miss)
1557 silly packumentCache full:https://registry.npmjs.org/@babel%2fparser set size:undefined disposed:false
1558 silly fetch manifest @babel/core@^7.0.0
1559 silly packumentCache full:https://registry.npmjs.org/@babel%2fcore cache-miss
1560 http cache https://registry.npmjs.org/@babel%2fcore 3ms (cache hit)
1561 silly packumentCache full:https://registry.npmjs.org/@babel%2fcore set size:788273 disposed:false
1562 silly placeDep node_modules/@babel/core @babel/code-frame@7.29.7 OK for: @babel/core@7.29.7 want: ^7.29.7
1563 silly placeDep ROOT @babel/generator@7.29.8 OK for: @babel/core@7.29.7 want: ^7.29.7
1564 silly placeDep ROOT @babel/helper-compilation-targets@7.29.7 OK for: @babel/core@7.29.7 want: ^7.29.7
1565 silly placeDep ROOT @babel/helper-module-transforms@7.29.7 OK for: @babel/core@7.29.7 want: ^7.29.7
1566 silly placeDep ROOT @babel/helpers@7.29.7 OK for: @babel/core@7.29.7 want: ^7.29.7
1567 silly placeDep ROOT @babel/parser@7.29.8 OK for: @babel/core@7.29.7 want: ^7.29.7
1568 silly placeDep ROOT @babel/template@7.29.7 OK for: @babel/core@7.29.7 want: ^7.29.7
1569 silly placeDep ROOT @babel/traverse@7.29.8 OK for: @babel/core@7.29.7 want: ^7.29.7
1570 silly placeDep ROOT @babel/types@7.29.8 OK for: @babel/core@7.29.7 want: ^7.29.7
1571 silly placeDep ROOT @jridgewell/remapping@2.3.5 OK for: @babel/core@7.29.7 want: ^2.3.5
1572 silly placeDep ROOT convert-source-map@2.0.0 OK for: @babel/core@7.29.7 want: ^2.0.0
1573 silly placeDep ROOT gensync@1.0.0-beta.2 OK for: @babel/core@7.29.7 want: ^1.0.0-beta.2
1574 silly placeDep node_modules/@babel/core semver@6.3.1 OK for: @babel/core@7.29.7 want: ^6.3.1
1575 silly fetch manifest jsesc@^3.0.2
1576 silly packumentCache full:https://registry.npmjs.org/jsesc cache-miss
1577 silly fetch manifest @babel/types@^7.29.8
1578 silly packumentCache full:https://registry.npmjs.org/@babel%2ftypes cache-miss
1579 silly fetch manifest @babel/parser@^7.29.8
1580 silly packumentCache full:https://registry.npmjs.org/@babel%2fparser cache-miss
1581 silly fetch manifest @jridgewell/gen-mapping@^0.3.12
1582 silly packumentCache full:https://registry.npmjs.org/@jridgewell%2fgen-mapping cache-miss
1583 silly fetch manifest @jridgewell/trace-mapping@^0.3.28
1584 silly packumentCache full:https://registry.npmjs.org/@jridgewell%2ftrace-mapping cache-miss
1585 silly fetch manifest lru-cache@^5.1.1
1586 silly packumentCache full:https://registry.npmjs.org/lru-cache cache-miss
1587 silly fetch manifest browserslist@^4.24.0
1588 silly packumentCache full:https://registry.npmjs.org/browserslist cache-miss
1589 silly fetch manifest @babel/compat-data@^7.29.7
1590 silly packumentCache full:https://registry.npmjs.org/@babel%2fcompat-data cache-miss
1591 silly fetch manifest @babel/helper-validator-option@^7.29.7
1592 silly packumentCache full:https://registry.npmjs.org/@babel%2fhelper-validator-option cache-miss
1593 silly fetch manifest @babel/helper-module-imports@^7.29.7
1594 silly packumentCache full:https://registry.npmjs.org/@babel%2fhelper-module-imports cache-miss
1595 silly fetch manifest @babel/types@^7.29.8
1596 silly packumentCache full:https://registry.npmjs.org/@babel%2ftypes cache-miss
1597 silly fetch manifest @babel/types@^7.29.8
1598 silly packumentCache full:https://registry.npmjs.org/@babel%2ftypes cache-miss
1599 silly fetch manifest @babel/helper-globals@^7.29.7
1600 silly packumentCache full:https://registry.npmjs.org/@babel%2fhelper-globals cache-miss
1601 silly fetch manifest @babel/helper-string-parser@^7.29.7
1602 silly packumentCache full:https://registry.npmjs.org/@babel%2fhelper-string-parser cache-miss
1603 silly fetch manifest @jridgewell/gen-mapping@^0.3.5
1604 silly packumentCache full:https://registry.npmjs.org/@jridgewell%2fgen-mapping cache-miss
1605 http cache https://registry.npmjs.org/@babel%2ftypes 7ms (cache hit)
1606 silly packumentCache full:https://registry.npmjs.org/@babel%2ftypes set size:502938 disposed:false
1607 silly fetch manifest @jridgewell/trace-mapping@^0.3.24
1608 silly packumentCache full:https://registry.npmjs.org/@jridgewell%2ftrace-mapping cache-miss
1609 http cache https://registry.npmjs.org/@babel%2fparser 11ms (cache hit)
1610 silly packumentCache full:https://registry.npmjs.org/@babel%2fparser set size:737961 disposed:false
1611 http cache https://registry.npmjs.org/@babel%2ftypes 13ms (cache hit)
1612 silly packumentCache full:https://registry.npmjs.org/@babel%2ftypes set size:502938 disposed:false
1613 silly packumentCache full:https://registry.npmjs.org/@babel%2ftypes dispose
1614 http cache https://registry.npmjs.org/@babel%2ftypes 18ms (cache hit)
1615 silly packumentCache full:https://registry.npmjs.org/@babel%2ftypes set size:502938 disposed:true
1616 silly packumentCache full:https://registry.npmjs.org/@babel%2ftypes dispose
1617 http cache https://registry.npmjs.org/lru-cache 19ms (cache hit)
1618 silly packumentCache full:https://registry.npmjs.org/lru-cache set size:460407 disposed:false
1619 http fetch GET 200 https://registry.npmjs.org/@babel%2fhelper-validator-option 26ms (cache miss)
1620 silly packumentCache full:https://registry.npmjs.org/@babel%2fhelper-validator-option set size:undefined disposed:false
1621 http fetch GET 200 https://registry.npmjs.org/jsesc 30ms (cache miss)
1622 silly packumentCache full:https://registry.npmjs.org/jsesc set size:undefined disposed:false
1623 http fetch GET 200 https://registry.npmjs.org/@babel%2fhelper-string-parser 29ms (cache miss)
1624 silly packumentCache full:https://registry.npmjs.org/@babel%2fhelper-string-parser set size:undefined disposed:false
1625 http fetch GET 200 https://registry.npmjs.org/@jridgewell%2fgen-mapping 33ms (cache miss)
1626 silly packumentCache full:https://registry.npmjs.org/@jridgewell%2fgen-mapping set size:undefined disposed:false
1627 http fetch GET 200 https://registry.npmjs.org/@jridgewell%2ftrace-mapping 37ms (cache miss)
1628 silly packumentCache full:https://registry.npmjs.org/@jridgewell%2ftrace-mapping set size:undefined disposed:false
1629 http fetch GET 200 https://registry.npmjs.org/@babel%2fhelper-module-imports 37ms (cache miss)
1630 silly packumentCache full:https://registry.npmjs.org/@babel%2fhelper-module-imports set size:undefined disposed:false
1631 http fetch GET 200 https://registry.npmjs.org/@babel%2fcompat-data 40ms (cache miss)
1632 silly packumentCache full:https://registry.npmjs.org/@babel%2fcompat-data set size:undefined disposed:false
1633 http fetch GET 200 https://registry.npmjs.org/@jridgewell%2fgen-mapping 43ms (cache miss)
1634 silly packumentCache full:https://registry.npmjs.org/@jridgewell%2fgen-mapping set size:undefined disposed:false
1635 http fetch GET 200 https://registry.npmjs.org/browserslist 43ms (cache miss)
1636 silly packumentCache full:https://registry.npmjs.org/browserslist set size:undefined disposed:false
1637 http fetch GET 200 https://registry.npmjs.org/@jridgewell%2ftrace-mapping 37ms (cache miss)
1638 silly packumentCache full:https://registry.npmjs.org/@jridgewell%2ftrace-mapping set size:undefined disposed:false
1639 http fetch GET 200 https://registry.npmjs.org/@babel%2fhelper-globals 173ms (cache miss)
1640 silly packumentCache full:https://registry.npmjs.org/@babel%2fhelper-globals set size:undefined disposed:false
1641 silly placeDep ROOT @jridgewell/gen-mapping@0.3.13 OK for: @babel/generator@7.29.8 want: ^0.3.12
1642 silly placeDep ROOT @jridgewell/trace-mapping@0.3.31 OK for: @babel/generator@7.29.8 want: ^0.3.28
1643 silly placeDep ROOT jsesc@3.1.0 OK for: @babel/generator@7.29.8 want: ^3.0.2
1644 silly fetch manifest @jridgewell/sourcemap-codec@^1.5.0
1645 silly packumentCache full:https://registry.npmjs.org/@jridgewell%2fsourcemap-codec cache-miss
1646 silly fetch manifest @jridgewell/resolve-uri@^3.1.0
1647 silly packumentCache full:https://registry.npmjs.org/@jridgewell%2fresolve-uri cache-miss
1648 silly fetch manifest @jridgewell/sourcemap-codec@^1.4.14
1649 silly packumentCache full:https://registry.npmjs.org/@jridgewell%2fsourcemap-codec cache-miss
1650 http fetch GET 200 https://registry.npmjs.org/@jridgewell%2fresolve-uri 29ms (cache miss)
1651 silly packumentCache full:https://registry.npmjs.org/@jridgewell%2fresolve-uri set size:undefined disposed:false
1652 http fetch GET 200 https://registry.npmjs.org/@jridgewell%2fsourcemap-codec 30ms (cache miss)
1653 silly packumentCache full:https://registry.npmjs.org/@jridgewell%2fsourcemap-codec set size:undefined disposed:false
1654 http fetch GET 200 https://registry.npmjs.org/@jridgewell%2fsourcemap-codec 37ms (cache miss)
1655 silly packumentCache full:https://registry.npmjs.org/@jridgewell%2fsourcemap-codec set size:undefined disposed:false
1656 silly placeDep ROOT @babel/compat-data@7.29.7 OK for: @babel/helper-compilation-targets@7.29.7 want: ^7.29.7
1657 silly placeDep ROOT @babel/helper-validator-option@7.29.7 OK for: @babel/helper-compilation-targets@7.29.7 want: ^7.29.7
1658 silly placeDep ROOT browserslist@4.28.8 OK for: @babel/helper-compilation-targets@7.29.7 want: ^4.24.0
1659 silly placeDep ROOT lru-cache@5.1.1 OK for: @babel/helper-compilation-targets@7.29.7 want: ^5.1.1
1660 silly placeDep node_modules/@babel/helper-compilation-targets semver@6.3.1 OK for: @babel/helper-compilation-targets@7.29.7 want: ^6.3.1
1661 silly fetch manifest caniuse-lite@^1.0.30001809
1662 silly packumentCache full:https://registry.npmjs.org/caniuse-lite cache-miss
1663 silly fetch manifest node-releases@^2.0.53
1664 silly packumentCache full:https://registry.npmjs.org/node-releases cache-miss
1665 silly fetch manifest electron-to-chromium@^1.5.402
1666 silly packumentCache full:https://registry.npmjs.org/electron-to-chromium cache-miss
1667 silly fetch manifest update-browserslist-db@^1.3.0
1668 silly packumentCache full:https://registry.npmjs.org/update-browserslist-db cache-miss
1669 silly fetch manifest baseline-browser-mapping@^2.11.12
1670 silly packumentCache full:https://registry.npmjs.org/baseline-browser-mapping cache-miss
1671 silly fetch manifest yallist@^3.0.2
1672 silly packumentCache full:https://registry.npmjs.org/yallist cache-miss
1673 http cache https://registry.npmjs.org/yallist 3ms (cache hit)
1674 silly packumentCache full:https://registry.npmjs.org/yallist set size:34610 disposed:false
1675 http fetch GET 200 https://registry.npmjs.org/update-browserslist-db 17ms (cache miss)
1676 silly packumentCache full:https://registry.npmjs.org/update-browserslist-db set size:undefined disposed:false
1677 http fetch GET 200 https://registry.npmjs.org/node-releases 27ms (cache miss)
1678 silly packumentCache full:https://registry.npmjs.org/node-releases set size:undefined disposed:false
1679 http fetch GET 200 https://registry.npmjs.org/caniuse-lite 92ms (cache miss)
1680 silly packumentCache full:https://registry.npmjs.org/caniuse-lite set size:undefined disposed:false
1681 http fetch GET 200 https://registry.npmjs.org/electron-to-chromium 127ms (cache miss)
1682 silly packumentCache full:https://registry.npmjs.org/electron-to-chromium set size:undefined disposed:false
1683 http fetch GET 200 https://registry.npmjs.org/baseline-browser-mapping 194ms (cache miss)
1684 silly packumentCache full:https://registry.npmjs.org/baseline-browser-mapping set size:undefined disposed:false
1685 silly placeDep ROOT @babel/helper-module-imports@7.29.7 OK for: @babel/helper-module-transforms@7.29.7 want: ^7.29.7
1686 silly placeDep ROOT @babel/helper-plugin-utils@7.29.7 OK for: @babel/plugin-transform-modules-commonjs@7.29.7 want: ^7.29.7
1687 silly placeDep node_modules/@babel/template @babel/code-frame@7.29.7 OK for: @babel/template@7.29.7 want: ^7.29.7
1688 silly placeDep node_modules/@babel/traverse @babel/code-frame@7.29.7 OK for: @babel/traverse@7.29.8 want: ^7.29.7
1689 silly placeDep ROOT @babel/helper-globals@7.29.7 OK for: @babel/traverse@7.29.8 want: ^7.29.7
1690 silly placeDep ROOT @babel/helper-string-parser@7.29.7 OK for: @babel/types@7.29.8 want: ^7.29.7
1691 silly placeDep ROOT @expo/bunyan@4.0.1 OK for: @expo/rudder-sdk-node@1.1.1 want: ^4.0.0
1692 silly placeDep ROOT @segment/loosely-validate-event@2.0.0 OK for: @expo/rudder-sdk-node@1.1.1 want: ^2.0.0
1693 silly placeDep ROOT fetch-retry@4.1.1 OK for: @expo/rudder-sdk-node@1.1.1 want: ^4.1.1
1694 silly placeDep ROOT md5@2.3.0 OK for: @expo/rudder-sdk-node@1.1.1 want: ^2.2.1
1695 silly placeDep ROOT remove-trailing-slash@0.1.1 OK for: @expo/rudder-sdk-node@1.1.1 want: ^0.1.0
1696 silly placeDep node_modules/@expo/rudder-sdk-node uuid@8.3.2 OK for: @expo/rudder-sdk-node@1.1.1 want: ^8.3.2
1697 silly fetch manifest uuid@^8.0.0
1698 silly packumentCache full:https://registry.npmjs.org/uuid cache-hit
1699 silly fetch manifest component-type@^1.2.1
1700 silly packumentCache full:https://registry.npmjs.org/component-type cache-miss
1701 silly fetch manifest join-component@^1.1.0
1702 silly packumentCache full:https://registry.npmjs.org/join-component cache-miss
1703 silly fetch manifest crypt@0.0.2
1704 silly packumentCache full:https://registry.npmjs.org/crypt cache-miss
1705 silly fetch manifest charenc@0.0.2
1706 silly packumentCache full:https://registry.npmjs.org/charenc cache-miss
1707 silly fetch manifest is-buffer@~1.1.6
1708 silly packumentCache full:https://registry.npmjs.org/is-buffer cache-miss
1709 http fetch GET 200 https://registry.npmjs.org/component-type 19ms (cache miss)
1710 silly packumentCache full:https://registry.npmjs.org/component-type set size:undefined disposed:false
1711 http fetch GET 200 https://registry.npmjs.org/charenc 19ms (cache miss)
1712 silly packumentCache full:https://registry.npmjs.org/charenc set size:undefined disposed:false
1713 http fetch GET 200 https://registry.npmjs.org/crypt 19ms (cache miss)
1714 silly packumentCache full:https://registry.npmjs.org/crypt set size:undefined disposed:false
1715 http fetch GET 200 https://registry.npmjs.org/join-component 20ms (cache miss)
1716 silly packumentCache full:https://registry.npmjs.org/join-component set size:undefined disposed:false
1717 http fetch GET 200 https://registry.npmjs.org/is-buffer 25ms (cache miss)
1718 silly packumentCache full:https://registry.npmjs.org/is-buffer set size:undefined disposed:false
1719 silly placeDep node_modules/@expo/bunyan uuid@8.3.2 OK for: @expo/bunyan@4.0.1 want: ^8.0.0
1720 silly placeDep ROOT cross-spawn@7.0.6 OK for: @expo/spawn-async@1.7.2 want: ^7.0.3
1721 silly fetch manifest which@^2.0.1
1722 silly packumentCache full:https://registry.npmjs.org/which cache-miss
1723 silly fetch manifest path-key@^3.1.0
1724 silly packumentCache full:https://registry.npmjs.org/path-key cache-miss
1725 silly fetch manifest shebang-command@^2.0.0
1726 silly packumentCache full:https://registry.npmjs.org/shebang-command cache-miss
1727 http fetch GET 200 https://registry.npmjs.org/which 17ms (cache miss)
1728 silly packumentCache full:https://registry.npmjs.org/which set size:undefined disposed:false
1729 http fetch GET 200 https://registry.npmjs.org/path-key 17ms (cache miss)
1730 silly packumentCache full:https://registry.npmjs.org/path-key set size:undefined disposed:false
1731 http fetch GET 200 https://registry.npmjs.org/shebang-command 19ms (cache miss)
1732 silly packumentCache full:https://registry.npmjs.org/shebang-command set size:undefined disposed:false
1733 silly placeDep ROOT arg@5.0.2 OK for: @expo/steps@23.1.0 want: ^5.0.2
1734 silly placeDep node_modules/@expo/steps joi@17.13.6 OK for: @expo/steps@23.1.0 want: ^17.13.1
1735 silly placeDep ROOT jsep@1.4.0 OK for: @expo/steps@23.1.0 want: ^1.3.8
1736 silly placeDep ROOT lodash.clonedeep@4.5.0 OK for: @expo/steps@23.1.0 want: ^4.5.0
1737 silly placeDep ROOT @jridgewell/sourcemap-codec@1.6.0 OK for: @jridgewell/gen-mapping@0.3.13 want: ^1.5.0
1738 silly placeDep ROOT @jridgewell/resolve-uri@3.1.2 OK for: @jridgewell/trace-mapping@0.3.31 want: ^3.1.0
1739 silly placeDep ROOT ansi-escapes@4.3.2 OK for: @oclif/core@4.14.0 want: ^4.3.2
1740 silly placeDep ROOT ansis@3.17.0 OK for: @oclif/core@4.14.0 want: ^3.17.0
1741 silly placeDep ROOT clean-stack@3.0.1 OK for: @oclif/core@4.14.0 want: ^3.0.1
1742 silly placeDep ROOT cli-spinners@2.9.2 OK for: @oclif/core@4.14.0 want: ^2.9.2
1743 silly placeDep node_modules/@oclif/core ejs@6.0.1 OK for: @oclif/core@4.14.0 want: ^6
1744 silly placeDep ROOT get-package-type@0.1.0 OK for: @oclif/core@4.14.0 want: ^0.1.0
1745 silly placeDep ROOT lilconfig@3.1.3 OK for: @oclif/core@4.14.0 want: ^3.1.3
1746 silly placeDep node_modules/@oclif/core minimatch@10.2.6 OK for: @oclif/core@4.14.0 want: ^10.2.5
1747 silly placeDep node_modules/@oclif/core semver@7.8.5 OK for: @oclif/core@4.14.0 want: ^7.8.1
1748 silly placeDep ROOT string-width@4.2.3 OK for: @oclif/core@4.14.0 want: ^4.2.3
1749 silly placeDep ROOT supports-color@8.1.1 OK for: @oclif/core@4.14.0 want: ^8
1750 silly placeDep ROOT tinyglobby@0.2.17 OK for: @oclif/core@4.14.0 want: ^0.2.17
1751 silly placeDep ROOT widest-line@3.1.0 OK for: @oclif/core@4.14.0 want: ^3.1.0
1752 silly placeDep ROOT wordwrap@1.0.0 OK for: @oclif/core@4.14.0 want: ^1.0.0
1753 silly placeDep ROOT wsl-utils@0.4.0 OK for: @oclif/core@4.14.0 want: ^0.4.0
1754 silly fetch manifest type-fest@^0.21.3
1755 silly packumentCache full:https://registry.npmjs.org/type-fest cache-miss
1756 silly fetch manifest escape-string-regexp@4.0.0
1757 silly packumentCache full:https://registry.npmjs.org/escape-string-regexp cache-miss
1758 silly fetch manifest brace-expansion@^5.0.8
1759 silly packumentCache full:https://registry.npmjs.org/brace-expansion cache-miss
1760 silly fetch manifest emoji-regex@^8.0.0
1761 silly packumentCache full:https://registry.npmjs.org/emoji-regex cache-miss
1762 silly fetch manifest is-fullwidth-code-point@^3.0.0
1763 silly packumentCache full:https://registry.npmjs.org/is-fullwidth-code-point cache-miss
1764 silly fetch manifest has-flag@^4.0.0
1765 silly packumentCache full:https://registry.npmjs.org/has-flag cache-miss
1766 silly fetch manifest fdir@^6.5.0
1767 silly packumentCache full:https://registry.npmjs.org/fdir cache-miss
1768 silly fetch manifest picomatch@^4.0.4
1769 silly packumentCache full:https://registry.npmjs.org/picomatch cache-miss
1770 silly fetch manifest is-wsl@^3.1.0
1771 silly packumentCache full:https://registry.npmjs.org/is-wsl cache-miss
1772 silly fetch manifest powershell-utils@^0.1.0
1773 silly packumentCache full:https://registry.npmjs.org/powershell-utils cache-miss
1774 http cache https://registry.npmjs.org/brace-expansion 6ms (cache hit)
1775 silly packumentCache full:https://registry.npmjs.org/brace-expansion set size:101024 disposed:false
1776 http cache https://registry.npmjs.org/is-wsl 6ms (cache hit)
1777 silly packumentCache full:https://registry.npmjs.org/is-wsl set size:20683 disposed:false
1778 http cache https://registry.npmjs.org/escape-string-regexp 7ms (cache hit)
1779 silly packumentCache full:https://registry.npmjs.org/escape-string-regexp set size:22244 disposed:false
1780 http fetch GET 200 https://registry.npmjs.org/has-flag 17ms (cache miss)
1781 silly packumentCache full:https://registry.npmjs.org/has-flag set size:undefined disposed:false
1782 http fetch GET 200 https://registry.npmjs.org/is-fullwidth-code-point 18ms (cache miss)
1783 silly packumentCache full:https://registry.npmjs.org/is-fullwidth-code-point set size:undefined disposed:false
1784 http fetch GET 200 https://registry.npmjs.org/powershell-utils 20ms (cache miss)
1785 silly packumentCache full:https://registry.npmjs.org/powershell-utils set size:undefined disposed:false
1786 http fetch GET 200 https://registry.npmjs.org/fdir 21ms (cache miss)
1787 silly packumentCache full:https://registry.npmjs.org/fdir set size:undefined disposed:false
1788 http fetch GET 200 https://registry.npmjs.org/emoji-regex 29ms (cache miss)
1789 silly packumentCache full:https://registry.npmjs.org/emoji-regex set size:undefined disposed:false
1790 http fetch GET 200 https://registry.npmjs.org/picomatch 33ms (cache miss)
1791 silly packumentCache full:https://registry.npmjs.org/picomatch set size:undefined disposed:false
1792 http fetch GET 200 https://registry.npmjs.org/type-fest 37ms (cache miss)
1793 silly packumentCache full:https://registry.npmjs.org/type-fest set size:undefined disposed:false
1794 silly placeDep ROOT component-type@1.2.2 OK for: @segment/loosely-validate-event@2.0.0 want: ^1.2.1
1795 silly placeDep ROOT join-component@1.1.0 OK for: @segment/loosely-validate-event@2.0.0 want: ^1.1.0
1796 silly placeDep ROOT @sentry-internal/tracing@7.77.0 OK for: @sentry/node@7.77.0 want: 7.77.0
1797 silly placeDep ROOT @sentry/core@7.77.0 OK for: @sentry/node@7.77.0 want: 7.77.0
1798 silly placeDep ROOT @sentry/types@7.77.0 OK for: @sentry/node@7.77.0 want: 7.77.0
1799 silly placeDep ROOT @sentry/utils@7.77.0 OK for: @sentry/node@7.77.0 want: 7.77.0
1800 silly placeDep ROOT @types/node@26.4.0 OK for: @types/bunyan@1.8.11 want: *
1801 silly fetch manifest undici-types@~8.3.0
1802 silly packumentCache full:https://registry.npmjs.org/undici-types cache-miss
1803 http fetch GET 200 https://registry.npmjs.org/undici-types 56ms (cache miss)
1804 silly packumentCache full:https://registry.npmjs.org/undici-types set size:undefined disposed:false
1805 silly placeDep ROOT undici-types@8.3.0 OK for: @types/node@26.4.0 want: ~8.3.0
1806 silly fetch manifest graphql@^14.0.0 || ^15.0.0 || ^16.0.0 || ^17.0.0
1807 silly packumentCache full:https://registry.npmjs.org/graphql cache-miss
1808 http cache https://registry.npmjs.org/graphql 3ms (cache hit)
1809 silly packumentCache full:https://registry.npmjs.org/graphql set size:880637 disposed:false
1810 silly placeDep ROOT @0no-co/graphql.web@1.3.4 OK for: @urql/core@4.0.11 want: ^1.0.1
1811 silly placeDep ROOT wonka@6.3.6 OK for: @urql/core@4.0.11 want: ^6.3.2
1812 silly placeDep ROOT json-schema-traverse@1.0.0 OK for: ajv@8.11.0 want: ^1.0.0
1813 silly placeDep ROOT require-from-string@2.0.2 OK for: ajv@8.11.0 want: ^2.0.2
1814 silly placeDep ROOT uri-js@4.4.1 OK for: ajv@8.11.0 want: ^4.2.2
1815 silly fetch manifest punycode@^2.1.0
1816 silly packumentCache full:https://registry.npmjs.org/punycode cache-miss
1817 http fetch GET 200 https://registry.npmjs.org/punycode 21ms (cache miss)
1818 silly packumentCache full:https://registry.npmjs.org/punycode set size:undefined disposed:false
1819 silly placeDep ROOT type-fest@0.21.3 OK for: ansi-escapes@4.3.2 want: ^0.21.3
1820 silly placeDep ROOT big-integer@1.6.52 OK for: bplist-parser@0.3.2 want: 1.6.x
1821 silly fetch manifest browserslist@>= 4.21.0
1822 silly packumentCache full:https://registry.npmjs.org/browserslist cache-miss
1823 http cache https://registry.npmjs.org/browserslist 3ms (cache hit)
1824 silly packumentCache full:https://registry.npmjs.org/browserslist set size:518659 disposed:false
1825 silly placeDep ROOT baseline-browser-mapping@2.11.20 OK for: browserslist@4.28.8 want: ^2.11.12
1826 silly placeDep ROOT caniuse-lite@1.0.30001810 OK for: browserslist@4.28.8 want: ^1.0.30001809
1827 silly placeDep ROOT electron-to-chromium@1.5.418 OK for: browserslist@4.28.8 want: ^1.5.402
1828 silly placeDep ROOT node-releases@2.0.54 OK for: browserslist@4.28.8 want: ^2.0.53
1829 silly placeDep ROOT update-browserslist-db@1.3.2 OK for: browserslist@4.28.8 want: ^1.3.0
1830 silly fetch manifest escalade@^3.2.0
1831 silly packumentCache full:https://registry.npmjs.org/escalade cache-miss
1832 http fetch GET 200 https://registry.npmjs.org/escalade 19ms (cache miss)
1833 silly packumentCache full:https://registry.npmjs.org/escalade set size:undefined disposed:false
1834 silly placeDep ROOT dtrace-provider@0.8.8 OK for: bunyan@1.8.15 want: ~0.8
1835 silly placeDep ROOT moment@2.30.1 OK for: bunyan@1.8.15 want: ^2.19.3
1836 silly placeDep ROOT mv@2.1.1 OK for: bunyan@1.8.15 want: ~2
1837 silly placeDep ROOT safe-json-stringify@1.2.0 OK for: bunyan@1.8.15 want: ~1
1838 silly fetch manifest nan@^2.14.0
1839 silly packumentCache full:https://registry.npmjs.org/nan cache-miss
1840 silly fetch manifest mkdirp@~0.5.1
1841 silly packumentCache full:https://registry.npmjs.org/mkdirp cache-miss
1842 silly fetch manifest ncp@~2.0.0
1843 silly packumentCache full:https://registry.npmjs.org/ncp cache-miss
1844 silly fetch manifest rimraf@~2.4.0
1845 silly packumentCache full:https://registry.npmjs.org/rimraf cache-miss
1846 http fetch GET 200 https://registry.npmjs.org/rimraf 21ms (cache miss)
1847 silly packumentCache full:https://registry.npmjs.org/rimraf set size:undefined disposed:false
1848 http fetch GET 200 https://registry.npmjs.org/mkdirp 30ms (cache miss)
1849 silly packumentCache full:https://registry.npmjs.org/mkdirp set size:undefined disposed:false
1850 http fetch GET 200 https://registry.npmjs.org/nan 32ms (cache miss)
1851 silly packumentCache full:https://registry.npmjs.org/nan set size:undefined disposed:false
1852 http fetch GET 200 https://registry.npmjs.org/ncp 185ms (cache miss)
1853 silly packumentCache full:https://registry.npmjs.org/ncp set size:undefined disposed:false
1854 silly placeDep ROOT events@3.3.0 OK for: centrifuge@5.7.1 want: ^3.3.0
1855 silly placeDep ROOT protobufjs@7.6.6 OK for: centrifuge@5.7.1 want: ^7.6.0
1856 silly fetch manifest long@^5.3.2
1857 silly packumentCache full:https://registry.npmjs.org/long cache-miss
1858 silly fetch manifest @protobufjs/path@^1.1.2
1859 silly packumentCache full:https://registry.npmjs.org/@protobufjs%2fpath cache-miss
1860 silly fetch manifest @protobufjs/pool@^1.1.0
1861 silly packumentCache full:https://registry.npmjs.org/@protobufjs%2fpool cache-miss
1862 silly fetch manifest @protobufjs/utf8@^1.1.1
1863 silly packumentCache full:https://registry.npmjs.org/@protobufjs%2futf8 cache-miss
1864 silly fetch manifest @protobufjs/fetch@^1.1.1
1865 silly packumentCache full:https://registry.npmjs.org/@protobufjs%2ffetch cache-miss
1866 silly fetch manifest @protobufjs/float@^1.0.2
1867 silly packumentCache full:https://registry.npmjs.org/@protobufjs%2ffloat cache-miss
1868 silly fetch manifest @protobufjs/base64@^1.1.2
1869 silly packumentCache full:https://registry.npmjs.org/@protobufjs%2fbase64 cache-miss
1870 silly fetch manifest @protobufjs/codegen@^2.0.5
1871 silly packumentCache full:https://registry.npmjs.org/@protobufjs%2fcodegen cache-miss
1872 silly fetch manifest @protobufjs/aspromise@^1.1.2
1873 silly packumentCache full:https://registry.npmjs.org/@protobufjs%2faspromise cache-miss
1874 silly fetch manifest @protobufjs/eventemitter@^1.1.1
1875 silly packumentCache full:https://registry.npmjs.org/@protobufjs%2feventemitter cache-miss
1876 http fetch GET 200 https://registry.npmjs.org/long 20ms (cache miss)
1877 silly packumentCache full:https://registry.npmjs.org/long set size:undefined disposed:false
1878 http fetch GET 200 https://registry.npmjs.org/@protobufjs%2fpath 27ms (cache miss)
1879 silly packumentCache full:https://registry.npmjs.org/@protobufjs%2fpath set size:undefined disposed:false
1880 http fetch GET 200 https://registry.npmjs.org/@protobufjs%2ffetch 28ms (cache miss)
1881 silly packumentCache full:https://registry.npmjs.org/@protobufjs%2ffetch set size:undefined disposed:false
1882 http fetch GET 200 https://registry.npmjs.org/@protobufjs%2feventemitter 29ms (cache miss)
1883 silly packumentCache full:https://registry.npmjs.org/@protobufjs%2feventemitter set size:undefined disposed:false
1884 http fetch GET 200 https://registry.npmjs.org/@protobufjs%2futf8 31ms (cache miss)
1885 silly packumentCache full:https://registry.npmjs.org/@protobufjs%2futf8 set size:undefined disposed:false
1886 http fetch GET 200 https://registry.npmjs.org/@protobufjs%2fpool 32ms (cache miss)
1887 silly packumentCache full:https://registry.npmjs.org/@protobufjs%2fpool set size:undefined disposed:false
1888 http fetch GET 200 https://registry.npmjs.org/@protobufjs%2fcodegen 31ms (cache miss)
1889 silly packumentCache full:https://registry.npmjs.org/@protobufjs%2fcodegen set size:undefined disposed:false
1890 http fetch GET 200 https://registry.npmjs.org/@protobufjs%2faspromise 33ms (cache miss)
1891 silly packumentCache full:https://registry.npmjs.org/@protobufjs%2faspromise set size:undefined disposed:false
1892 http fetch GET 200 https://registry.npmjs.org/@protobufjs%2ffloat 39ms (cache miss)
1893 silly packumentCache full:https://registry.npmjs.org/@protobufjs%2ffloat set size:undefined disposed:false
1894 http fetch GET 200 https://registry.npmjs.org/@protobufjs%2fbase64 92ms (cache miss)
1895 silly packumentCache full:https://registry.npmjs.org/@protobufjs%2fbase64 set size:undefined disposed:false
1896 silly placeDep ROOT ansi-styles@4.3.0 OK for: chalk@4.1.2 want: ^4.1.0
1897 silly placeDep node_modules/chalk supports-color@7.2.0 OK for: chalk@4.1.2 want: ^7.1.0
1898 silly fetch manifest color-convert@^2.0.1
1899 silly packumentCache full:https://registry.npmjs.org/color-convert cache-miss
1900 http fetch GET 200 https://registry.npmjs.org/color-convert 22ms (cache miss)
1901 silly packumentCache full:https://registry.npmjs.org/color-convert set size:undefined disposed:false
1902 silly placeDep ROOT color-convert@2.0.1 OK for: ansi-styles@4.3.0 want: ^2.0.1
1903 silly fetch manifest color-name@~1.1.4
1904 silly packumentCache full:https://registry.npmjs.org/color-name cache-miss
1905 http fetch GET 200 https://registry.npmjs.org/color-name 15ms (cache miss)
1906 silly packumentCache full:https://registry.npmjs.org/color-name set size:undefined disposed:false
1907 silly placeDep ROOT escape-string-regexp@4.0.0 OK for: clean-stack@3.0.1 want: 4.0.0
1908 silly placeDep ROOT color-name@1.1.4 OK for: color-convert@2.0.1 want: ~1.1.4
1909 silly placeDep ROOT path-key@3.1.1 OK for: cross-spawn@7.0.6 want: ^3.1.0
1910 silly placeDep ROOT shebang-command@2.0.0 OK for: cross-spawn@7.0.6 want: ^2.0.0
1911 silly placeDep ROOT which@2.0.2 OK for: cross-spawn@7.0.6 want: ^2.0.1
1912 silly fetch manifest shebang-regex@^3.0.0
1913 silly packumentCache full:https://registry.npmjs.org/shebang-regex cache-miss
1914 silly fetch manifest isexe@^2.0.0
1915 silly packumentCache full:https://registry.npmjs.org/isexe cache-miss
1916 http fetch GET 200 https://registry.npmjs.org/shebang-regex 23ms (cache miss)
1917 silly packumentCache full:https://registry.npmjs.org/shebang-regex set size:undefined disposed:false
1918 http fetch GET 200 https://registry.npmjs.org/isexe 26ms (cache miss)
1919 silly packumentCache full:https://registry.npmjs.org/isexe set size:undefined disposed:false
1920 silly placeDep ROOT ms@2.1.3 OK for: debug@4.4.3 want: ^2.1.3
1921 silly placeDep node_modules/dotenv-expand dotenv@16.6.1 OK for: dotenv-expand@11.0.7 want: ^16.4.5
1922 silly placeDep ROOT nan@2.28.0 OK for: dtrace-provider@0.8.8 want: ^2.14.0
1923 silly placeDep ROOT jake@10.9.4 OK for: ejs@3.1.10 want: ^10.8.5
1924 silly fetch manifest async@^3.2.6
1925 silly packumentCache full:https://registry.npmjs.org/async cache-miss
1926 silly fetch manifest filelist@^1.0.4
1927 silly packumentCache full:https://registry.npmjs.org/filelist cache-miss
1928 http fetch GET 200 https://registry.npmjs.org/filelist 18ms (cache miss)
1929 silly packumentCache full:https://registry.npmjs.org/filelist set size:undefined disposed:false
1930 http fetch GET 200 https://registry.npmjs.org/async 23ms (cache miss)
1931 silly packumentCache full:https://registry.npmjs.org/async set size:undefined disposed:false
1932 silly placeDep ROOT @nodelib/fs.stat@2.0.5 OK for: fast-glob@3.3.2 want: ^2.0.2
1933 silly placeDep ROOT @nodelib/fs.walk@1.2.8 OK for: fast-glob@3.3.2 want: ^1.2.3
1934 silly placeDep ROOT glob-parent@5.1.2 OK for: fast-glob@3.3.2 want: ^5.1.2
1935 silly placeDep ROOT merge2@1.4.1 OK for: fast-glob@3.3.2 want: ^1.3.0
1936 silly placeDep ROOT micromatch@4.0.8 OK for: fast-glob@3.3.2 want: ^4.0.4
1937 silly fetch manifest fastq@^1.6.0
1938 silly packumentCache full:https://registry.npmjs.org/fastq cache-miss
1939 silly fetch manifest @nodelib/fs.scandir@2.1.5
1940 silly packumentCache full:https://registry.npmjs.org/@nodelib%2ffs.scandir cache-miss
1941 silly fetch manifest is-glob@^4.0.1
1942 silly packumentCache full:https://registry.npmjs.org/is-glob cache-miss
1943 silly fetch manifest braces@^3.0.3
1944 silly packumentCache full:https://registry.npmjs.org/braces cache-miss
1945 silly fetch manifest picomatch@^2.3.1
1946 silly packumentCache full:https://registry.npmjs.org/picomatch cache-miss
1947 http cache https://registry.npmjs.org/picomatch 4ms (cache hit)
1948 silly packumentCache full:https://registry.npmjs.org/picomatch set size:134451 disposed:false
1949 http fetch GET 200 https://registry.npmjs.org/is-glob 18ms (cache miss)
1950 silly packumentCache full:https://registry.npmjs.org/is-glob set size:undefined disposed:false
1951 http fetch GET 200 https://registry.npmjs.org/braces 22ms (cache miss)
1952 silly packumentCache full:https://registry.npmjs.org/braces set size:undefined disposed:false
1953 http fetch GET 200 https://registry.npmjs.org/fastq 24ms (cache miss)
1954 silly packumentCache full:https://registry.npmjs.org/fastq set size:undefined disposed:false
1955 http fetch GET 200 https://registry.npmjs.org/@nodelib%2ffs.scandir 26ms (cache miss)
1956 silly packumentCache full:https://registry.npmjs.org/@nodelib%2ffs.scandir set size:undefined disposed:false
1957 silly placeDep ROOT @nodelib/fs.scandir@2.1.5 OK for: @nodelib/fs.walk@1.2.8 want: 2.1.5
1958 silly placeDep ROOT fastq@1.20.3 OK for: @nodelib/fs.walk@1.2.8 want: ^1.6.0
1959 silly fetch manifest run-parallel@^1.1.9
1960 silly packumentCache full:https://registry.npmjs.org/run-parallel cache-miss
1961 silly fetch manifest reusify@^1.0.4
1962 silly packumentCache full:https://registry.npmjs.org/reusify cache-miss
1963 http fetch GET 200 https://registry.npmjs.org/reusify 17ms (cache miss)
1964 silly packumentCache full:https://registry.npmjs.org/reusify set size:undefined disposed:false
1965 http fetch GET 200 https://registry.npmjs.org/run-parallel 17ms (cache miss)
1966 silly packumentCache full:https://registry.npmjs.org/run-parallel set size:undefined disposed:false
1967 silly placeDep ROOT run-parallel@1.2.0 OK for: @nodelib/fs.scandir@2.1.5 want: ^1.1.9
1968 silly fetch manifest queue-microtask@^1.2.2
1969 silly packumentCache full:https://registry.npmjs.org/queue-microtask cache-miss
1970 http fetch GET 200 https://registry.npmjs.org/queue-microtask 22ms (cache miss)
1971 silly packumentCache full:https://registry.npmjs.org/queue-microtask set size:undefined disposed:false
1972 silly placeDep ROOT reusify@1.1.0 OK for: fastq@1.20.3 want: ^1.0.4
1973 silly placeDep node_modules/figures escape-string-regexp@1.0.5 OK for: figures@3.2.0 want: ^1.0.5
1974 silly placeDep ROOT asynckit@0.4.0 OK for: form-data@4.0.6 want: ^0.4.0
1975 silly placeDep ROOT combined-stream@1.0.8 OK for: form-data@4.0.6 want: ^1.0.8
1976 silly placeDep ROOT es-set-tostringtag@2.1.0 OK for: form-data@4.0.6 want: ^2.1.0
1977 silly placeDep ROOT hasown@2.0.4 OK for: form-data@4.0.6 want: ^2.0.4
1978 silly placeDep ROOT mime-types@2.1.35 OK for: form-data@4.0.6 want: ^2.1.35
1979 silly fetch manifest delayed-stream@~1.0.0
1980 silly packumentCache full:https://registry.npmjs.org/delayed-stream cache-miss
1981 silly fetch manifest es-errors@^1.3.0
1982 silly packumentCache full:https://registry.npmjs.org/es-errors cache-miss
1983 silly fetch manifest get-intrinsic@^1.2.6
1984 silly packumentCache full:https://registry.npmjs.org/get-intrinsic cache-miss
1985 silly fetch manifest has-tostringtag@^1.0.2
1986 silly packumentCache full:https://registry.npmjs.org/has-tostringtag cache-miss
1987 silly fetch manifest hasown@^2.0.2
1988 silly packumentCache full:https://registry.npmjs.org/hasown cache-miss
1989 silly fetch manifest function-bind@^1.1.2
1990 silly packumentCache full:https://registry.npmjs.org/function-bind cache-miss
1991 silly fetch manifest mime-db@1.52.0
1992 silly packumentCache full:https://registry.npmjs.org/mime-db cache-miss
1993 http cache https://registry.npmjs.org/hasown 4ms (cache hit)
1994 silly packumentCache full:https://registry.npmjs.org/hasown set size:18361 disposed:false
1995 http fetch GET 200 https://registry.npmjs.org/has-tostringtag 17ms (cache miss)
1996 silly packumentCache full:https://registry.npmjs.org/has-tostringtag set size:undefined disposed:false
1997 http fetch GET 200 https://registry.npmjs.org/delayed-stream 22ms (cache miss)
1998 silly packumentCache full:https://registry.npmjs.org/delayed-stream set size:undefined disposed:false
1999 http fetch GET 200 https://registry.npmjs.org/function-bind 22ms (cache miss)
2000 silly packumentCache full:https://registry.npmjs.org/function-bind set size:undefined disposed:false
2001 http fetch GET 200 https://registry.npmjs.org/get-intrinsic 25ms (cache miss)
2002 silly packumentCache full:https://registry.npmjs.org/get-intrinsic set size:undefined disposed:false
2003 http fetch GET 200 https://registry.npmjs.org/mime-db 28ms (cache miss)
2004 silly packumentCache full:https://registry.npmjs.org/mime-db set size:undefined disposed:false
2005 http fetch GET 200 https://registry.npmjs.org/es-errors 47ms (cache miss)
2006 silly packumentCache full:https://registry.npmjs.org/es-errors set size:undefined disposed:false
2007 silly placeDep ROOT delayed-stream@1.0.0 OK for: combined-stream@1.0.8 want: ~1.0.0
2008 silly placeDep ROOT es-errors@1.3.0 OK for: es-set-tostringtag@2.1.0 want: ^1.3.0
2009 silly placeDep ROOT get-intrinsic@1.3.0 OK for: es-set-tostringtag@2.1.0 want: ^1.2.6
2010 silly placeDep ROOT has-tostringtag@1.0.2 OK for: es-set-tostringtag@2.1.0 want: ^1.0.2
2011 silly fetch manifest gopd@^1.2.0
2012 silly packumentCache full:https://registry.npmjs.org/gopd cache-miss
2013 silly fetch manifest get-proto@^1.0.1
2014 silly packumentCache full:https://registry.npmjs.org/get-proto cache-miss
2015 silly fetch manifest has-symbols@^1.1.0
2016 silly packumentCache full:https://registry.npmjs.org/has-symbols cache-miss
2017 silly fetch manifest es-object-atoms@^1.1.1
2018 silly packumentCache full:https://registry.npmjs.org/es-object-atoms cache-miss
2019 silly fetch manifest math-intrinsics@^1.1.0
2020 silly packumentCache full:https://registry.npmjs.org/math-intrinsics cache-miss
2021 silly fetch manifest es-define-property@^1.0.1
2022 silly packumentCache full:https://registry.npmjs.org/es-define-property cache-miss
2023 silly fetch manifest call-bind-apply-helpers@^1.0.2
2024 silly packumentCache full:https://registry.npmjs.org/call-bind-apply-helpers cache-miss
2025 silly fetch manifest has-symbols@^1.0.3
2026 silly packumentCache full:https://registry.npmjs.org/has-symbols cache-miss
2027 http fetch GET 200 https://registry.npmjs.org/has-symbols 20ms (cache miss)
2028 silly packumentCache full:https://registry.npmjs.org/has-symbols set size:undefined disposed:false
2029 http fetch GET 200 https://registry.npmjs.org/has-symbols 20ms (cache miss)
2030 silly packumentCache full:https://registry.npmjs.org/has-symbols set size:undefined disposed:false
2031 http fetch GET 200 https://registry.npmjs.org/gopd 22ms (cache miss)
2032 silly packumentCache full:https://registry.npmjs.org/gopd set size:undefined disposed:false
2033 http fetch GET 200 https://registry.npmjs.org/math-intrinsics 22ms (cache miss)
2034 silly packumentCache full:https://registry.npmjs.org/math-intrinsics set size:undefined disposed:false
2035 http fetch GET 200 https://registry.npmjs.org/es-object-atoms 22ms (cache miss)
2036 silly packumentCache full:https://registry.npmjs.org/es-object-atoms set size:undefined disposed:false
2037 http fetch GET 200 https://registry.npmjs.org/call-bind-apply-helpers 23ms (cache miss)
2038 silly packumentCache full:https://registry.npmjs.org/call-bind-apply-helpers set size:undefined disposed:false
2039 http fetch GET 200 https://registry.npmjs.org/es-define-property 24ms (cache miss)
2040 silly packumentCache full:https://registry.npmjs.org/es-define-property set size:undefined disposed:false
2041 http fetch GET 200 https://registry.npmjs.org/get-proto 24ms (cache miss)
2042 silly packumentCache full:https://registry.npmjs.org/get-proto set size:undefined disposed:false
2043 silly placeDep ROOT graceful-fs@4.2.11 OK for: fs-extra@11.2.0 want: ^4.2.0
2044 silly placeDep ROOT jsonfile@6.2.1 OK for: fs-extra@11.2.0 want: ^6.0.1
2045 silly placeDep ROOT universalify@2.0.1 OK for: fs-extra@11.2.0 want: ^2.0.0
2046 silly placeDep ROOT call-bind-apply-helpers@1.0.2 OK for: get-intrinsic@1.3.0 want: ^1.0.2
2047 silly placeDep ROOT es-define-property@1.0.1 OK for: get-intrinsic@1.3.0 want: ^1.0.1
2048 silly placeDep ROOT es-object-atoms@1.1.2 OK for: get-intrinsic@1.3.0 want: ^1.1.1
2049 silly placeDep ROOT function-bind@1.1.2 OK for: get-intrinsic@1.3.0 want: ^1.1.2
2050 silly placeDep ROOT get-proto@1.0.1 OK for: get-intrinsic@1.3.0 want: ^1.0.1
2051 silly placeDep ROOT gopd@1.2.0 OK for: get-intrinsic@1.3.0 want: ^1.2.0
2052 silly placeDep ROOT has-symbols@1.1.0 OK for: get-intrinsic@1.3.0 want: ^1.1.0
2053 silly placeDep ROOT math-intrinsics@1.1.0 OK for: get-intrinsic@1.3.0 want: ^1.1.0
2054 silly fetch manifest dunder-proto@^1.0.1
2055 silly packumentCache full:https://registry.npmjs.org/dunder-proto cache-miss
2056 http fetch GET 200 https://registry.npmjs.org/dunder-proto 20ms (cache miss)
2057 silly packumentCache full:https://registry.npmjs.org/dunder-proto set size:undefined disposed:false
2058 silly placeDep ROOT dunder-proto@1.0.1 OK for: get-proto@1.0.1 want: ^1.0.1
2059 silly placeDep node_modules/glob minimatch@10.2.6 OK for: glob@13.0.6 want: ^10.2.2
2060 silly placeDep ROOT minipass@7.1.3 OK for: glob@13.0.6 want: ^7.1.3
2061 silly placeDep ROOT path-scurry@2.0.2 OK for: glob@13.0.6 want: ^2.0.2
2062 silly fetch manifest lru-cache@^11.0.0
2063 silly packumentCache full:https://registry.npmjs.org/lru-cache cache-hit
2064 silly placeDep ROOT is-glob@4.0.3 OK for: glob-parent@5.1.2 want: ^4.0.1
2065 silly fetch manifest is-extglob@^2.1.1
2066 silly packumentCache full:https://registry.npmjs.org/is-extglob cache-miss
2067 http fetch GET 200 https://registry.npmjs.org/is-extglob 17ms (cache miss)
2068 silly packumentCache full:https://registry.npmjs.org/is-extglob set size:undefined disposed:false
2069 silly placeDep ROOT lodash.merge@4.6.2 OK for: gradle-to-js@2.0.1 want: ^4.6.2
2070 silly placeDep ROOT content-type@1.0.5 OK for: http-call@5.3.0 want: ^1.0.4
2071 silly placeDep ROOT is-retry-allowed@1.2.0 OK for: http-call@5.3.0 want: ^1.1.0
2072 silly placeDep ROOT is-stream@2.0.1 OK for: http-call@5.3.0 want: ^2.0.0
2073 silly placeDep ROOT parse-json@4.0.0 OK for: http-call@5.3.0 want: ^4.0.0
2074 silly placeDep ROOT tunnel-agent@0.6.0 OK for: http-call@5.3.0 want: ^0.6.0
2075 silly fetch manifest error-ex@^1.3.1
2076 silly packumentCache full:https://registry.npmjs.org/error-ex cache-miss
2077 silly fetch manifest json-parse-better-errors@^1.0.1
2078 silly packumentCache full:https://registry.npmjs.org/json-parse-better-errors cache-miss
2079 silly fetch manifest safe-buffer@^5.0.1
2080 silly packumentCache full:https://registry.npmjs.org/safe-buffer cache-miss
2081 http fetch GET 200 https://registry.npmjs.org/safe-buffer 18ms (cache miss)
2082 silly packumentCache full:https://registry.npmjs.org/safe-buffer set size:undefined disposed:false
2083 http fetch GET 200 https://registry.npmjs.org/json-parse-better-errors 21ms (cache miss)
2084 silly packumentCache full:https://registry.npmjs.org/json-parse-better-errors set size:undefined disposed:false
2085 http fetch GET 200 https://registry.npmjs.org/error-ex 23ms (cache miss)
2086 silly packumentCache full:https://registry.npmjs.org/error-ex set size:undefined disposed:false
2087 silly placeDep ROOT agent-base@6.0.2 OK for: https-proxy-agent@5.0.1 want: 6
2088 silly placeDep ROOT loose-envify@1.4.0 OK for: invariant@2.2.4 want: ^1.0.0
2089 silly placeDep ROOT is-extglob@2.1.1 OK for: is-glob@4.0.3 want: ^2.1.1
2090 silly placeDep ROOT async@3.2.6 OK for: jake@10.9.4 want: ^3.2.6
2091 silly placeDep ROOT filelist@1.0.6 OK for: jake@10.9.4 want: ^1.0.4
2092 silly placeDep ROOT node-int64@0.4.0 OK for: jks-js@1.1.0 want: ^0.4.0
2093 silly placeDep ROOT node-rsa@1.1.1 OK for: jks-js@1.1.0 want: ^1.1.1
2094 silly fetch manifest asn1@^0.2.4
2095 silly packumentCache full:https://registry.npmjs.org/asn1 cache-miss
2096 http fetch GET 200 https://registry.npmjs.org/asn1 24ms (cache miss)
2097 silly packumentCache full:https://registry.npmjs.org/asn1 set size:undefined disposed:false
2098 silly placeDep ROOT @hapi/hoek@9.3.0 OK for: joi@17.11.0 want: ^9.0.0
2099 silly placeDep ROOT @hapi/topo@5.1.0 OK for: joi@17.11.0 want: ^5.0.0
2100 silly placeDep ROOT @sideway/address@4.1.5 OK for: joi@17.11.0 want: ^4.1.3
2101 silly placeDep ROOT @sideway/formula@3.0.1 OK for: joi@17.11.0 want: ^3.0.1
2102 silly placeDep ROOT @sideway/pinpoint@2.0.0 OK for: joi@17.11.0 want: ^2.0.0
2103 silly placeDep ROOT is-unicode-supported@0.1.0 OK for: log-symbols@4.1.0 want: ^0.1.0
2104 silly placeDep ROOT yallist@3.1.1 OK for: lru-cache@5.1.1 want: ^3.0.2
2105 silly placeDep ROOT charenc@0.0.2 OK for: md5@2.3.0 want: 0.0.2
2106 silly placeDep ROOT crypt@0.0.2 OK for: md5@2.3.0 want: 0.0.2
2107 silly placeDep ROOT is-buffer@1.1.6 OK for: md5@2.3.0 want: ~1.1.6
2108 silly placeDep ROOT braces@3.0.3 OK for: micromatch@4.0.8 want: ^3.0.3
2109 silly placeDep ROOT picomatch@2.3.2 OK for: micromatch@4.0.8 want: ^2.3.1
2110 silly fetch manifest fill-range@^7.1.1
2111 silly packumentCache full:https://registry.npmjs.org/fill-range cache-miss
2112 http fetch GET 200 https://registry.npmjs.org/fill-range 25ms (cache miss)
2113 silly packumentCache full:https://registry.npmjs.org/fill-range set size:undefined disposed:false
2114 silly placeDep ROOT fill-range@7.1.1 OK for: braces@3.0.3 want: ^7.1.1
2115 silly fetch manifest to-regex-range@^5.0.1
2116 silly packumentCache full:https://registry.npmjs.org/to-regex-range cache-miss
2117 http fetch GET 200 https://registry.npmjs.org/to-regex-range 16ms (cache miss)
2118 silly packumentCache full:https://registry.npmjs.org/to-regex-range set size:undefined disposed:false
2119 silly placeDep ROOT to-regex-range@5.0.1 OK for: fill-range@7.1.1 want: ^5.0.1
2120 silly fetch manifest is-number@^7.0.0
2121 silly packumentCache full:https://registry.npmjs.org/is-number cache-miss
2122 http fetch GET 200 https://registry.npmjs.org/is-number 17ms (cache miss)
2123 silly packumentCache full:https://registry.npmjs.org/is-number set size:undefined disposed:false
2124 silly placeDep ROOT mime-db@1.52.0 OK for: mime-types@2.1.35 want: 1.52.0
2125 silly placeDep ROOT brace-expansion@2.1.4 OK for: minimatch@5.1.2 want: ^2.0.1
2126 silly fetch manifest balanced-match@^1.0.0
2127 silly packumentCache full:https://registry.npmjs.org/balanced-match cache-miss
2128 http fetch GET 200 https://registry.npmjs.org/balanced-match 18ms (cache miss)
2129 silly packumentCache full:https://registry.npmjs.org/balanced-match set size:undefined disposed:false
2130 silly placeDep ROOT balanced-match@1.0.2 OK for: brace-expansion@2.1.4 want: ^1.0.0
2131 silly placeDep ROOT mkdirp@0.5.6 OK for: mv@2.1.1 want: ~0.5.1
2132 silly placeDep ROOT ncp@2.0.0 OK for: mv@2.1.1 want: ~2.0.0
2133 silly placeDep ROOT rimraf@2.4.5 OK for: mv@2.1.1 want: ~2.4.0
2134 silly fetch manifest minimist@^1.2.6
2135 silly packumentCache full:https://registry.npmjs.org/minimist cache-miss
2136 silly fetch manifest glob@^6.0.1
2137 silly packumentCache full:https://registry.npmjs.org/glob cache-hit
2138 http fetch GET 200 https://registry.npmjs.org/minimist 18ms (cache miss)
2139 silly packumentCache full:https://registry.npmjs.org/minimist set size:undefined disposed:false
2140 silly placeDep ROOT minimist@1.2.8 OK for: mkdirp@0.5.6 want: ^1.2.6
2141 silly placeDep ROOT whatwg-url@5.0.0 OK for: node-fetch@2.6.7 want: ^5.0.0
2142 silly fetch manifest tr46@~0.0.3
2143 silly packumentCache full:https://registry.npmjs.org/tr46 cache-miss
2144 silly fetch manifest webidl-conversions@^3.0.0
2145 silly packumentCache full:https://registry.npmjs.org/webidl-conversions cache-miss
2146 http fetch GET 200 https://registry.npmjs.org/webidl-conversions 19ms (cache miss)
2147 silly packumentCache full:https://registry.npmjs.org/webidl-conversions set size:undefined disposed:false
2148 http fetch GET 200 https://registry.npmjs.org/tr46 20ms (cache miss)
2149 silly packumentCache full:https://registry.npmjs.org/tr46 set size:undefined disposed:false
2150 silly placeDep ROOT asn1@0.2.6 OK for: node-rsa@1.1.1 want: ^0.2.4
2151 silly fetch manifest safer-buffer@~2.1.0
2152 silly packumentCache full:https://registry.npmjs.org/safer-buffer cache-miss
2153 http fetch GET 200 https://registry.npmjs.org/safer-buffer 15ms (cache miss)
2154 silly packumentCache full:https://registry.npmjs.org/safer-buffer set size:undefined disposed:false
2155 silly placeDep ROOT safer-buffer@2.1.2 OK for: asn1@0.2.6 want: ~2.1.0
2156 silly placeDep ROOT hosted-git-info@7.0.2 OK for: npm-package-arg@11.0.3 want: ^7.0.0
2157 silly placeDep ROOT proc-log@4.2.0 OK for: npm-package-arg@11.0.3 want: ^4.0.0
2158 silly placeDep ROOT validate-npm-package-name@5.0.1 OK for: npm-package-arg@11.0.3 want: ^5.0.0
2159 silly fetch manifest lru-cache@^10.0.1
2160 silly packumentCache full:https://registry.npmjs.org/lru-cache cache-hit
2161 silly placeDep node_modules/hosted-git-info lru-cache@10.4.3 OK for: hosted-git-info@7.0.2 want: ^10.0.1
2162 silly placeDep ROOT define-lazy-prop@2.0.0 OK for: open@8.4.0 want: ^2.0.0
2163 silly placeDep ROOT is-docker@2.2.1 OK for: open@8.4.0 want: ^2.1.1
2164 silly placeDep ROOT is-wsl@2.2.0 OK for: open@8.4.0 want: ^2.2.0
2165 silly placeDep ROOT cli-cursor@3.1.0 OK for: ora@5.1.0 want: ^3.1.0
2166 silly placeDep ROOT is-interactive@1.0.0 OK for: ora@5.1.0 want: ^1.0.0
2167 silly placeDep ROOT mute-stream@0.0.8 OK for: ora@5.1.0 want: 0.0.8
2168 silly placeDep ROOT strip-ansi@6.0.1 OK for: ora@5.1.0 want: ^6.0.0
2169 silly placeDep ROOT wcwidth@1.0.1 OK for: ora@5.1.0 want: ^1.0.1
2170 silly fetch manifest restore-cursor@^3.1.0
2171 silly packumentCache full:https://registry.npmjs.org/restore-cursor cache-miss
2172 silly fetch manifest ansi-regex@^5.0.1
2173 silly packumentCache full:https://registry.npmjs.org/ansi-regex cache-miss
2174 silly fetch manifest defaults@^1.0.3
2175 silly packumentCache full:https://registry.npmjs.org/defaults cache-miss
2176 http fetch GET 200 https://registry.npmjs.org/restore-cursor 19ms (cache miss)
2177 silly packumentCache full:https://registry.npmjs.org/restore-cursor set size:undefined disposed:false
2178 http fetch GET 200 https://registry.npmjs.org/ansi-regex 20ms (cache miss)
2179 silly packumentCache full:https://registry.npmjs.org/ansi-regex set size:undefined disposed:false
2180 http fetch GET 200 https://registry.npmjs.org/defaults 23ms (cache miss)
2181 silly packumentCache full:https://registry.npmjs.org/defaults set size:undefined disposed:false
2182 silly placeDep ROOT restore-cursor@3.1.0 OK for: cli-cursor@3.1.0 want: ^3.1.0
2183 silly fetch manifest onetime@^5.1.0
2184 silly packumentCache full:https://registry.npmjs.org/onetime cache-miss
2185 http fetch GET 200 https://registry.npmjs.org/onetime 18ms (cache miss)
2186 silly packumentCache full:https://registry.npmjs.org/onetime set size:undefined disposed:false
2187 silly placeDep ROOT error-ex@1.3.4 OK for: parse-json@4.0.0 want: ^1.3.1
2188 silly placeDep ROOT json-parse-better-errors@1.0.2 OK for: parse-json@4.0.0 want: ^1.0.1
2189 silly fetch manifest is-arrayish@^0.2.1
2190 silly packumentCache full:https://registry.npmjs.org/is-arrayish cache-miss
2191 http fetch GET 200 https://registry.npmjs.org/is-arrayish 19ms (cache miss)
2192 silly packumentCache full:https://registry.npmjs.org/is-arrayish set size:undefined disposed:false
2193 silly placeDep ROOT is-arrayish@0.2.1 OK for: error-ex@1.3.4 want: ^0.2.1
2194 silly placeDep node_modules/parse-png pngjs@3.4.0 OK for: parse-png@2.1.0 want: ^3.3.0
2195 silly placeDep node_modules/path-scurry lru-cache@11.5.2 OK for: path-scurry@2.0.2 want: ^11.0.0
2196 silly placeDep ROOT find-up@4.1.0 OK for: pkg-dir@4.2.0 want: ^4.0.0
2197 silly fetch manifest locate-path@^5.0.0
2198 silly packumentCache full:https://registry.npmjs.org/locate-path cache-miss
2199 silly fetch manifest path-exists@^4.0.0
2200 silly packumentCache full:https://registry.npmjs.org/path-exists cache-miss
2201 http fetch GET 200 https://registry.npmjs.org/path-exists 22ms (cache miss)
2202 silly packumentCache full:https://registry.npmjs.org/path-exists set size:undefined disposed:false
2203 http fetch GET 200 https://registry.npmjs.org/locate-path 24ms (cache miss)
2204 silly packumentCache full:https://registry.npmjs.org/locate-path set size:undefined disposed:false
2205 silly placeDep ROOT locate-path@5.0.0 OK for: find-up@4.1.0 want: ^5.0.0
2206 silly placeDep ROOT path-exists@4.0.0 OK for: find-up@4.1.0 want: ^4.0.0
2207 silly fetch manifest p-locate@^4.1.0
2208 silly packumentCache full:https://registry.npmjs.org/p-locate cache-miss
2209 http fetch GET 200 https://registry.npmjs.org/p-locate 28ms (cache miss)
2210 silly packumentCache full:https://registry.npmjs.org/p-locate set size:undefined disposed:false
2211 silly placeDep ROOT p-locate@4.1.0 OK for: locate-path@5.0.0 want: ^4.1.0
2212 silly fetch manifest p-limit@^2.2.0
2213 silly packumentCache full:https://registry.npmjs.org/p-limit cache-miss
2214 http fetch GET 200 https://registry.npmjs.org/p-limit 17ms (cache miss)
2215 silly packumentCache full:https://registry.npmjs.org/p-limit set size:undefined disposed:false
2216 silly placeDep ROOT p-limit@2.3.0 OK for: p-locate@4.1.0 want: ^2.2.0
2217 silly fetch manifest p-try@^2.0.0
2218 silly packumentCache full:https://registry.npmjs.org/p-try cache-miss
2219 http fetch GET 200 https://registry.npmjs.org/p-try 16ms (cache miss)
2220 silly packumentCache full:https://registry.npmjs.org/p-try set size:undefined disposed:false
2221 silly placeDep ROOT p-try@2.2.0 OK for: p-limit@2.3.0 want: ^2.0.0
2222 silly placeDep ROOT err-code@2.0.3 OK for: promise-retry@2.0.1 want: ^2.0.2
2223 silly placeDep ROOT retry@0.12.0 OK for: promise-retry@2.0.1 want: ^0.12.0
2224 silly placeDep ROOT kleur@3.0.3 OK for: prompts@2.4.2 want: ^3.0.3
2225 silly placeDep ROOT sisteransi@1.0.5 OK for: prompts@2.4.2 want: ^1.0.5
2226 silly placeDep ROOT @protobufjs/aspromise@1.1.2 OK for: protobufjs@7.6.6 want: ^1.1.2
2227 silly placeDep ROOT @protobufjs/base64@1.1.2 OK for: protobufjs@7.6.6 want: ^1.1.2
2228 silly placeDep ROOT @protobufjs/codegen@2.0.5 OK for: protobufjs@7.6.6 want: ^2.0.5
2229 silly placeDep ROOT @protobufjs/eventemitter@1.1.1 OK for: protobufjs@7.6.6 want: ^1.1.1
2230 silly placeDep ROOT @protobufjs/fetch@1.1.1 OK for: protobufjs@7.6.6 want: ^1.1.1
2231 silly placeDep ROOT @protobufjs/float@1.0.2 OK for: protobufjs@7.6.6 want: ^1.0.2
2232 silly placeDep ROOT @protobufjs/path@1.1.2 OK for: protobufjs@7.6.6 want: ^1.1.2
2233 silly placeDep ROOT @protobufjs/pool@1.1.0 OK for: protobufjs@7.6.6 want: ^1.1.0
2234 silly placeDep ROOT @protobufjs/utf8@1.1.2 OK for: protobufjs@7.6.6 want: ^1.1.1
2235 silly placeDep ROOT long@5.3.2 OK for: protobufjs@7.6.6 want: ^5.3.2
2236 silly placeDep ROOT onetime@5.1.2 OK for: restore-cursor@3.1.0 want: ^5.1.0
2237 silly placeDep ROOT signal-exit@3.0.7 OK for: restore-cursor@3.1.0 want: ^3.0.2
2238 silly fetch manifest mimic-fn@^2.1.0
2239 silly packumentCache full:https://registry.npmjs.org/mimic-fn cache-miss
2240 http fetch GET 200 https://registry.npmjs.org/mimic-fn 16ms (cache miss)
2241 silly packumentCache full:https://registry.npmjs.org/mimic-fn set size:undefined disposed:false
2242 silly placeDep ROOT mimic-fn@2.1.0 OK for: onetime@5.1.2 want: ^2.1.0
2243 silly placeDep node_modules/rimraf glob@6.0.4 OK for: rimraf@2.4.5 want: ^6.0.1
2244 silly fetch manifest once@^1.3.0
2245 silly packumentCache full:https://registry.npmjs.org/once cache-miss
2246 silly fetch manifest inflight@^1.0.4
2247 silly packumentCache full:https://registry.npmjs.org/inflight cache-miss
2248 silly fetch manifest inherits@2
2249 silly packumentCache full:https://registry.npmjs.org/inherits cache-miss
2250 silly fetch manifest minimatch@2 || 3
2251 silly packumentCache full:https://registry.npmjs.org/minimatch cache-hit
2252 silly fetch manifest path-is-absolute@^1.0.0
2253 silly packumentCache full:https://registry.npmjs.org/path-is-absolute cache-miss
2254 http fetch GET 200 https://registry.npmjs.org/path-is-absolute 17ms (cache miss)
2255 silly packumentCache full:https://registry.npmjs.org/path-is-absolute set size:undefined disposed:false
2256 http fetch GET 200 https://registry.npmjs.org/inherits 18ms (cache miss)
2257 silly packumentCache full:https://registry.npmjs.org/inherits set size:undefined disposed:false
2258 http fetch GET 200 https://registry.npmjs.org/once 19ms (cache miss)
2259 silly packumentCache full:https://registry.npmjs.org/once set size:undefined disposed:false
2260 http fetch GET 200 https://registry.npmjs.org/inflight 24ms (cache miss)
2261 silly packumentCache full:https://registry.npmjs.org/inflight set size:undefined disposed:false
2262 silly placeDep ROOT queue-microtask@1.2.3 OK for: run-parallel@1.2.0 want: ^1.2.2
2263 silly placeDep node_modules/semver lru-cache@6.0.0 OK for: semver@7.5.4 want: ^6.0.0
2264 silly fetch manifest yallist@^4.0.0
2265 silly packumentCache full:https://registry.npmjs.org/yallist cache-hit
2266 silly placeDep ROOT shebang-regex@3.0.0 OK for: shebang-command@2.0.0 want: ^3.0.0
2267 silly placeDep ROOT emoji-regex@8.0.0 OK for: string-width@4.2.3 want: ^8.0.0
2268 silly placeDep ROOT is-fullwidth-code-point@3.0.0 OK for: string-width@4.2.3 want: ^3.0.0
2269 silly placeDep ROOT ansi-regex@5.0.1 OK for: strip-ansi@6.0.1 want: ^5.0.1
2270 silly placeDep ROOT has-flag@4.0.0 OK for: supports-color@8.1.1 want: ^4.0.0
2271 silly placeDep ROOT @isaacs/fs-minipass@4.0.1 OK for: tar@7.5.19 want: ^4.0.0
2272 silly placeDep ROOT chownr@3.0.0 OK for: tar@7.5.19 want: ^3.0.0
2273 silly placeDep node_modules/tar yallist@5.0.0 OK for: tar@7.5.19 want: ^5.0.0
2274 silly fetch manifest react-native-b4a@*
2275 silly packumentCache full:https://registry.npmjs.org/react-native-b4a cache-miss
2276 http fetch GET 200 https://registry.npmjs.org/react-native-b4a 16ms (cache miss)
2277 silly packumentCache full:https://registry.npmjs.org/react-native-b4a set size:undefined disposed:false
2278 silly fetch manifest react@*
2279 silly packumentCache full:https://registry.npmjs.org/react cache-miss
2280 http fetch GET 200 https://registry.npmjs.org/react 139ms (cache miss)
2281 silly packumentCache full:https://registry.npmjs.org/react set size:undefined disposed:false
2282 silly fetch manifest react-native@*
2283 silly packumentCache full:https://registry.npmjs.org/react-native cache-miss
2284 http fetch GET 200 https://registry.npmjs.org/react-native 190ms (cache miss)
2285 silly packumentCache full:https://registry.npmjs.org/react-native set size:undefined disposed:false
2286 silly fetch manifest @types/react@^19.1.1
2287 silly packumentCache full:https://registry.npmjs.org/@types%2freact cache-miss
2288 http fetch GET 200 https://registry.npmjs.org/@types%2freact 63ms (cache miss)
2289 silly packumentCache full:https://registry.npmjs.org/@types%2freact set size:undefined disposed:false
2290 silly placeDep ROOT b4a@1.8.1 OK for: tar-stream@3.1.7 want: ^1.6.4
2291 silly placeDep ROOT fast-fifo@1.3.2 OK for: tar-stream@3.1.7 want: ^1.2.0
2292 silly placeDep ROOT streamx@2.28.1 OK for: tar-stream@3.1.7 want: ^2.15.0
2293 silly fetch manifest text-decoder@^1.1.0
2294 silly packumentCache full:https://registry.npmjs.org/text-decoder cache-miss
2295 silly fetch manifest events-universal@^1.0.0
2296 silly packumentCache full:https://registry.npmjs.org/events-universal cache-miss
2297 http fetch GET 200 https://registry.npmjs.org/text-decoder 16ms (cache miss)
2298 silly packumentCache full:https://registry.npmjs.org/text-decoder set size:undefined disposed:false
2299 http fetch GET 200 https://registry.npmjs.org/events-universal 25ms (cache miss)
2300 silly packumentCache full:https://registry.npmjs.org/events-universal set size:undefined disposed:false
2301 silly placeDep ROOT events-universal@1.0.1 OK for: streamx@2.28.1 want: ^1.0.0
2302 silly placeDep ROOT text-decoder@1.2.7 OK for: streamx@2.28.1 want: ^1.1.0
2303 silly fetch manifest bare-events@^2.7.0
2304 silly packumentCache full:https://registry.npmjs.org/bare-events cache-miss
2305 http fetch GET 200 https://registry.npmjs.org/bare-events 26ms (cache miss)
2306 silly packumentCache full:https://registry.npmjs.org/bare-events set size:undefined disposed:false
2307 silly fetch manifest bare-abort-controller@*
2308 silly packumentCache full:https://registry.npmjs.org/bare-abort-controller cache-miss
2309 http fetch GET 200 https://registry.npmjs.org/bare-abort-controller 25ms (cache miss)
2310 silly packumentCache full:https://registry.npmjs.org/bare-abort-controller set size:undefined disposed:false
2311 silly placeDep ROOT bare-events@2.9.2 OK for: events-universal@1.0.1 want: ^2.7.0
2312 silly placeDep ROOT supports-hyperlinks@2.3.0 OK for: terminal-link@2.1.1 want: ^2.0.0
2313 silly fetch manifest supports-color@^7.0.0
2314 silly packumentCache full:https://registry.npmjs.org/supports-color cache-hit
2315 silly placeDep node_modules/supports-hyperlinks supports-color@7.2.0 OK for: supports-hyperlinks@2.3.0 want: ^7.0.0
2316 silly placeDep node_modules/tinyglobby fdir@6.5.0 OK for: tinyglobby@0.2.17 want: ^6.5.0
2317 silly placeDep node_modules/tinyglobby picomatch@4.0.7 OK for: fdir@6.5.0 want: ^3 || ^4
2318 silly placeDep ROOT is-number@7.0.0 OK for: to-regex-range@5.0.1 want: ^7.0.0
2319 silly placeDep ROOT safe-buffer@5.2.1 OK for: tunnel-agent@0.6.0 want: ^5.0.1
2320 silly placeDep ROOT domino@2.1.8 OK for: turndown@7.1.2 want: ^2.1.6
2321 silly placeDep ROOT crypto-random-string@2.0.0 OK for: unique-string@2.0.0 want: ^2.0.0
2322 silly placeDep ROOT escalade@3.2.0 OK for: update-browserslist-db@1.3.2 want: ^3.2.0
2323 silly placeDep ROOT punycode@2.3.1 OK for: uri-js@4.4.1 want: ^2.1.0
2324 silly placeDep ROOT defaults@1.0.4 OK for: wcwidth@1.0.1 want: ^1.0.3
2325 silly fetch manifest clone@^1.0.2
2326 silly packumentCache full:https://registry.npmjs.org/clone cache-miss
2327 http fetch GET 200 https://registry.npmjs.org/clone 23ms (cache miss)
2328 silly packumentCache full:https://registry.npmjs.org/clone set size:undefined disposed:false
2329 silly placeDep ROOT clone@1.0.4 OK for: defaults@1.0.4 want: ^1.0.2
2330 silly placeDep ROOT tr46@0.0.3 OK for: whatwg-url@5.0.0 want: ~0.0.3
2331 silly placeDep ROOT webidl-conversions@3.0.1 OK for: whatwg-url@5.0.0 want: ^3.0.0
2332 silly placeDep ROOT isexe@2.0.0 OK for: which@2.0.2 want: ^2.0.0
2333 silly placeDep ROOT imurmurhash@0.1.4 OK for: write-file-atomic@2.4.3 want: ^0.1.4
2334 silly placeDep node_modules/wsl-utils is-wsl@3.1.1 OK for: wsl-utils@0.4.0 want: ^3.1.0
2335 silly placeDep ROOT powershell-utils@0.1.0 OK for: wsl-utils@0.4.0 want: ^0.1.0
2336 silly fetch manifest is-inside-container@^1.0.0
2337 silly packumentCache full:https://registry.npmjs.org/is-inside-container cache-miss
2338 http fetch GET 200 https://registry.npmjs.org/is-inside-container 18ms (cache miss)
2339 silly packumentCache full:https://registry.npmjs.org/is-inside-container set size:undefined disposed:false
2340 silly placeDep ROOT simple-plist@1.3.1 OK for: xcode@3.0.1 want: ^1.1.0
2341 silly placeDep node_modules/xcode uuid@7.0.3 OK for: xcode@3.0.1 want: ^7.0.3
2342 silly fetch manifest bplist-creator@0.1.0
2343 silly packumentCache full:https://registry.npmjs.org/bplist-creator cache-miss
2344 silly fetch manifest bplist-parser@0.3.1
2345 silly packumentCache full:https://registry.npmjs.org/bplist-parser cache-miss
2346 silly fetch manifest plist@^3.0.5
2347 silly packumentCache full:https://registry.npmjs.org/plist cache-miss
2348 http cache https://registry.npmjs.org/bplist-parser 3ms (cache hit)
2349 silly packumentCache full:https://registry.npmjs.org/bplist-parser set size:21877 disposed:false
2350 http fetch GET 200 https://registry.npmjs.org/bplist-creator 19ms (cache miss)
2351 silly packumentCache full:https://registry.npmjs.org/bplist-creator set size:undefined disposed:false
2352 http fetch GET 200 https://registry.npmjs.org/plist 168ms (cache miss)
2353 silly packumentCache full:https://registry.npmjs.org/plist set size:undefined disposed:false
2354 silly placeDep ROOT bplist-creator@0.1.0 OK for: simple-plist@1.3.1 want: 0.1.0
2355 silly placeDep node_modules/simple-plist bplist-parser@0.3.1 OK for: simple-plist@1.3.1 want: 0.3.1
2356 silly placeDep ROOT plist@3.1.1 OK for: simple-plist@1.3.1 want: ^3.0.5
2357 silly fetch manifest stream-buffers@2.2.x
2358 silly packumentCache full:https://registry.npmjs.org/stream-buffers cache-miss
2359 silly fetch manifest @xmldom/xmldom@^0.9.10
2360 silly packumentCache full:https://registry.npmjs.org/@xmldom%2fxmldom cache-miss
2361 http cache https://registry.npmjs.org/@xmldom%2fxmldom 3ms (cache hit)
2362 silly packumentCache full:https://registry.npmjs.org/@xmldom%2fxmldom set size:178126 disposed:false
2363 http fetch GET 200 https://registry.npmjs.org/stream-buffers 23ms (cache miss)
2364 silly packumentCache full:https://registry.npmjs.org/stream-buffers set size:undefined disposed:false
2365 silly placeDep ROOT stream-buffers@2.2.0 OK for: bplist-creator@0.1.0 want: 2.2.x
2366 silly placeDep node_modules/plist @xmldom/xmldom@0.9.12 OK for: plist@3.1.1 want: ^0.9.10
2367 silly placeDep ROOT sax@1.6.1 OK for: xml2js@0.6.0 want: >=0.6.0
2368 silly placeDep node_modules/xml2js xmlbuilder@11.0.1 OK for: xml2js@0.6.0 want: ~11.0.0
2369 silly placeDep node_modules/@babel/code-frame ansi-styles@3.2.1 OK for: chalk@2.4.2 want: ^3.2.1
2370 silly placeDep node_modules/@babel/code-frame escape-string-regexp@1.0.5 OK for: chalk@2.4.2 want: ^1.0.5
2371 silly placeDep node_modules/@babel/code-frame supports-color@5.5.0 OK for: chalk@2.4.2 want: ^5.3.0
2372 silly fetch manifest color-convert@^1.9.0
2373 silly packumentCache full:https://registry.npmjs.org/color-convert cache-miss
2374 silly fetch manifest has-flag@^3.0.0
2375 silly packumentCache full:https://registry.npmjs.org/has-flag cache-miss
2376 http cache https://registry.npmjs.org/color-convert 3ms (cache hit)
2377 silly packumentCache full:https://registry.npmjs.org/color-convert set size:72663 disposed:false
2378 http cache https://registry.npmjs.org/has-flag 4ms (cache hit)
2379 silly packumentCache full:https://registry.npmjs.org/has-flag set size:15180 disposed:false
2380 silly placeDep node_modules/@babel/code-frame color-convert@1.9.3 OK for: ansi-styles@3.2.1 want: ^1.9.0
2381 silly fetch manifest color-name@1.1.3
2382 silly packumentCache full:https://registry.npmjs.org/color-name cache-miss
2383 http cache https://registry.npmjs.org/color-name 2ms (cache hit)
2384 silly packumentCache full:https://registry.npmjs.org/color-name set size:20968 disposed:false
2385 silly placeDep node_modules/@babel/code-frame color-name@1.1.3 OK for: color-convert@1.9.3 want: 1.1.3
2386 silly placeDep node_modules/@babel/code-frame has-flag@3.0.0 OK for: supports-color@5.5.0 want: ^3.0.0
2387 silly placeDep node_modules/@babel/highlight ansi-styles@3.2.1 OK for: chalk@2.4.2 want: ^3.2.1
2388 silly placeDep node_modules/@babel/highlight escape-string-regexp@1.0.5 OK for: chalk@2.4.2 want: ^1.0.5
2389 silly placeDep node_modules/@babel/highlight supports-color@5.5.0 OK for: chalk@2.4.2 want: ^5.3.0
2390 silly placeDep node_modules/@babel/highlight color-convert@1.9.3 OK for: ansi-styles@3.2.1 want: ^1.9.0
2391 silly placeDep node_modules/@babel/highlight color-name@1.1.3 OK for: color-convert@1.9.3 want: 1.1.3
2392 silly placeDep node_modules/@babel/highlight has-flag@3.0.0 OK for: supports-color@5.5.0 want: ^3.0.0
2393 silly placeDep node_modules/@expo/config-plugins @babel/code-frame@7.10.4 OK for: @expo/json-file@10.0.16 want: ~7.10.4
2394 silly placeDep node_modules/@expo/eas-json lru-cache@6.0.0 OK for: semver@7.5.2 want: ^6.0.0
2395 silly placeDep node_modules/@expo/eas-json yallist@4.0.0 OK for: lru-cache@6.0.0 want: ^4.0.0
2396 silly placeDep node_modules/@expo/package-manager/node_modules/ora chalk@2.4.2 OK for: ora@3.4.0 want: ^2.4.2
2397 silly placeDep node_modules/@expo/package-manager cli-cursor@2.1.0 OK for: ora@3.4.0 want: ^2.1.0
2398 silly placeDep node_modules/@expo/package-manager log-symbols@2.2.0 OK for: ora@3.4.0 want: ^2.2.0
2399 silly placeDep node_modules/@expo/package-manager strip-ansi@5.2.0 OK for: ora@3.4.0 want: ^5.2.0
2400 silly fetch manifest restore-cursor@^2.0.0
2401 silly packumentCache full:https://registry.npmjs.org/restore-cursor cache-miss
2402 silly fetch manifest chalk@^2.0.1
2403 silly packumentCache full:https://registry.npmjs.org/chalk cache-hit
2404 silly fetch manifest ansi-regex@^4.1.0
2405 silly packumentCache full:https://registry.npmjs.org/ansi-regex cache-miss
2406 http cache https://registry.npmjs.org/restore-cursor 3ms (cache hit)
2407 silly packumentCache full:https://registry.npmjs.org/restore-cursor set size:17895 disposed:false
2408 http cache https://registry.npmjs.org/ansi-regex 3ms (cache hit)
2409 silly packumentCache full:https://registry.npmjs.org/ansi-regex set size:48203 disposed:false
2410 silly placeDep node_modules/@expo/package-manager restore-cursor@2.0.0 OK for: cli-cursor@2.1.0 want: ^2.0.0
2411 silly fetch manifest onetime@^2.0.0
2412 silly packumentCache full:https://registry.npmjs.org/onetime cache-miss
2413 http cache https://registry.npmjs.org/onetime 2ms (cache hit)
2414 silly packumentCache full:https://registry.npmjs.org/onetime set size:32314 disposed:false
2415 silly placeDep node_modules/@expo/package-manager/node_modules/log-symbols chalk@2.4.2 OK for: log-symbols@2.2.0 want: ^2.0.1
2416 silly placeDep node_modules/@expo/package-manager onetime@2.0.1 OK for: restore-cursor@2.0.0 want: ^2.0.0
2417 silly fetch manifest mimic-fn@^1.0.0
2418 silly packumentCache full:https://registry.npmjs.org/mimic-fn cache-miss
2419 http cache https://registry.npmjs.org/mimic-fn 2ms (cache hit)
2420 silly packumentCache full:https://registry.npmjs.org/mimic-fn set size:22257 disposed:false
2421 silly placeDep node_modules/@expo/package-manager mimic-fn@1.2.0 OK for: onetime@2.0.1 want: ^1.0.0
2422 silly placeDep node_modules/@expo/package-manager ansi-regex@4.1.1 OK for: strip-ansi@5.2.0 want: ^4.1.0
2423 silly fetch manifest @swc/core@>=1.2.50
2424 silly packumentCache full:https://registry.npmjs.org/@swc%2fcore cache-miss
2425 http fetch GET 200 https://registry.npmjs.org/@swc%2fcore 121ms (cache miss)
2426 silly packumentCache full:https://registry.npmjs.org/@swc%2fcore set size:undefined disposed:false
2427 silly fetch manifest @swc/helpers@>=0.5.17
2428 silly packumentCache full:https://registry.npmjs.org/@swc%2fhelpers cache-miss
2429 http fetch GET 200 https://registry.npmjs.org/@swc%2fhelpers 45ms (cache miss)
2430 silly packumentCache full:https://registry.npmjs.org/@swc%2fhelpers set size:undefined disposed:false
2431 silly fetch manifest @swc/wasm@>=1.2.50
2432 silly packumentCache full:https://registry.npmjs.org/@swc%2fwasm cache-miss
2433 http fetch GET 200 https://registry.npmjs.org/@swc%2fwasm 63ms (cache miss)
2434 silly packumentCache full:https://registry.npmjs.org/@swc%2fwasm set size:undefined disposed:false
2435 silly fetch manifest typescript@>=2.7
2436 silly packumentCache full:https://registry.npmjs.org/typescript cache-miss
2437 http cache https://registry.npmjs.org/typescript 20ms (cache hit)
2438 silly packumentCache full:https://registry.npmjs.org/typescript set size:15622794 disposed:false
2439 silly placeDep ROOT @types/cli-progress@3.11.6 OK for: @oclif/core@2.16.0 want: ^3.11.0
2440 silly placeDep ROOT cardinal@2.1.1 OK for: @oclif/core@2.16.0 want: ^2.1.1
2441 silly placeDep ROOT globby@11.1.0 OK for: @oclif/core@2.16.0 want: ^11.1.0
2442 silly placeDep ROOT hyperlinker@1.0.0 OK for: @oclif/core@2.16.0 want: ^1.0.0
2443 silly placeDep ROOT js-yaml@3.15.2 OK for: @oclif/core@2.16.0 want: ^3.14.1
2444 silly placeDep ROOT natural-orderby@2.0.3 OK for: @oclif/core@2.16.0 want: ^2.0.3
2445 silly placeDep ROOT object-treeify@1.1.33 OK for: @oclif/core@2.16.0 want: ^1.1.33
2446 silly placeDep ROOT password-prompt@1.1.3 OK for: @oclif/core@2.16.0 want: ^1.1.2
2447 silly placeDep ROOT slice-ansi@4.0.0 OK for: @oclif/core@2.16.0 want: ^4.0.0
2448 silly placeDep ROOT ts-node@10.9.2 OK for: @oclif/core@2.16.0 want: ^10.9.1
2449 silly placeDep ROOT typescript@7.0.2 OK for: ts-node@10.9.2 want: >=2.7
2450 silly fetch manifest ansicolors@~0.3.2
2451 silly packumentCache full:https://registry.npmjs.org/ansicolors cache-miss
2452 silly fetch manifest redeyed@~2.1.0
2453 silly packumentCache full:https://registry.npmjs.org/redeyed cache-miss
2454 silly fetch manifest dir-glob@^3.0.1
2455 silly packumentCache full:https://registry.npmjs.org/dir-glob cache-miss
2456 silly fetch manifest array-union@^2.1.0
2457 silly packumentCache full:https://registry.npmjs.org/array-union cache-miss
2458 silly fetch manifest esprima@^4.0.0
2459 silly packumentCache full:https://registry.npmjs.org/esprima cache-miss
2460 silly fetch manifest argparse@^1.0.7
2461 silly packumentCache full:https://registry.npmjs.org/argparse cache-miss
2462 silly fetch manifest astral-regex@^2.0.0
2463 silly packumentCache full:https://registry.npmjs.org/astral-regex cache-miss
2464 silly fetch manifest yn@3.1.1
2465 silly packumentCache full:https://registry.npmjs.org/yn cache-miss
2466 silly fetch manifest arg@^4.1.0
2467 silly packumentCache full:https://registry.npmjs.org/arg cache-miss
2468 silly fetch manifest diff@^4.0.1
2469 silly packumentCache full:https://registry.npmjs.org/diff cache-miss
2470 silly fetch manifest acorn@^8.4.1
2471 silly packumentCache full:https://registry.npmjs.org/acorn cache-miss
2472 silly fetch manifest acorn-walk@^8.1.1
2473 silly packumentCache full:https://registry.npmjs.org/acorn-walk cache-miss
2474 silly fetch manifest make-error@^1.1.1
2475 silly packumentCache full:https://registry.npmjs.org/make-error cache-miss
2476 silly fetch manifest create-require@^1.1.0
2477 silly packumentCache full:https://registry.npmjs.org/create-require cache-miss
2478 silly fetch manifest @tsconfig/node10@^1.0.7
2479 silly packumentCache full:https://registry.npmjs.org/@tsconfig%2fnode10 cache-miss
2480 http cache https://registry.npmjs.org/arg 7ms (cache hit)
2481 silly packumentCache full:https://registry.npmjs.org/arg set size:67036 disposed:false
2482 silly fetch manifest @tsconfig/node12@^1.0.7
2483 silly packumentCache full:https://registry.npmjs.org/@tsconfig%2fnode12 cache-miss
2484 http cache https://registry.npmjs.org/diff 9ms (cache hit)
2485 silly packumentCache full:https://registry.npmjs.org/diff set size:154400 disposed:false
2486 silly fetch manifest @tsconfig/node14@^1.0.0
2487 silly packumentCache full:https://registry.npmjs.org/@tsconfig%2fnode14 cache-miss
2488 http fetch GET 200 https://registry.npmjs.org/dir-glob 19ms (cache miss)
2489 silly packumentCache full:https://registry.npmjs.org/dir-glob set size:undefined disposed:false
2490 silly fetch manifest @tsconfig/node16@^1.0.2
2491 silly packumentCache full:https://registry.npmjs.org/@tsconfig%2fnode16 cache-miss
2492 http fetch GET 200 https://registry.npmjs.org/ansicolors 23ms (cache miss)
2493 silly packumentCache full:https://registry.npmjs.org/ansicolors set size:undefined disposed:false
2494 silly fetch manifest v8-compile-cache-lib@^3.0.1
2495 silly packumentCache full:https://registry.npmjs.org/v8-compile-cache-lib cache-miss
2496 http fetch GET 200 https://registry.npmjs.org/array-union 24ms (cache miss)
2497 silly packumentCache full:https://registry.npmjs.org/array-union set size:undefined disposed:false
2498 silly fetch manifest @cspotcode/source-map-support@^0.8.0
2499 silly packumentCache full:https://registry.npmjs.org/@cspotcode%2fsource-map-support cache-miss
2500 http fetch GET 200 https://registry.npmjs.org/redeyed 26ms (cache miss)
2501 silly packumentCache full:https://registry.npmjs.org/redeyed set size:undefined disposed:false
2502 silly fetch manifest @typescript/typescript-aix-ppc64@7.0.2
2503 silly packumentCache full:https://registry.npmjs.org/@typescript%2ftypescript-aix-ppc64 cache-miss
2504 http fetch GET 200 https://registry.npmjs.org/acorn-walk 28ms (cache miss)
2505 silly packumentCache full:https://registry.npmjs.org/acorn-walk set size:undefined disposed:false
2506 silly fetch manifest @typescript/typescript-linux-arm@7.0.2
2507 silly packumentCache full:https://registry.npmjs.org/@typescript%2ftypescript-linux-arm cache-miss
2508 http fetch GET 200 https://registry.npmjs.org/yn 30ms (cache miss)
2509 silly packumentCache full:https://registry.npmjs.org/yn set size:undefined disposed:false
2510 silly fetch manifest @typescript/typescript-linux-x64@7.0.2
2511 silly packumentCache full:https://registry.npmjs.org/@typescript%2ftypescript-linux-x64 cache-miss
2512 http fetch GET 200 https://registry.npmjs.org/astral-regex 32ms (cache miss)
2513 silly packumentCache full:https://registry.npmjs.org/astral-regex set size:undefined disposed:false
2514 silly fetch manifest @typescript/typescript-sunos-x64@7.0.2
2515 silly packumentCache full:https://registry.npmjs.org/@typescript%2ftypescript-sunos-x64 cache-miss
2516 http fetch GET 200 https://registry.npmjs.org/create-require 33ms (cache miss)
2517 silly packumentCache full:https://registry.npmjs.org/create-require set size:undefined disposed:false
2518 silly fetch manifest @typescript/typescript-win32-x64@7.0.2
2519 silly packumentCache full:https://registry.npmjs.org/@typescript%2ftypescript-win32-x64 cache-miss
2520 http fetch GET 200 https://registry.npmjs.org/argparse 35ms (cache miss)
2521 silly packumentCache full:https://registry.npmjs.org/argparse set size:undefined disposed:false
2522 silly fetch manifest @typescript/typescript-darwin-x64@7.0.2
2523 silly packumentCache full:https://registry.npmjs.org/@typescript%2ftypescript-darwin-x64 cache-miss
2524 http fetch GET 200 https://registry.npmjs.org/esprima 37ms (cache miss)
2525 silly packumentCache full:https://registry.npmjs.org/esprima set size:undefined disposed:false
2526 silly fetch manifest @typescript/typescript-netbsd-x64@7.0.2
2527 silly packumentCache full:https://registry.npmjs.org/@typescript%2ftypescript-netbsd-x64 cache-miss
2528 http fetch GET 200 https://registry.npmjs.org/@tsconfig%2fnode10 37ms (cache miss)
2529 silly packumentCache full:https://registry.npmjs.org/@tsconfig%2fnode10 set size:undefined disposed:false
2530 silly fetch manifest @typescript/typescript-freebsd-x64@7.0.2
2531 silly packumentCache full:https://registry.npmjs.org/@typescript%2ftypescript-freebsd-x64 cache-miss
2532 http fetch GET 200 https://registry.npmjs.org/@tsconfig%2fnode12 31ms (cache miss)
2533 silly packumentCache full:https://registry.npmjs.org/@tsconfig%2fnode12 set size:undefined disposed:false
2534 silly fetch manifest @typescript/typescript-linux-arm64@7.0.2
2535 silly packumentCache full:https://registry.npmjs.org/@typescript%2ftypescript-linux-arm64 cache-miss
2536 http fetch GET 200 https://registry.npmjs.org/acorn 40ms (cache miss)
2537 silly packumentCache full:https://registry.npmjs.org/acorn set size:undefined disposed:false
2538 silly fetch manifest @typescript/typescript-linux-ppc64@7.0.2
2539 silly packumentCache full:https://registry.npmjs.org/@typescript%2ftypescript-linux-ppc64 cache-miss
2540 http fetch GET 200 https://registry.npmjs.org/v8-compile-cache-lib 20ms (cache miss)
2541 silly packumentCache full:https://registry.npmjs.org/v8-compile-cache-lib set size:undefined disposed:false
2542 silly fetch manifest @typescript/typescript-linux-s390x@7.0.2
2543 silly packumentCache full:https://registry.npmjs.org/@typescript%2ftypescript-linux-s390x cache-miss
2544 http fetch GET 200 https://registry.npmjs.org/@tsconfig%2fnode14 34ms (cache miss)
2545 silly packumentCache full:https://registry.npmjs.org/@tsconfig%2fnode14 set size:undefined disposed:false
2546 silly fetch manifest @typescript/typescript-openbsd-x64@7.0.2
2547 silly packumentCache full:https://registry.npmjs.org/@typescript%2ftypescript-openbsd-x64 cache-miss
2548 http fetch GET 200 https://registry.npmjs.org/@tsconfig%2fnode16 29ms (cache miss)
2549 silly packumentCache full:https://registry.npmjs.org/@tsconfig%2fnode16 set size:undefined disposed:false
2550 silly fetch manifest @typescript/typescript-win32-arm64@7.0.2
2551 silly packumentCache full:https://registry.npmjs.org/@typescript%2ftypescript-win32-arm64 cache-miss
2552 http fetch GET 200 https://registry.npmjs.org/@typescript%2ftypescript-aix-ppc64 25ms (cache miss)
2553 silly packumentCache full:https://registry.npmjs.org/@typescript%2ftypescript-aix-ppc64 set size:undefined disposed:false
2554 silly fetch manifest @typescript/typescript-darwin-arm64@7.0.2
2555 silly packumentCache full:https://registry.npmjs.org/@typescript%2ftypescript-darwin-arm64 cache-miss
2556 http fetch GET 200 https://registry.npmjs.org/@typescript%2ftypescript-linux-arm 27ms (cache miss)
2557 silly packumentCache full:https://registry.npmjs.org/@typescript%2ftypescript-linux-arm set size:undefined disposed:false
2558 silly fetch manifest @typescript/typescript-netbsd-arm64@7.0.2
2559 silly packumentCache full:https://registry.npmjs.org/@typescript%2ftypescript-netbsd-arm64 cache-miss
2560 http fetch GET 200 https://registry.npmjs.org/@cspotcode%2fsource-map-support 36ms (cache miss)
2561 silly packumentCache full:https://registry.npmjs.org/@cspotcode%2fsource-map-support set size:undefined disposed:false
2562 silly fetch manifest @typescript/typescript-freebsd-arm64@7.0.2
2563 silly packumentCache full:https://registry.npmjs.org/@typescript%2ftypescript-freebsd-arm64 cache-miss
2564 http fetch GET 200 https://registry.npmjs.org/@typescript%2ftypescript-linux-x64 30ms (cache miss)
2565 silly packumentCache full:https://registry.npmjs.org/@typescript%2ftypescript-linux-x64 set size:undefined disposed:false
2566 silly fetch manifest @typescript/typescript-linux-loong64@7.0.2
2567 silly packumentCache full:https://registry.npmjs.org/@typescript%2ftypescript-linux-loong64 cache-miss
2568 http fetch GET 200 https://registry.npmjs.org/@typescript%2ftypescript-sunos-x64 34ms (cache miss)
2569 silly packumentCache full:https://registry.npmjs.org/@typescript%2ftypescript-sunos-x64 set size:undefined disposed:false
2570 silly fetch manifest @typescript/typescript-linux-riscv64@7.0.2
2571 silly packumentCache full:https://registry.npmjs.org/@typescript%2ftypescript-linux-riscv64 cache-miss
2572 http fetch GET 200 https://registry.npmjs.org/@typescript%2ftypescript-openbsd-x64 27ms (cache miss)
2573 silly packumentCache full:https://registry.npmjs.org/@typescript%2ftypescript-openbsd-x64 set size:undefined disposed:false
2574 silly fetch manifest @typescript/typescript-openbsd-arm64@7.0.2
2575 silly packumentCache full:https://registry.npmjs.org/@typescript%2ftypescript-openbsd-arm64 cache-miss
2576 http fetch GET 200 https://registry.npmjs.org/@typescript%2ftypescript-linux-ppc64 31ms (cache miss)
2577 silly packumentCache full:https://registry.npmjs.org/@typescript%2ftypescript-linux-ppc64 set size:undefined disposed:false
2578 silly fetch manifest @typescript/typescript-linux-mips64el@7.0.2
2579 silly packumentCache full:https://registry.npmjs.org/@typescript%2ftypescript-linux-mips64el cache-miss
2580 http fetch GET 200 https://registry.npmjs.org/@typescript%2ftypescript-netbsd-x64 37ms (cache miss)
2581 silly packumentCache full:https://registry.npmjs.org/@typescript%2ftypescript-netbsd-x64 set size:undefined disposed:false
2582 http fetch GET 200 https://registry.npmjs.org/@typescript%2ftypescript-linux-s390x 30ms (cache miss)
2583 silly packumentCache full:https://registry.npmjs.org/@typescript%2ftypescript-linux-s390x set size:undefined disposed:false
2584 http fetch GET 200 https://registry.npmjs.org/@typescript%2ftypescript-linux-arm64 35ms (cache miss)
2585 silly packumentCache full:https://registry.npmjs.org/@typescript%2ftypescript-linux-arm64 set size:undefined disposed:false
2586 http fetch GET 200 https://registry.npmjs.org/@typescript%2ftypescript-win32-x64 42ms (cache miss)
2587 silly packumentCache full:https://registry.npmjs.org/@typescript%2ftypescript-win32-x64 set size:undefined disposed:false
2588 http fetch GET 200 https://registry.npmjs.org/@typescript%2ftypescript-darwin-x64 42ms (cache miss)
2589 silly packumentCache full:https://registry.npmjs.org/@typescript%2ftypescript-darwin-x64 set size:undefined disposed:false
2590 http fetch GET 200 https://registry.npmjs.org/@typescript%2ftypescript-win32-arm64 32ms (cache miss)
2591 silly packumentCache full:https://registry.npmjs.org/@typescript%2ftypescript-win32-arm64 set size:undefined disposed:false
2592 http fetch GET 200 https://registry.npmjs.org/@typescript%2ftypescript-netbsd-arm64 28ms (cache miss)
2593 silly packumentCache full:https://registry.npmjs.org/@typescript%2ftypescript-netbsd-arm64 set size:undefined disposed:false
2594 http fetch GET 200 https://registry.npmjs.org/@typescript%2ftypescript-darwin-arm64 32ms (cache miss)
2595 silly packumentCache full:https://registry.npmjs.org/@typescript%2ftypescript-darwin-arm64 set size:undefined disposed:false
2596 http fetch GET 200 https://registry.npmjs.org/@typescript%2ftypescript-freebsd-x64 45ms (cache miss)
2597 silly packumentCache full:https://registry.npmjs.org/@typescript%2ftypescript-freebsd-x64 set size:undefined disposed:false
2598 http fetch GET 200 https://registry.npmjs.org/@typescript%2ftypescript-openbsd-arm64 26ms (cache miss)
2599 silly packumentCache full:https://registry.npmjs.org/@typescript%2ftypescript-openbsd-arm64 set size:undefined disposed:false
2600 http fetch GET 200 https://registry.npmjs.org/@typescript%2ftypescript-freebsd-arm64 43ms (cache miss)
2601 silly packumentCache full:https://registry.npmjs.org/@typescript%2ftypescript-freebsd-arm64 set size:undefined disposed:false
2602 http fetch GET 200 https://registry.npmjs.org/@typescript%2ftypescript-linux-riscv64 38ms (cache miss)
2603 silly packumentCache full:https://registry.npmjs.org/@typescript%2ftypescript-linux-riscv64 set size:undefined disposed:false
2604 http fetch GET 200 https://registry.npmjs.org/@typescript%2ftypescript-linux-mips64el 33ms (cache miss)
2605 silly packumentCache full:https://registry.npmjs.org/@typescript%2ftypescript-linux-mips64el set size:undefined disposed:false
2606 http fetch GET 200 https://registry.npmjs.org/make-error 186ms (cache miss)
2607 silly packumentCache full:https://registry.npmjs.org/make-error set size:undefined disposed:false
2608 http fetch GET 200 https://registry.npmjs.org/@typescript%2ftypescript-linux-loong64 189ms (cache miss)
2609 silly packumentCache full:https://registry.npmjs.org/@typescript%2ftypescript-linux-loong64 set size:undefined disposed:false
2610 silly placeDep ROOT typescript@5.9.3 REPLACE for: @expo/require-utils@55.0.8 want: ^5.0.0 || ^5.0.0-0
2611 silly placeDep ROOT ansicolors@0.3.2 OK for: cardinal@2.1.1 want: ~0.3.2
2612 silly placeDep ROOT redeyed@2.1.1 OK for: cardinal@2.1.1 want: ~2.1.0
2613 silly fetch manifest esprima@~4.0.0
2614 silly packumentCache full:https://registry.npmjs.org/esprima cache-miss
2615 http cache https://registry.npmjs.org/esprima 2ms (cache hit)
2616 silly packumentCache full:https://registry.npmjs.org/esprima set size:118410 disposed:false
2617 silly placeDep ROOT array-union@2.1.0 OK for: globby@11.1.0 want: ^2.1.0
2618 silly placeDep ROOT dir-glob@3.0.1 OK for: globby@11.1.0 want: ^3.0.1
2619 silly fetch manifest path-type@^4.0.0
2620 silly packumentCache full:https://registry.npmjs.org/path-type cache-miss
2621 http fetch GET 200 https://registry.npmjs.org/path-type 22ms (cache miss)
2622 silly packumentCache full:https://registry.npmjs.org/path-type set size:undefined disposed:false
2623 silly placeDep ROOT path-type@4.0.0 OK for: dir-glob@3.0.1 want: ^4.0.0
2624 silly placeDep ROOT argparse@1.0.10 OK for: js-yaml@3.15.2 want: ^1.0.7
2625 silly placeDep ROOT esprima@4.0.1 OK for: js-yaml@3.15.2 want: ^4.0.0
2626 silly fetch manifest sprintf-js@~1.0.2
2627 silly packumentCache full:https://registry.npmjs.org/sprintf-js cache-miss
2628 http fetch GET 200 https://registry.npmjs.org/sprintf-js 17ms (cache miss)
2629 silly packumentCache full:https://registry.npmjs.org/sprintf-js set size:undefined disposed:false
2630 silly placeDep ROOT sprintf-js@1.0.3 OK for: argparse@1.0.10 want: ~1.0.2
2631 silly placeDep ROOT astral-regex@2.0.0 OK for: slice-ansi@4.0.0 want: ^2.0.0
2632 silly placeDep ROOT @cspotcode/source-map-support@0.8.1 OK for: ts-node@10.9.2 want: ^0.8.0
2633 silly placeDep ROOT @tsconfig/node10@1.0.13 OK for: ts-node@10.9.2 want: ^1.0.7
2634 silly placeDep ROOT @tsconfig/node12@1.0.11 OK for: ts-node@10.9.2 want: ^1.0.7
2635 silly placeDep ROOT @tsconfig/node14@1.0.3 OK for: ts-node@10.9.2 want: ^1.0.0
2636 silly placeDep ROOT @tsconfig/node16@1.0.4 OK for: ts-node@10.9.2 want: ^1.0.2
2637 silly placeDep ROOT acorn@8.18.0 OK for: ts-node@10.9.2 want: ^8.4.1
2638 silly placeDep ROOT acorn-walk@8.3.5 OK for: ts-node@10.9.2 want: ^8.1.1
2639 silly placeDep node_modules/ts-node arg@4.1.3 OK for: ts-node@10.9.2 want: ^4.1.0
2640 silly placeDep ROOT create-require@1.1.1 OK for: ts-node@10.9.2 want: ^1.1.0
2641 silly placeDep node_modules/ts-node diff@4.0.4 OK for: ts-node@10.9.2 want: ^4.0.1
2642 silly placeDep ROOT make-error@1.3.6 OK for: ts-node@10.9.2 want: ^1.1.1
2643 silly placeDep ROOT v8-compile-cache-lib@3.0.1 OK for: ts-node@10.9.2 want: ^3.0.1
2644 silly placeDep ROOT yn@3.1.1 OK for: ts-node@10.9.2 want: 3.1.1
2645 silly fetch manifest @jridgewell/trace-mapping@0.3.9
2646 silly packumentCache full:https://registry.npmjs.org/@jridgewell%2ftrace-mapping cache-miss
2647 http cache https://registry.npmjs.org/@jridgewell%2ftrace-mapping 2ms (cache hit)
2648 silly packumentCache full:https://registry.npmjs.org/@jridgewell%2ftrace-mapping set size:170909 disposed:false
2649 silly placeDep node_modules/@cspotcode/source-map-support @jridgewell/trace-mapping@0.3.9 OK for: @cspotcode/source-map-support@0.8.1 want: 0.3.9
2650 silly placeDep node_modules/@expo/prebuild-config @babel/code-frame@7.10.4 OK for: @expo/config@11.0.13 want: ~7.10.4
2651 silly placeDep node_modules/@expo/prebuild-config getenv@2.0.0 OK for: @expo/config@11.0.13 want: ^2.0.0
2652 silly placeDep node_modules/@expo/prebuild-config glob@10.5.0 OK for: @expo/config@11.0.13 want: ^10.4.2
2653 silly placeDep ROOT sucrase@3.35.0 OK for: @expo/config@11.0.13 want: 3.35.0
2654 silly fetch manifest jackspeak@^3.1.2
2655 silly packumentCache full:https://registry.npmjs.org/jackspeak cache-miss
2656 silly fetch manifest minimatch@^9.0.4
2657 silly packumentCache full:https://registry.npmjs.org/minimatch cache-hit
2658 silly fetch manifest path-scurry@^1.11.1
2659 silly packumentCache full:https://registry.npmjs.org/path-scurry cache-miss
2660 silly fetch manifest foreground-child@^3.1.0
2661 silly packumentCache full:https://registry.npmjs.org/foreground-child cache-miss
2662 silly fetch manifest package-json-from-dist@^1.0.0
2663 silly packumentCache full:https://registry.npmjs.org/package-json-from-dist cache-miss
2664 silly fetch manifest mz@^2.7.0
2665 silly packumentCache full:https://registry.npmjs.org/mz cache-miss
2666 silly fetch manifest glob@^10.3.10
2667 silly packumentCache full:https://registry.npmjs.org/glob cache-hit
2668 silly fetch manifest pirates@^4.0.1
2669 silly packumentCache full:https://registry.npmjs.org/pirates cache-miss
2670 silly fetch manifest commander@^4.0.0
2671 silly packumentCache full:https://registry.npmjs.org/commander cache-miss
2672 silly fetch manifest lines-and-columns@^1.1.6
2673 silly packumentCache full:https://registry.npmjs.org/lines-and-columns cache-miss
2674 silly fetch manifest ts-interface-checker@^0.1.9
2675 silly packumentCache full:https://registry.npmjs.org/ts-interface-checker cache-miss
2676 http cache https://registry.npmjs.org/path-scurry 6ms (cache hit)
2677 silly packumentCache full:https://registry.npmjs.org/path-scurry set size:117612 disposed:false
2678 http fetch GET 200 https://registry.npmjs.org/ts-interface-checker 20ms (cache miss)
2679 silly packumentCache full:https://registry.npmjs.org/ts-interface-checker set size:undefined disposed:false
2680 http fetch GET 200 https://registry.npmjs.org/mz 22ms (cache miss)
2681 silly packumentCache full:https://registry.npmjs.org/mz set size:undefined disposed:false
2682 http fetch GET 200 https://registry.npmjs.org/pirates 22ms (cache miss)
2683 silly packumentCache full:https://registry.npmjs.org/pirates set size:undefined disposed:false
2684 http fetch GET 200 https://registry.npmjs.org/package-json-from-dist 26ms (cache miss)
2685 silly packumentCache full:https://registry.npmjs.org/package-json-from-dist set size:undefined disposed:false
2686 http fetch GET 200 https://registry.npmjs.org/foreground-child 28ms (cache miss)
2687 silly packumentCache full:https://registry.npmjs.org/foreground-child set size:undefined disposed:false
2688 http fetch GET 200 https://registry.npmjs.org/lines-and-columns 28ms (cache miss)
2689 silly packumentCache full:https://registry.npmjs.org/lines-and-columns set size:undefined disposed:false
2690 http fetch GET 200 https://registry.npmjs.org/commander 31ms (cache miss)
2691 silly packumentCache full:https://registry.npmjs.org/commander set size:undefined disposed:false
2692 http fetch GET 200 https://registry.npmjs.org/jackspeak 192ms (cache miss)
2693 silly packumentCache full:https://registry.npmjs.org/jackspeak set size:undefined disposed:false
2694 silly placeDep ROOT commander@4.1.1 OK for: sucrase@3.35.0 want: ^4.0.0
2695 silly placeDep node_modules/sucrase glob@10.5.0 OK for: sucrase@3.35.0 want: ^10.3.10
2696 silly placeDep ROOT lines-and-columns@1.2.4 OK for: sucrase@3.35.0 want: ^1.1.6
2697 silly placeDep ROOT mz@2.7.0 OK for: sucrase@3.35.0 want: ^2.7.0
2698 silly placeDep ROOT pirates@4.0.7 OK for: sucrase@3.35.0 want: ^4.0.1
2699 silly placeDep ROOT ts-interface-checker@0.1.13 OK for: sucrase@3.35.0 want: ^0.1.9
2700 silly fetch manifest any-promise@^1.0.0
2701 silly packumentCache full:https://registry.npmjs.org/any-promise cache-miss
2702 silly fetch manifest object-assign@^4.0.1
2703 silly packumentCache full:https://registry.npmjs.org/object-assign cache-miss
2704 silly fetch manifest thenify-all@^1.0.0
2705 silly packumentCache full:https://registry.npmjs.org/thenify-all cache-miss
2706 http fetch GET 200 https://registry.npmjs.org/object-assign 18ms (cache miss)
2707 silly packumentCache full:https://registry.npmjs.org/object-assign set size:undefined disposed:false
2708 http fetch GET 200 https://registry.npmjs.org/thenify-all 21ms (cache miss)
2709 silly packumentCache full:https://registry.npmjs.org/thenify-all set size:undefined disposed:false
2710 http fetch GET 200 https://registry.npmjs.org/any-promise 27ms (cache miss)
2711 silly packumentCache full:https://registry.npmjs.org/any-promise set size:undefined disposed:false
2712 silly placeDep ROOT any-promise@1.3.0 OK for: mz@2.7.0 want: ^1.0.0
2713 silly placeDep ROOT object-assign@4.1.1 OK for: mz@2.7.0 want: ^4.0.1
2714 silly placeDep ROOT thenify-all@1.6.0 OK for: mz@2.7.0 want: ^1.0.0
2715 silly fetch manifest thenify@>= 3.1.0 < 4
2716 silly packumentCache full:https://registry.npmjs.org/thenify cache-miss
2717 http fetch GET 200 https://registry.npmjs.org/thenify 16ms (cache miss)
2718 silly packumentCache full:https://registry.npmjs.org/thenify set size:undefined disposed:false
2719 silly placeDep ROOT thenify@3.3.1 OK for: thenify-all@1.6.0 want: >= 3.1.0 < 4
2720 silly placeDep ROOT foreground-child@3.3.1 OK for: glob@10.5.0 want: ^3.1.0
2721 silly placeDep ROOT jackspeak@3.4.3 OK for: glob@10.5.0 want: ^3.1.2
2722 silly placeDep node_modules/@expo/prebuild-config minimatch@9.0.9 OK for: glob@10.5.0 want: ^9.0.4
2723 silly placeDep ROOT package-json-from-dist@1.0.1 OK for: glob@10.5.0 want: ^1.0.0
2724 silly placeDep node_modules/@expo/prebuild-config path-scurry@1.11.1 OK for: glob@10.5.0 want: ^1.11.1
2725 silly fetch manifest signal-exit@^4.0.1
2726 silly packumentCache full:https://registry.npmjs.org/signal-exit cache-miss
2727 silly fetch manifest @isaacs/cliui@^8.0.2
2728 silly packumentCache full:https://registry.npmjs.org/@isaacs%2fcliui cache-miss
2729 silly fetch manifest @pkgjs/parseargs@^0.11.0
2730 silly packumentCache full:https://registry.npmjs.org/@pkgjs%2fparseargs cache-miss
2731 silly fetch manifest lru-cache@^10.2.0
2732 silly packumentCache full:https://registry.npmjs.org/lru-cache cache-hit
2733 http cache https://registry.npmjs.org/signal-exit 4ms (cache hit)
2734 silly packumentCache full:https://registry.npmjs.org/signal-exit set size:53489 disposed:false
2735 http fetch GET 200 https://registry.npmjs.org/@isaacs%2fcliui 27ms (cache miss)
2736 silly packumentCache full:https://registry.npmjs.org/@isaacs%2fcliui set size:undefined disposed:false
2737 http fetch GET 200 https://registry.npmjs.org/@pkgjs%2fparseargs 45ms (cache miss)
2738 silly packumentCache full:https://registry.npmjs.org/@pkgjs%2fparseargs set size:undefined disposed:false
2739 silly placeDep node_modules/foreground-child signal-exit@4.1.0 OK for: foreground-child@3.3.1 want: ^4.0.1
2740 silly placeDep ROOT @isaacs/cliui@8.0.2 OK for: jackspeak@3.4.3 want: ^8.0.2
2741 silly placeDep ROOT @pkgjs/parseargs@0.11.0 OK for: jackspeak@3.4.3 want: ^0.11.0
2742 silly fetch manifest wrap-ansi@^8.1.0
2743 silly packumentCache full:https://registry.npmjs.org/wrap-ansi cache-hit
2744 silly fetch manifest strip-ansi@^7.0.1
2745 silly packumentCache full:https://registry.npmjs.org/strip-ansi cache-hit
2746 silly fetch manifest string-width@^5.1.2
2747 silly packumentCache full:https://registry.npmjs.org/string-width cache-hit
2748 silly fetch manifest wrap-ansi-cjs@npm:wrap-ansi@^7.0.0
2749 silly packumentCache full:https://registry.npmjs.org/wrap-ansi cache-hit
2750 silly fetch manifest strip-ansi-cjs@npm:strip-ansi@^6.0.1
2751 silly packumentCache full:https://registry.npmjs.org/strip-ansi cache-hit
2752 silly fetch manifest string-width-cjs@npm:string-width@^4.2.0
2753 silly packumentCache full:https://registry.npmjs.org/string-width cache-hit
2754 silly placeDep node_modules/@isaacs/cliui string-width@5.1.2 OK for: @isaacs/cliui@8.0.2 want: ^5.1.2
2755 silly placeDep ROOT string-width-cjs@4.2.3 OK for: @isaacs/cliui@8.0.2 want: npm:string-width@^4.2.0
2756 silly placeDep node_modules/@isaacs/cliui strip-ansi@7.2.0 OK for: @isaacs/cliui@8.0.2 want: ^7.0.1
2757 silly placeDep ROOT strip-ansi-cjs@6.0.1 OK for: @isaacs/cliui@8.0.2 want: npm:strip-ansi@^6.0.1
2758 silly placeDep node_modules/@isaacs/cliui wrap-ansi@8.1.0 OK for: @isaacs/cliui@8.0.2 want: ^8.1.0
2759 silly placeDep ROOT wrap-ansi-cjs@7.0.0 OK for: @isaacs/cliui@8.0.2 want: npm:wrap-ansi@^7.0.0
2760 silly fetch manifest emoji-regex@^9.2.2
2761 silly packumentCache full:https://registry.npmjs.org/emoji-regex cache-miss
2762 silly fetch manifest eastasianwidth@^0.2.0
2763 silly packumentCache full:https://registry.npmjs.org/eastasianwidth cache-miss
2764 silly fetch manifest ansi-regex@^6.2.2
2765 silly packumentCache full:https://registry.npmjs.org/ansi-regex cache-hit
2766 silly fetch manifest ansi-styles@^6.1.0
2767 silly packumentCache full:https://registry.npmjs.org/ansi-styles cache-hit
2768 http cache https://registry.npmjs.org/emoji-regex 5ms (cache hit)
2769 silly packumentCache full:https://registry.npmjs.org/emoji-regex set size:89064 disposed:false
2770 http fetch GET 200 https://registry.npmjs.org/eastasianwidth 20ms (cache miss)
2771 silly packumentCache full:https://registry.npmjs.org/eastasianwidth set size:undefined disposed:false
2772 silly placeDep node_modules/@expo/prebuild-config lru-cache@10.4.3 OK for: path-scurry@1.11.1 want: ^10.2.0
2773 silly placeDep ROOT eastasianwidth@0.2.0 OK for: string-width@5.1.2 want: ^0.2.0
2774 silly placeDep node_modules/@isaacs/cliui emoji-regex@9.2.2 OK for: string-width@5.1.2 want: ^9.2.2
2775 silly placeDep node_modules/@isaacs/cliui ansi-regex@6.3.0 OK for: strip-ansi@7.2.0 want: ^6.2.2
2776 silly placeDep node_modules/@isaacs/cliui ansi-styles@6.2.3 OK for: wrap-ansi@8.1.0 want: ^6.1.0
2777 silly placeDep node_modules/@oclif/core brace-expansion@5.0.9 OK for: minimatch@10.2.6 want: ^5.0.8
2778 silly fetch manifest balanced-match@^4.0.2
2779 silly packumentCache full:https://registry.npmjs.org/balanced-match cache-miss
2780 http cache https://registry.npmjs.org/balanced-match 3ms (cache hit)
2781 silly packumentCache full:https://registry.npmjs.org/balanced-match set size:39082 disposed:false
2782 silly placeDep node_modules/@oclif/core balanced-match@4.0.4 OK for: brace-expansion@5.0.9 want: ^4.0.2
2783 silly placeDep node_modules/glob brace-expansion@5.0.9 OK for: minimatch@10.2.6 want: ^5.0.8
2784 silly placeDep node_modules/glob balanced-match@4.0.4 OK for: brace-expansion@5.0.9 want: ^4.0.2
2785 silly placeDep ROOT inflight@1.0.6 OK for: glob@6.0.4 want: ^1.0.4
2786 silly placeDep ROOT inherits@2.0.4 OK for: glob@6.0.4 want: 2
2787 silly placeDep node_modules/rimraf minimatch@3.1.5 OK for: glob@6.0.4 want: 2 || 3
2788 silly placeDep ROOT once@1.4.0 OK for: glob@6.0.4 want: ^1.3.0
2789 silly placeDep ROOT path-is-absolute@1.0.1 OK for: glob@6.0.4 want: ^1.0.0
2790 silly fetch manifest wrappy@1
2791 silly packumentCache full:https://registry.npmjs.org/wrappy cache-miss
2792 silly fetch manifest brace-expansion@^1.1.7
2793 silly packumentCache full:https://registry.npmjs.org/brace-expansion cache-hit
2794 silly fetch manifest wrappy@1
2795 silly packumentCache full:https://registry.npmjs.org/wrappy cache-miss
2796 http fetch GET 200 https://registry.npmjs.org/wrappy 16ms (cache miss)
2797 silly packumentCache full:https://registry.npmjs.org/wrappy set size:undefined disposed:false
2798 http fetch GET 200 https://registry.npmjs.org/wrappy 16ms (cache miss)
2799 silly packumentCache full:https://registry.npmjs.org/wrappy set size:undefined disposed:false
2800 silly placeDep ROOT wrappy@1.0.2 OK for: inflight@1.0.6 want: 1
2801 silly placeDep node_modules/rimraf brace-expansion@1.1.18 OK for: minimatch@3.1.5 want: ^1.1.7
2802 silly fetch manifest concat-map@0.0.1
2803 silly packumentCache full:https://registry.npmjs.org/concat-map cache-miss
2804 http fetch GET 200 https://registry.npmjs.org/concat-map 16ms (cache miss)
2805 silly packumentCache full:https://registry.npmjs.org/concat-map set size:undefined disposed:false
2806 silly placeDep ROOT concat-map@0.0.1 OK for: brace-expansion@1.1.18 want: 0.0.1
2807 silly placeDep node_modules/semver yallist@4.0.0 OK for: lru-cache@6.0.0 want: ^4.0.0
2808 silly placeDep node_modules/sucrase minimatch@9.0.9 OK for: glob@10.5.0 want: ^9.0.4
2809 silly placeDep node_modules/sucrase path-scurry@1.11.1 OK for: glob@10.5.0 want: ^1.11.1
2810 silly placeDep node_modules/sucrase lru-cache@10.4.3 OK for: path-scurry@1.11.1 want: ^10.2.0
2811 silly placeDep ROOT is-inside-container@1.0.0 OK for: is-wsl@3.1.1 want: ^1.0.0
2812 silly fetch manifest is-docker@^3.0.0
2813 silly packumentCache full:https://registry.npmjs.org/is-docker cache-miss
2814 http cache https://registry.npmjs.org/is-docker 2ms (cache hit)
2815 silly packumentCache full:https://registry.npmjs.org/is-docker set size:23690 disposed:false
2816 silly placeDep node_modules/is-inside-container is-docker@3.0.0 OK for: is-inside-container@1.0.0 want: ^3.0.0
2817 silly placeDep node_modules/@expo/package-manager ansi-styles@3.2.1 OK for: chalk@2.4.2 want: ^3.2.1
2818 silly placeDep node_modules/@expo/package-manager escape-string-regexp@1.0.5 OK for: chalk@2.4.2 want: ^1.0.5
2819 silly placeDep node_modules/@expo/package-manager supports-color@5.5.0 OK for: chalk@2.4.2 want: ^5.3.0
2820 silly placeDep node_modules/@expo/package-manager color-convert@1.9.3 OK for: ansi-styles@3.2.1 want: ^1.9.0
2821 silly placeDep node_modules/@expo/package-manager color-name@1.1.3 OK for: color-convert@1.9.3 want: 1.1.3
2822 silly placeDep node_modules/@expo/package-manager has-flag@3.0.0 OK for: supports-color@5.5.0 want: ^3.0.0
2823 silly reify moves {}
2824 silly audit bulk request {
2824 silly audit   'eas-cli': [ '23.2.0' ],
2824 silly audit   '@expo/apple-utils': [ '2.1.22' ],
2824 silly audit   '@expo/code-signing-certificates': [ '0.0.5' ],
2824 silly audit   '@expo/config': [ '55.0.10', '11.0.13' ],
2824 silly audit   '@expo/config-plugins': [ '55.0.7', '10.1.2' ],
2824 silly audit   '@expo/eas-build-job': [ '23.1.0' ],
2824 silly audit   '@expo/eas-json': [ '23.1.0' ],
2824 silly audit   '@expo/env': [ '1.0.7' ],
2824 silly audit   '@expo/json-file': [ '8.3.3', '10.2.0', '10.0.16', '9.1.5' ],
2824 silly audit   '@expo/logger': [ '23.1.0' ],
2824 silly audit   '@expo/multipart-body-parser': [ '2.0.0' ],
2824 silly audit   '@expo/osascript': [ '2.1.4' ],
2824 silly audit   '@expo/package-manager': [ '1.9.10' ],
2824 silly audit   '@expo/pkcs12': [ '0.1.3' ],
2824 silly audit   '@expo/plist': [ '0.3.5', '0.5.4' ],
2824 silly audit   '@expo/plugin-help': [ '5.1.23' ],
2824 silly audit   '@expo/plugin-warn-if-update-available': [ '2.5.1' ],
2824 silly audit   '@expo/prebuild-config': [ '9.0.12' ],
2824 silly audit   '@expo/results': [ '1.0.0' ],
2824 silly audit   '@expo/rudder-sdk-node': [ '1.1.1' ],
2824 silly audit   '@expo/spawn-async': [ '1.7.2' ],
2824 silly audit   '@expo/steps': [ '23.1.0' ],
2824 silly audit   '@expo/timeago.js': [ '1.0.0' ],
2824 silly audit   '@oclif/core': [ '4.14.0', '2.16.0' ],
2824 silly audit   '@oclif/plugin-autocomplete': [ '3.3.0' ],
2824 silly audit   '@segment/ajv-human-errors': [ '2.16.0' ],
2824 silly audit   ajv: [ '8.11.0' ],
2824 silly audit   '@sentry/node': [ '7.77.0' ],
2824 silly audit   '@urql/core': [ '4.0.11' ],
2824 silly audit   '@urql/exchange-retry': [ '1.2.0' ],
2824 silly audit   'agent-cli-detector': [ '0.1.7' ],
2824 silly audit   'ajv-formats': [ '2.1.1' ],
2824 silly audit   'better-opn': [ '3.0.2' ],
2824 silly audit   'bplist-parser': [ '0.3.2', '0.3.1' ],
2824 silly audit   centrifuge: [ '5.7.1' ],
2824 silly audit   chalk: [ '4.1.2', '2.4.2' ],
2824 silly audit   'cli-progress': [ '3.12.0' ],
2824 silly audit   dateformat: [ '4.6.3' ],
2824 silly audit   debug: [ '4.4.3' ],
2824 silly audit   diff: [ '7.0.0', '4.0.4' ],
2824 silly audit   dotenv: [ '16.3.1', '16.4.7', '16.6.1' ],
2824 silly audit   'env-paths': [ '2.2.0' ],
2824 silly audit   envinfo: [ '7.11.0' ],
2824 silly audit   'fast-deep-equal': [ '3.1.3' ],
2824 silly audit   'fast-glob': [ '3.3.2' ],
2824 silly audit   figures: [ '3.2.0' ],
2824 silly audit   'form-data': [ '4.0.6' ],
2824 silly audit   'fs-extra': [ '11.2.0', '10.1.0' ],
2824 silly audit   getenv: [ '1.0.0', '2.0.0' ],
2824 silly audit   'gradle-to-js': [ '2.0.1' ],
2824 silly audit   graphql: [ '16.8.1' ],
2824 silly audit   'graphql-tag': [ '2.12.6' ],
2824 silly audit   'https-proxy-agent': [ '5.0.1' ],
2824 silly audit   ignore: [ '5.3.0' ],
2824 silly audit   'indent-string': [ '4.0.0' ],
2824 silly audit   invariant: [ '2.2.4' ],
2824 silly audit   'jks-js': [ '1.1.0' ],
2824 silly audit   joi: [ '17.11.0', '17.13.6' ],
2824 silly audit   keychain: [ '1.5.0' ],
2824 silly audit   'log-symbols': [ '4.1.0', '2.2.0' ],
2824 silly audit   mime: [ '3.0.0' ],
2824 silly audit   minimatch: [ '5.1.2', '10.2.6', '9.0.9', '3.1.5' ],
2824 silly audit   minizlib: [ '3.1.0' ],
2824 silly audit   nanoid: [ '3.3.8' ],
2824 silly audit   'node-fetch': [ '2.6.7' ],
2824 silly audit   'node-forge': [ '1.4.0' ],
2824 silly audit   'node-stream-zip': [ '1.15.0' ],
2824 silly audit   nullthrows: [ '1.1.1' ],
2824 silly audit   open: [ '8.4.0' ],
2824 silly audit   ora: [ '5.1.0', '3.4.0' ],
2824 silly audit   'pkg-dir': [ '4.2.0' ],
2824 silly audit   pngjs: [ '7.0.0', '3.4.0' ],
2824 silly audit   'promise-limit': [ '2.7.0' ],
2824 silly audit   'promise-retry': [ '2.0.1' ],
2824 silly audit   prompts: [ '2.4.2' ],
2824 silly audit   'qrcode-terminal': [ '0.12.0' ],
2824 silly audit   'resolve-from': [ '5.0.0' ],
2824 silly audit   'sandbox-cli-detector': [ '0.2.0' ],
2824 silly audit   semver: [ '7.5.4', '7.8.5', '7.5.2', '6.3.1' ],
2824 silly audit   'set-interval-async': [ '3.0.3' ],
2824 silly audit   slash: [ '3.0.0' ],
2824 silly audit   tar: [ '7.5.19' ],
2824 silly audit   'tar-stream': [ '3.1.7' ],
2824 silly audit   'terminal-link': [ '2.1.1' ],
2824 silly audit   'ts-deepmerge': [ '6.2.0' ],
2824 silly audit   tslib: [ '2.6.2', '2.4.1' ],
2824 silly audit   turndown: [ '7.1.2' ],
2824 silly audit   untildify: [ '4.0.0' ],
2824 silly audit   uuid: [ '11.1.1', '8.3.2', '7.0.3' ],
2824 silly audit   'wrap-ansi': [ '7.0.0', '8.1.0' ],
2824 silly audit   ws: [ '8.21.1' ],
2824 silly audit   yaml: [ '2.6.0' ],
2824 silly audit   zod: [ '4.5.4' ],
2824 silly audit   '@expo/config-types': [ '55.0.6', '53.0.5' ],
2824 silly audit   '@expo/require-utils': [ '55.0.8' ],
2824 silly audit   deepmerge: [ '4.3.1' ],
2824 silly audit   glob: [ '13.0.6', '6.0.4', '10.5.0' ],
2824 silly audit   'resolve-workspace-root': [ '2.0.1' ],
2824 silly audit   slugify: [ '1.6.9' ],
2824 silly audit   '@expo/sdk-runtime-versions': [ '1.0.0' ],
2824 silly audit   xcode: [ '3.0.1' ],
2824 silly audit   xml2js: [ '0.6.0' ],
2824 silly audit   '@expo/turtle-spawn': [ '23.1.0' ],
2824 silly audit   '@babel/code-frame': [ '7.23.5', '7.10.4', '7.29.7' ],
2824 silly audit   'env-string': [ '1.0.1' ],
2824 silly audit   'golden-fleece': [ '1.0.9' ],
2824 silly audit   '@babel/highlight': [ '7.25.9' ],
2824 silly audit   '@babel/helper-validator-identifier': [ '7.29.7' ],
2824 silly audit   'js-tokens': [ '4.0.0' ],
2824 silly audit   picocolors: [ '1.1.1' ],
2824 silly audit   'dotenv-expand': [ '11.0.7' ],
2824 silly audit   json5: [ '2.2.3' ],
2824 silly audit   'write-file-atomic': [ '2.4.3' ],
2824 silly audit   '@types/bunyan': [ '1.8.11' ],
2824 silly audit   bunyan: [ '1.8.15' ],
2824 silly audit   multipasta: [ '0.2.8' ],
2824 silly audit   'exec-async': [ '2.2.0' ],
2824 silly audit   'npm-package-arg': [ '11.0.3' ],
2824 silly audit   '@xmldom/xmldom': [ '0.8.15', '0.9.12' ],
2824 silly audit   'base64-js': [ '1.5.1' ],
2824 silly audit   xmlbuilder: [ '15.1.1', '11.0.1' ],
2824 silly audit   ejs: [ '3.1.10', '6.0.1' ],
2824 silly audit   'http-call': [ '5.3.0' ],
2824 silly audit   '@expo/image-utils': [ '0.7.6' ],
2824 silly audit   '@react-native/normalize-colors': [ '0.79.6' ],
2824 silly audit   'jimp-compact': [ '0.16.1' ],
2824 silly audit   'parse-png': [ '2.1.0' ],
2824 silly audit   'temp-dir': [ '2.0.0' ],
2824 silly audit   'unique-string': [ '2.0.0' ],
2824 silly audit   '@babel/core': [ '7.29.7' ],
2824 silly audit   '@babel/plugin-transform-modules-commonjs': [ '7.29.7' ],
2824 silly audit   '@babel/generator': [ '7.29.8' ],
2824 silly audit   '@babel/helper-compilation-targets': [ '7.29.7' ],
2824 silly audit   '@babel/helper-module-transforms': [ '7.29.7' ],
2824 silly audit   '@babel/helpers': [ '7.29.7' ],
2824 silly audit   '@babel/parser': [ '7.29.8' ],
2824 silly audit   '@babel/template': [ '7.29.7' ],
2824 silly audit   '@babel/traverse': [ '7.29.8' ],
2824 silly audit   '@babel/types': [ '7.29.8' ],
2824 silly audit   '@jridgewell/remapping': [ '2.3.5' ],
2824 silly audit   'convert-source-map': [ '2.0.0' ],
2824 silly audit   gensync: [ '1.0.0-beta.2' ],
2824 silly audit   '@jridgewell/gen-mapping': [ '0.3.13' ],
2824 silly audit   '@jridgewell/trace-mapping': [ '0.3.31', '0.3.9' ],
2824 silly audit   jsesc: [ '3.1.0' ],
2824 silly audit   '@babel/compat-data': [ '7.29.7' ],
2824 silly audit   '@babel/helper-validator-option': [ '7.29.7' ],
2824 silly audit   browserslist: [ '4.28.8' ],
2824 silly audit   'lru-cache': [ '5.1.1', '10.4.3', '11.5.2', '6.0.0' ],
2824 silly audit   '@babel/helper-module-imports': [ '7.29.7' ],
2824 silly audit   '@babel/helper-plugin-utils': [ '7.29.7' ],
2824 silly audit   '@babel/helper-globals': [ '7.29.7' ],
2824 silly audit   '@babel/helper-string-parser': [ '7.29.7' ],
2824 silly audit   '@expo/bunyan': [ '4.0.1' ],
2824 silly audit   '@segment/loosely-validate-event': [ '2.0.0' ],
2824 silly audit   'fetch-retry': [ '4.1.1' ],
2824 silly audit   md5: [ '2.3.0' ],
2824 silly audit   'remove-trailing-slash': [ '0.1.1' ],
2824 silly audit   'cross-spawn': [ '7.0.6' ],
2824 silly audit   arg: [ '5.0.2', '4.1.3' ],
2824 silly audit   jsep: [ '1.4.0' ],
2824 silly audit   'lodash.clonedeep': [ '4.5.0' ],
2824 silly audit   '@jridgewell/sourcemap-codec': [ '1.6.0' ],
2824 silly audit   '@jridgewell/resolve-uri': [ '3.1.2' ],
2824 silly audit   'ansi-escapes': [ '4.3.2' ],
2824 silly audit   ansis: [ '3.17.0' ],
2824 silly audit   'clean-stack': [ '3.0.1' ],
2824 silly audit   'cli-spinners': [ '2.9.2' ],
2824 silly audit   'get-package-type': [ '0.1.0' ],
2824 silly audit   lilconfig: [ '3.1.3' ],
2824 silly audit   'string-width': [ '4.2.3', '5.1.2' ],
2824 silly audit   'supports-color': [ '8.1.1', '7.2.0', '5.5.0' ],
2824 silly audit   tinyglobby: [ '0.2.17' ],
2824 silly audit   'widest-line': [ '3.1.0' ],
2824 silly audit   wordwrap: [ '1.0.0' ],
2824 silly audit   'wsl-utils': [ '0.4.0' ],
2824 silly audit   'component-type': [ '1.2.2' ],
2824 silly audit   'join-component': [ '1.1.0' ],
2824 silly audit   '@sentry-internal/tracing': [ '7.77.0' ],
2824 silly audit   '@sentry/core': [ '7.77.0' ],
2824 silly audit   '@sentry/types': [ '7.77.0' ],
2824 silly audit   '@sentry/utils': [ '7.77.0' ],
2824 silly audit   '@types/node': [ '26.4.0' ],
2824 silly audit   'undici-types': [ '8.3.0' ],
2824 silly audit   '@0no-co/graphql.web': [ '1.3.4' ],
2824 silly audit   wonka: [ '6.3.6' ],
2824 silly audit   'json-schema-traverse': [ '1.0.0' ],
2824 silly audit   'require-from-string': [ '2.0.2' ],
2824 silly audit   'uri-js': [ '4.4.1' ],
2824 silly audit   'type-fest': [ '0.21.3' ],
2824 silly audit   'big-integer': [ '1.6.52' ],
2824 silly audit   'baseline-browser-mapping': [ '2.11.20' ],
2824 silly audit   'caniuse-lite': [ '1.0.30001810' ],
2824 silly audit   'electron-to-chromium': [ '1.5.418' ],
2824 silly audit   'node-releases': [ '2.0.54' ],
2824 silly audit   'update-browserslist-db': [ '1.3.2' ],
2824 silly audit   'dtrace-provider': [ '0.8.8' ],
2824 silly audit   moment: [ '2.30.1' ],
2824 silly audit   mv: [ '2.1.1' ],
2824 silly audit   'safe-json-stringify': [ '1.2.0' ],
2824 silly audit   events: [ '3.3.0' ],
2824 silly audit   protobufjs: [ '7.6.6' ],
2824 silly audit   'ansi-styles': [ '4.3.0', '3.2.1', '6.2.3' ],
2824 silly audit   'color-convert': [ '2.0.1', '1.9.3' ],
2824 silly audit   'escape-string-regexp': [ '4.0.0', '1.0.5' ],
2824 silly audit   'color-name': [ '1.1.4', '1.1.3' ],
2824 silly audit   'path-key': [ '3.1.1' ],
2824 silly audit   'shebang-command': [ '2.0.0' ],
2824 silly audit   which: [ '2.0.2' ],
2824 silly audit   ms: [ '2.1.3' ],
2824 silly audit   nan: [ '2.28.0' ],
2824 silly audit   jake: [ '10.9.4' ],
2824 silly audit   '@nodelib/fs.stat': [ '2.0.5' ],
2824 silly audit   '@nodelib/fs.walk': [ '1.2.8' ],
2824 silly audit   'glob-parent': [ '5.1.2' ],
2824 silly audit   merge2: [ '1.4.1' ],
2824 silly audit   micromatch: [ '4.0.8' ],
2824 silly audit   '@nodelib/fs.scandir': [ '2.1.5' ],
2824 silly audit   fastq: [ '1.20.3' ],
2824 silly audit   'run-parallel': [ '1.2.0' ],
2824 silly audit   reusify: [ '1.1.0' ],
2824 silly audit   asynckit: [ '0.4.0' ],
2824 silly audit   'combined-stream': [ '1.0.8' ],
2824 silly audit   'es-set-tostringtag': [ '2.1.0' ],
2824 silly audit   hasown: [ '2.0.4' ],
2824 silly audit   'mime-types': [ '2.1.35' ],
2824 silly audit   'delayed-stream': [ '1.0.0' ],
2824 silly audit   'es-errors': [ '1.3.0' ],
2824 silly audit   'get-intrinsic': [ '1.3.0' ],
2824 silly audit   'has-tostringtag': [ '1.0.2' ],
2824 silly audit   'graceful-fs': [ '4.2.11' ],
2824 silly audit   jsonfile: [ '6.2.1' ],
2824 silly audit   universalify: [ '2.0.1' ],
2824 silly audit   'call-bind-apply-helpers': [ '1.0.2' ],
2824 silly audit   'es-define-property': [ '1.0.1' ],
2824 silly audit   'es-object-atoms': [ '1.1.2' ],
2824 silly audit   'function-bind': [ '1.1.2' ],
2824 silly audit   'get-proto': [ '1.0.1' ],
2824 silly audit   gopd: [ '1.2.0' ],
2824 silly audit   'has-symbols': [ '1.1.0' ],
2824 silly audit   'math-intrinsics': [ '1.1.0' ],
2824 silly audit   'dunder-proto': [ '1.0.1' ],
2824 silly audit   minipass: [ '7.1.3' ],
2824 silly audit   'path-scurry': [ '2.0.2', '1.11.1' ],
2824 silly audit   'is-glob': [ '4.0.3' ],
2824 silly audit   'lodash.merge': [ '4.6.2' ],
2824 silly audit   'content-type': [ '1.0.5' ],
2824 silly audit   'is-retry-allowed': [ '1.2.0' ],
2824 silly audit   'is-stream': [ '2.0.1' ],
2824 silly audit   'parse-json': [ '4.0.0' ],
2824 silly audit   'tunnel-agent': [ '0.6.0' ],
2824 silly audit   'agent-base': [ '6.0.2' ],
2824 silly audit   'loose-envify': [ '1.4.0' ],
2824 silly audit   'is-extglob': [ '2.1.1' ],
2824 silly audit   async: [ '3.2.6' ],
2824 silly audit   filelist: [ '1.0.6' ],
2824 silly audit   'node-int64': [ '0.4.0' ],
2824 silly audit   'node-rsa': [ '1.1.1' ],
2824 silly audit   '@hapi/hoek': [ '9.3.0' ],
2824 silly audit   '@hapi/topo': [ '5.1.0' ],
2824 silly audit   '@sideway/address': [ '4.1.5' ],
2824 silly audit   '@sideway/formula': [ '3.0.1' ],
2824 silly audit   '@sideway/pinpoint': [ '2.0.0' ],
2824 silly audit   'is-unicode-supported': [ '0.1.0' ],
2824 silly audit   yallist: [ '3.1.1', '5.0.0', '4.0.0' ],
2824 silly audit   charenc: [ '0.0.2' ],
2824 silly audit   crypt: [ '0.0.2' ],
2824 silly audit   'is-buffer': [ '1.1.6' ],
2824 silly audit   braces: [ '3.0.3' ],
2824 silly audit   picomatch: [ '2.3.2', '4.0.7' ],
2824 silly audit   'fill-range': [ '7.1.1' ],
2824 silly audit   'to-regex-range': [ '5.0.1' ],
2824 silly audit   'mime-db': [ '1.52.0' ],
2824 silly audit   'brace-expansion': [ '2.1.4', '5.0.9', '1.1.18' ],
2824 silly audit   'balanced-match': [ '1.0.2', '4.0.4' ],
2824 silly audit   mkdirp: [ '0.5.6' ],
2824 silly audit   ncp: [ '2.0.0' ],
2824 silly audit   rimraf: [ '2.4.5' ],
2824 silly audit   minimist: [ '1.2.8' ],
2824 silly audit   'whatwg-url': [ '5.0.0' ],
2824 silly audit   asn1: [ '0.2.6' ],
2824 silly audit   'safer-buffer': [ '2.1.2' ],
2824 silly audit   'hosted-git-info': [ '7.0.2' ],
2824 silly audit   'proc-log': [ '4.2.0' ],
2824 silly audit   'validate-npm-package-name': [ '5.0.1' ],
2824 silly audit   'define-lazy-prop': [ '2.0.0' ],
2824 silly audit   'is-docker': [ '2.2.1', '3.0.0' ],
2824 silly audit   'is-wsl': [ '2.2.0', '3.1.1' ],
2824 silly audit   'cli-cursor': [ '3.1.0', '2.1.0' ],
2824 silly audit   'is-interactive': [ '1.0.0' ],
2824 silly audit   'mute-stream': [ '0.0.8' ],
2824 silly audit   'strip-ansi': [ '6.0.1', '5.2.0', '7.2.0' ],
2824 silly audit   wcwidth: [ '1.0.1' ],
2824 silly audit   'restore-cursor': [ '3.1.0', '2.0.0' ],
2824 silly audit   'error-ex': [ '1.3.4' ],
2824 silly audit   'json-parse-better-errors': [ '1.0.2' ],
2824 silly audit   'is-arrayish': [ '0.2.1' ],
2824 silly audit   'find-up': [ '4.1.0' ],
2824 silly audit   'locate-path': [ '5.0.0' ],
2824 silly audit   'path-exists': [ '4.0.0' ],
2824 silly audit   'p-locate': [ '4.1.0' ],
2824 silly audit   'p-limit': [ '2.3.0' ],
2824 silly audit   'p-try': [ '2.2.0' ],
2824 silly audit   'err-code': [ '2.0.3' ],
2824 silly audit   retry: [ '0.12.0' ],
2824 silly audit   kleur: [ '3.0.3' ],
2824 silly audit   sisteransi: [ '1.0.5' ],
2824 silly audit   '@protobufjs/aspromise': [ '1.1.2' ],
2824 silly audit   '@protobufjs/base64': [ '1.1.2' ],
2824 silly audit   '@protobufjs/codegen': [ '2.0.5' ],
2824 silly audit   '@protobufjs/eventemitter': [ '1.1.1' ],
2824 silly audit   '@protobufjs/fetch': [ '1.1.1' ],
2824 silly audit   '@protobufjs/float': [ '1.0.2' ],
2824 silly audit   '@protobufjs/path': [ '1.1.2' ],
2824 silly audit   '@protobufjs/pool': [ '1.1.0' ],
2824 silly audit   '@protobufjs/utf8': [ '1.1.2' ],
2824 silly audit   long: [ '5.3.2' ],
2824 silly audit   onetime: [ '5.1.2', '2.0.1' ],
2824 silly audit   'signal-exit': [ '3.0.7', '4.1.0' ],
2824 silly audit   'mimic-fn': [ '2.1.0', '1.2.0' ],
2824 silly audit   'queue-microtask': [ '1.2.3' ],
2824 silly audit   'shebang-regex': [ '3.0.0' ],
2824 silly audit   'emoji-regex': [ '8.0.0', '9.2.2' ],
2824 silly audit   'is-fullwidth-code-point': [ '3.0.0' ],
2824 silly audit   'ansi-regex': [ '5.0.1', '4.1.1', '6.3.0' ],
2824 silly audit   'has-flag': [ '4.0.0', '3.0.0' ],
2824 silly audit   '@isaacs/fs-minipass': [ '4.0.1' ],
2824 silly audit   chownr: [ '3.0.0' ],
2824 silly audit   b4a: [ '1.8.1' ],
2824 silly audit   'fast-fifo': [ '1.3.2' ],
2824 silly audit   streamx: [ '2.28.1' ],
2824 silly audit   'events-universal': [ '1.0.1' ],
2824 silly audit   'text-decoder': [ '1.2.7' ],
2824 silly audit   'bare-events': [ '2.9.2' ],
2824 silly audit   'supports-hyperlinks': [ '2.3.0' ],
2824 silly audit   fdir: [ '6.5.0' ],
2824 silly audit   'is-number': [ '7.0.0' ],
2824 silly audit   'safe-buffer': [ '5.2.1' ],
2824 silly audit   domino: [ '2.1.8' ],
2824 silly audit   'crypto-random-string': [ '2.0.0' ],
2824 silly audit   escalade: [ '3.2.0' ],
2824 silly audit   punycode: [ '2.3.1' ],
2824 silly audit   defaults: [ '1.0.4' ],
2824 silly audit   clone: [ '1.0.4' ],
2824 silly audit   tr46: [ '0.0.3' ],
2824 silly audit   'webidl-conversions': [ '3.0.1' ],
2824 silly audit   isexe: [ '2.0.0' ],
2824 silly audit   imurmurhash: [ '0.1.4' ],
2824 silly audit   'powershell-utils': [ '0.1.0' ],
2824 silly audit   'simple-plist': [ '1.3.1' ],
2824 silly audit   'bplist-creator': [ '0.1.0' ],
2824 silly audit   plist: [ '3.1.1' ],
2824 silly audit   'stream-buffers': [ '2.2.0' ],
2824 silly audit   sax: [ '1.6.1' ],
2824 silly audit   '@types/cli-progress': [ '3.11.6' ],
2824 silly audit   cardinal: [ '2.1.1' ],
2824 silly audit   globby: [ '11.1.0' ],
2824 silly audit   hyperlinker: [ '1.0.0' ],
2824 silly audit   'js-yaml': [ '3.15.2' ],
2824 silly audit   'natural-orderby': [ '2.0.3' ],
2824 silly audit   'object-treeify': [ '1.1.33' ],
2824 silly audit   'password-prompt': [ '1.1.3' ],
2824 silly audit   'slice-ansi': [ '4.0.0' ],
2824 silly audit   'ts-node': [ '10.9.2' ],
2824 silly audit   typescript: [ '5.9.3' ],
2824 silly audit   ansicolors: [ '0.3.2' ],
2824 silly audit   redeyed: [ '2.1.1' ],
2824 silly audit   'array-union': [ '2.1.0' ],
2824 silly audit   'dir-glob': [ '3.0.1' ],
2824 silly audit   'path-type': [ '4.0.0' ],
2824 silly audit   argparse: [ '1.0.10' ],
2824 silly audit   esprima: [ '4.0.1' ],
2824 silly audit   'sprintf-js': [ '1.0.3' ],
2824 silly audit   'astral-regex': [ '2.0.0' ],
2824 silly audit   '@cspotcode/source-map-support': [ '0.8.1' ],
2824 silly audit   '@tsconfig/node10': [ '1.0.13' ],
2824 silly audit   '@tsconfig/node12': [ '1.0.11' ],
2824 silly audit   '@tsconfig/node14': [ '1.0.3' ],
2824 silly audit   '@tsconfig/node16': [ '1.0.4' ],
2824 silly audit   acorn: [ '8.18.0' ],
2824 silly audit   'acorn-walk': [ '8.3.5' ],
2824 silly audit   'create-require': [ '1.1.1' ],
2824 silly audit   'make-error': [ '1.3.6' ],
2824 silly audit   'v8-compile-cache-lib': [ '3.0.1' ],
2824 silly audit   yn: [ '3.1.1' ],
2824 silly audit   sucrase: [ '3.35.0' ],
2824 silly audit   commander: [ '4.1.1' ],
2824 silly audit   'lines-and-columns': [ '1.2.4' ],
2824 silly audit   mz: [ '2.7.0' ],
2824 silly audit   pirates: [ '4.0.7' ],
2824 silly audit   'ts-interface-checker': [ '0.1.13' ],
2824 silly audit   'any-promise': [ '1.3.0' ],
2824 silly audit   'object-assign': [ '4.1.1' ],
2824 silly audit   'thenify-all': [ '1.6.0' ],
2824 silly audit   thenify: [ '3.3.1' ],
2824 silly audit   'foreground-child': [ '3.3.1' ],
2824 silly audit   jackspeak: [ '3.4.3' ],
2824 silly audit   'package-json-from-dist': [ '1.0.1' ],
2824 silly audit   '@isaacs/cliui': [ '8.0.2' ],
2824 silly audit   '@pkgjs/parseargs': [ '0.11.0' ],
2824 silly audit   eastasianwidth: [ '0.2.0' ],
2824 silly audit   inflight: [ '1.0.6' ],
2824 silly audit   inherits: [ '2.0.4' ],
2824 silly audit   once: [ '1.4.0' ],
2824 silly audit   'path-is-absolute': [ '1.0.1' ],
2824 silly audit   wrappy: [ '1.0.2' ],
2824 silly audit   'concat-map': [ '0.0.1' ],
2824 silly audit   'is-inside-container': [ '1.0.0' ]
2824 silly audit }
2825 http cache is-inside-container@https://registry.npmjs.org/is-inside-container/-/is-inside-container-1.0.0.tgz 0ms (cache hit)
2826 http cache path-is-absolute@https://registry.npmjs.org/path-is-absolute/-/path-is-absolute-1.0.1.tgz 0ms (cache hit)
2827 http cache concat-map@https://registry.npmjs.org/concat-map/-/concat-map-0.0.1.tgz 0ms (cache hit)
2828 http cache once@https://registry.npmjs.org/once/-/once-1.4.0.tgz 0ms (cache hit)
2829 http cache wrappy@https://registry.npmjs.org/wrappy/-/wrappy-1.0.2.tgz 0ms (cache hit)
2830 http cache inherits@https://registry.npmjs.org/inherits/-/inherits-2.0.4.tgz 0ms (cache hit)
2831 http cache eastasianwidth@https://registry.npmjs.org/eastasianwidth/-/eastasianwidth-0.2.0.tgz 0ms (cache hit)
2832 http cache inflight@https://registry.npmjs.org/inflight/-/inflight-1.0.6.tgz 0ms (cache hit)
2833 http cache @isaacs/cliui@https://registry.npmjs.org/@isaacs/cliui/-/cliui-8.0.2.tgz 0ms (cache hit)
2834 http cache @pkgjs/parseargs@https://registry.npmjs.org/@pkgjs/parseargs/-/parseargs-0.11.0.tgz 0ms (cache hit)
2835 http cache strip-ansi-cjs@https://registry.npmjs.org/strip-ansi/-/strip-ansi-6.0.1.tgz 0ms (cache hit)
2836 http cache string-width-cjs@https://registry.npmjs.org/string-width/-/string-width-4.2.3.tgz 0ms (cache hit)
2837 http cache jackspeak@https://registry.npmjs.org/jackspeak/-/jackspeak-3.4.3.tgz 0ms (cache hit)
2838 http cache package-json-from-dist@https://registry.npmjs.org/package-json-from-dist/-/package-json-from-dist-1.0.1.tgz 0ms (cache hit)
2839 http cache wrap-ansi-cjs@https://registry.npmjs.org/wrap-ansi/-/wrap-ansi-7.0.0.tgz 0ms (cache hit)
2840 http cache thenify@https://registry.npmjs.org/thenify/-/thenify-3.3.1.tgz 0ms (cache hit)
2841 http cache object-assign@https://registry.npmjs.org/object-assign/-/object-assign-4.1.1.tgz 0ms (cache hit)
2842 http cache foreground-child@https://registry.npmjs.org/foreground-child/-/foreground-child-3.3.1.tgz 0ms (cache hit)
2843 http cache ts-interface-checker@https://registry.npmjs.org/ts-interface-checker/-/ts-interface-checker-0.1.13.tgz 0ms (cache hit)
2844 http cache any-promise@https://registry.npmjs.org/any-promise/-/any-promise-1.3.0.tgz 0ms (cache hit)
2845 http cache pirates@https://registry.npmjs.org/pirates/-/pirates-4.0.7.tgz 0ms (cache hit)
2846 http cache thenify-all@https://registry.npmjs.org/thenify-all/-/thenify-all-1.6.0.tgz 0ms (cache hit)
2847 http cache mz@https://registry.npmjs.org/mz/-/mz-2.7.0.tgz 0ms (cache hit)
2848 http cache lines-and-columns@https://registry.npmjs.org/lines-and-columns/-/lines-and-columns-1.2.4.tgz 0ms (cache hit)
2849 http cache sucrase@https://registry.npmjs.org/sucrase/-/sucrase-3.35.0.tgz 0ms (cache hit)
2850 http cache commander@https://registry.npmjs.org/commander/-/commander-4.1.1.tgz 0ms (cache hit)
2851 http cache yn@https://registry.npmjs.org/yn/-/yn-3.1.1.tgz 0ms (cache hit)
2852 http cache v8-compile-cache-lib@https://registry.npmjs.org/v8-compile-cache-lib/-/v8-compile-cache-lib-3.0.1.tgz 0ms (cache hit)
2853 http cache @tsconfig/node16@https://registry.npmjs.org/@tsconfig/node16/-/node16-1.0.4.tgz 0ms (cache hit)
2854 http cache @tsconfig/node14@https://registry.npmjs.org/@tsconfig/node14/-/node14-1.0.3.tgz 0ms (cache hit)
2855 http cache create-require@https://registry.npmjs.org/create-require/-/create-require-1.1.1.tgz 0ms (cache hit)
2856 http cache @tsconfig/node12@https://registry.npmjs.org/@tsconfig/node12/-/node12-1.0.11.tgz 0ms (cache hit)
2857 http cache @tsconfig/node10@https://registry.npmjs.org/@tsconfig/node10/-/node10-1.0.13.tgz 0ms (cache hit)
2858 http cache make-error@https://registry.npmjs.org/make-error/-/make-error-1.3.6.tgz 0ms (cache hit)
2859 http cache acorn@https://registry.npmjs.org/acorn/-/acorn-8.18.0.tgz 0ms (cache hit)
2860 http cache acorn-walk@https://registry.npmjs.org/acorn-walk/-/acorn-walk-8.3.5.tgz 0ms (cache hit)
2861 http cache @cspotcode/source-map-support@https://registry.npmjs.org/@cspotcode/source-map-support/-/source-map-support-0.8.1.tgz 0ms (cache hit)
2862 http cache astral-regex@https://registry.npmjs.org/astral-regex/-/astral-regex-2.0.0.tgz 0ms (cache hit)
2863 http cache esprima@https://registry.npmjs.org/esprima/-/esprima-4.0.1.tgz 0ms (cache hit)
2864 http cache sprintf-js@https://registry.npmjs.org/sprintf-js/-/sprintf-js-1.0.3.tgz 0ms (cache hit)
2865 http cache argparse@https://registry.npmjs.org/argparse/-/argparse-1.0.10.tgz 0ms (cache hit)
2866 http cache path-type@https://registry.npmjs.org/path-type/-/path-type-4.0.0.tgz 0ms (cache hit)
2867 http cache dir-glob@https://registry.npmjs.org/dir-glob/-/dir-glob-3.0.1.tgz 1ms (cache hit)
2868 http cache array-union@https://registry.npmjs.org/array-union/-/array-union-2.1.0.tgz 0ms (cache hit)
2869 http cache redeyed@https://registry.npmjs.org/redeyed/-/redeyed-2.1.1.tgz 0ms (cache hit)
2870 http cache typescript@https://registry.npmjs.org/typescript/-/typescript-5.9.3.tgz 0ms (cache hit)
2871 http cache ts-node@https://registry.npmjs.org/ts-node/-/ts-node-10.9.2.tgz 0ms (cache hit)
2872 http cache slice-ansi@https://registry.npmjs.org/slice-ansi/-/slice-ansi-4.0.0.tgz 0ms (cache hit)
2873 http cache ansicolors@https://registry.npmjs.org/ansicolors/-/ansicolors-0.3.2.tgz 0ms (cache hit)
2874 http cache password-prompt@https://registry.npmjs.org/password-prompt/-/password-prompt-1.1.3.tgz 0ms (cache hit)
2875 http cache object-treeify@https://registry.npmjs.org/object-treeify/-/object-treeify-1.1.33.tgz 0ms (cache hit)
2876 http cache natural-orderby@https://registry.npmjs.org/natural-orderby/-/natural-orderby-2.0.3.tgz 0ms (cache hit)
2877 http cache js-yaml@https://registry.npmjs.org/js-yaml/-/js-yaml-3.15.2.tgz 0ms (cache hit)
2878 http cache globby@https://registry.npmjs.org/globby/-/globby-11.1.0.tgz 0ms (cache hit)
2879 http cache hyperlinker@https://registry.npmjs.org/hyperlinker/-/hyperlinker-1.0.0.tgz 0ms (cache hit)
2880 http cache cardinal@https://registry.npmjs.org/cardinal/-/cardinal-2.1.1.tgz 0ms (cache hit)
2881 http cache sax@https://registry.npmjs.org/sax/-/sax-1.6.1.tgz 0ms (cache hit)
2882 http cache stream-buffers@https://registry.npmjs.org/stream-buffers/-/stream-buffers-2.2.0.tgz 0ms (cache hit)
2883 http cache plist@https://registry.npmjs.org/plist/-/plist-3.1.1.tgz 0ms (cache hit)
2884 http cache @types/cli-progress@https://registry.npmjs.org/@types/cli-progress/-/cli-progress-3.11.6.tgz 0ms (cache hit)
2885 http cache bplist-creator@https://registry.npmjs.org/bplist-creator/-/bplist-creator-0.1.0.tgz 0ms (cache hit)
2886 http cache simple-plist@https://registry.npmjs.org/simple-plist/-/simple-plist-1.3.1.tgz 0ms (cache hit)
2887 http cache powershell-utils@https://registry.npmjs.org/powershell-utils/-/powershell-utils-0.1.0.tgz 0ms (cache hit)
2888 http cache imurmurhash@https://registry.npmjs.org/imurmurhash/-/imurmurhash-0.1.4.tgz 0ms (cache hit)
2889 http cache isexe@https://registry.npmjs.org/isexe/-/isexe-2.0.0.tgz 1ms (cache hit)
2890 http cache webidl-conversions@https://registry.npmjs.org/webidl-conversions/-/webidl-conversions-3.0.1.tgz 0ms (cache hit)
2891 http cache tr46@https://registry.npmjs.org/tr46/-/tr46-0.0.3.tgz 0ms (cache hit)
2892 http cache clone@https://registry.npmjs.org/clone/-/clone-1.0.4.tgz 0ms (cache hit)
2893 http cache punycode@https://registry.npmjs.org/punycode/-/punycode-2.3.1.tgz 0ms (cache hit)
2894 http cache crypto-random-string@https://registry.npmjs.org/crypto-random-string/-/crypto-random-string-2.0.0.tgz 0ms (cache hit)
2895 http cache defaults@https://registry.npmjs.org/defaults/-/defaults-1.0.4.tgz 0ms (cache hit)
2896 http cache escalade@https://registry.npmjs.org/escalade/-/escalade-3.2.0.tgz 0ms (cache hit)
2897 http cache domino@https://registry.npmjs.org/domino/-/domino-2.1.8.tgz 0ms (cache hit)
2898 http cache is-number@https://registry.npmjs.org/is-number/-/is-number-7.0.0.tgz 0ms (cache hit)
2899 http cache safe-buffer@https://registry.npmjs.org/safe-buffer/-/safe-buffer-5.2.1.tgz 0ms (cache hit)
2900 http cache supports-hyperlinks@https://registry.npmjs.org/supports-hyperlinks/-/supports-hyperlinks-2.3.0.tgz 0ms (cache hit)
2901 http cache bare-events@https://registry.npmjs.org/bare-events/-/bare-events-2.9.2.tgz 0ms (cache hit)
2902 http cache events-universal@https://registry.npmjs.org/events-universal/-/events-universal-1.0.1.tgz 0ms (cache hit)
2903 http cache text-decoder@https://registry.npmjs.org/text-decoder/-/text-decoder-1.2.7.tgz 0ms (cache hit)
2904 http cache streamx@https://registry.npmjs.org/streamx/-/streamx-2.28.1.tgz 0ms (cache hit)
2905 http cache fast-fifo@https://registry.npmjs.org/fast-fifo/-/fast-fifo-1.3.2.tgz 0ms (cache hit)
2906 http cache chownr@https://registry.npmjs.org/chownr/-/chownr-3.0.0.tgz 0ms (cache hit)
2907 http cache @isaacs/fs-minipass@https://registry.npmjs.org/@isaacs/fs-minipass/-/fs-minipass-4.0.1.tgz 0ms (cache hit)
2908 http cache b4a@https://registry.npmjs.org/b4a/-/b4a-1.8.1.tgz 0ms (cache hit)
2909 http cache has-flag@https://registry.npmjs.org/has-flag/-/has-flag-4.0.0.tgz 0ms (cache hit)
2910 http cache ansi-regex@https://registry.npmjs.org/ansi-regex/-/ansi-regex-5.0.1.tgz 0ms (cache hit)
2911 http cache emoji-regex@https://registry.npmjs.org/emoji-regex/-/emoji-regex-8.0.0.tgz 0ms (cache hit)
2912 http cache shebang-regex@https://registry.npmjs.org/shebang-regex/-/shebang-regex-3.0.0.tgz 0ms (cache hit)
2913 http cache queue-microtask@https://registry.npmjs.org/queue-microtask/-/queue-microtask-1.2.3.tgz 0ms (cache hit)
2914 http cache is-fullwidth-code-point@https://registry.npmjs.org/is-fullwidth-code-point/-/is-fullwidth-code-point-3.0.0.tgz 0ms (cache hit)
2915 http cache mimic-fn@https://registry.npmjs.org/mimic-fn/-/mimic-fn-2.1.0.tgz 0ms (cache hit)
2916 http cache @protobufjs/utf8@https://registry.npmjs.org/@protobufjs/utf8/-/utf8-1.1.2.tgz 0ms (cache hit)
2917 http cache @protobufjs/pool@https://registry.npmjs.org/@protobufjs/pool/-/pool-1.1.0.tgz 0ms (cache hit)
2918 http cache signal-exit@https://registry.npmjs.org/signal-exit/-/signal-exit-3.0.7.tgz 0ms (cache hit)
2919 http cache onetime@https://registry.npmjs.org/onetime/-/onetime-5.1.2.tgz 0ms (cache hit)
2920 http cache long@https://registry.npmjs.org/long/-/long-5.3.2.tgz 0ms (cache hit)
2921 http cache @protobufjs/path@https://registry.npmjs.org/@protobufjs/path/-/path-1.1.2.tgz 0ms (cache hit)
2922 http cache @protobufjs/eventemitter@https://registry.npmjs.org/@protobufjs/eventemitter/-/eventemitter-1.1.1.tgz 0ms (cache hit)
2923 http cache @protobufjs/fetch@https://registry.npmjs.org/@protobufjs/fetch/-/fetch-1.1.1.tgz 0ms (cache hit)
2924 http cache @protobufjs/codegen@https://registry.npmjs.org/@protobufjs/codegen/-/codegen-2.0.5.tgz 0ms (cache hit)
2925 http cache @protobufjs/float@https://registry.npmjs.org/@protobufjs/float/-/float-1.0.2.tgz 0ms (cache hit)
2926 http cache @protobufjs/aspromise@https://registry.npmjs.org/@protobufjs/aspromise/-/aspromise-1.1.2.tgz 1ms (cache hit)
2927 http cache @protobufjs/base64@https://registry.npmjs.org/@protobufjs/base64/-/base64-1.1.2.tgz 0ms (cache hit)
2928 http cache sisteransi@https://registry.npmjs.org/sisteransi/-/sisteransi-1.0.5.tgz 0ms (cache hit)
2929 http cache kleur@https://registry.npmjs.org/kleur/-/kleur-3.0.3.tgz 0ms (cache hit)
2930 http cache err-code@https://registry.npmjs.org/err-code/-/err-code-2.0.3.tgz 0ms (cache hit)
2931 http cache p-try@https://registry.npmjs.org/p-try/-/p-try-2.2.0.tgz 0ms (cache hit)
2932 http cache retry@https://registry.npmjs.org/retry/-/retry-0.12.0.tgz 0ms (cache hit)
2933 http cache p-limit@https://registry.npmjs.org/p-limit/-/p-limit-2.3.0.tgz 0ms (cache hit)
2934 http cache p-locate@https://registry.npmjs.org/p-locate/-/p-locate-4.1.0.tgz 0ms (cache hit)
2935 http cache path-exists@https://registry.npmjs.org/path-exists/-/path-exists-4.0.0.tgz 0ms (cache hit)
2936 http cache locate-path@https://registry.npmjs.org/locate-path/-/locate-path-5.0.0.tgz 0ms (cache hit)
2937 http cache is-arrayish@https://registry.npmjs.org/is-arrayish/-/is-arrayish-0.2.1.tgz 0ms (cache hit)
2938 http cache json-parse-better-errors@https://registry.npmjs.org/json-parse-better-errors/-/json-parse-better-errors-1.0.2.tgz 0ms (cache hit)
2939 http cache restore-cursor@https://registry.npmjs.org/restore-cursor/-/restore-cursor-3.1.0.tgz 0ms (cache hit)
2940 http cache find-up@https://registry.npmjs.org/find-up/-/find-up-4.1.0.tgz 0ms (cache hit)
2941 http cache error-ex@https://registry.npmjs.org/error-ex/-/error-ex-1.3.4.tgz 0ms (cache hit)
2942 http cache wcwidth@https://registry.npmjs.org/wcwidth/-/wcwidth-1.0.1.tgz 0ms (cache hit)
2943 http cache mute-stream@https://registry.npmjs.org/mute-stream/-/mute-stream-0.0.8.tgz 0ms (cache hit)
2944 http cache is-interactive@https://registry.npmjs.org/is-interactive/-/is-interactive-1.0.0.tgz 0ms (cache hit)
2945 http cache is-wsl@https://registry.npmjs.org/is-wsl/-/is-wsl-2.2.0.tgz 0ms (cache hit)
2946 http cache is-docker@https://registry.npmjs.org/is-docker/-/is-docker-2.2.1.tgz 0ms (cache hit)
2947 http cache strip-ansi@https://registry.npmjs.org/strip-ansi/-/strip-ansi-6.0.1.tgz 0ms (cache hit)
2948 http cache define-lazy-prop@https://registry.npmjs.org/define-lazy-prop/-/define-lazy-prop-2.0.0.tgz 0ms (cache hit)
2949 http cache cli-cursor@https://registry.npmjs.org/cli-cursor/-/cli-cursor-3.1.0.tgz 0ms (cache hit)
2950 http cache validate-npm-package-name@https://registry.npmjs.org/validate-npm-package-name/-/validate-npm-package-name-5.0.1.tgz 0ms (cache hit)
2951 http cache proc-log@https://registry.npmjs.org/proc-log/-/proc-log-4.2.0.tgz 0ms (cache hit)
2952 http cache hosted-git-info@https://registry.npmjs.org/hosted-git-info/-/hosted-git-info-7.0.2.tgz 0ms (cache hit)
2953 http cache safer-buffer@https://registry.npmjs.org/safer-buffer/-/safer-buffer-2.1.2.tgz 0ms (cache hit)
2954 http cache whatwg-url@https://registry.npmjs.org/whatwg-url/-/whatwg-url-5.0.0.tgz 0ms (cache hit)
2955 http cache asn1@https://registry.npmjs.org/asn1/-/asn1-0.2.6.tgz 0ms (cache hit)
2956 http cache minimist@https://registry.npmjs.org/minimist/-/minimist-1.2.8.tgz 0ms (cache hit)
2957 http cache rimraf@https://registry.npmjs.org/rimraf/-/rimraf-2.4.5.tgz 0ms (cache hit)
2958 http cache mkdirp@https://registry.npmjs.org/mkdirp/-/mkdirp-0.5.6.tgz 0ms (cache hit)
2959 http cache balanced-match@https://registry.npmjs.org/balanced-match/-/balanced-match-1.0.2.tgz 0ms (cache hit)
2960 http cache brace-expansion@https://registry.npmjs.org/brace-expansion/-/brace-expansion-2.1.4.tgz 0ms (cache hit)
2961 http cache to-regex-range@https://registry.npmjs.org/to-regex-range/-/to-regex-range-5.0.1.tgz 0ms (cache hit)
2962 http cache mime-db@https://registry.npmjs.org/mime-db/-/mime-db-1.52.0.tgz 0ms (cache hit)
2963 http cache fill-range@https://registry.npmjs.org/fill-range/-/fill-range-7.1.1.tgz 0ms (cache hit)
2964 http cache ncp@https://registry.npmjs.org/ncp/-/ncp-2.0.0.tgz 0ms (cache hit)
2965 http cache picomatch@https://registry.npmjs.org/picomatch/-/picomatch-2.3.2.tgz 0ms (cache hit)
2966 http cache braces@https://registry.npmjs.org/braces/-/braces-3.0.3.tgz 0ms (cache hit)
2967 http cache is-buffer@https://registry.npmjs.org/is-buffer/-/is-buffer-1.1.6.tgz 0ms (cache hit)
2968 http cache charenc@https://registry.npmjs.org/charenc/-/charenc-0.0.2.tgz 0ms (cache hit)
2969 http cache yallist@https://registry.npmjs.org/yallist/-/yallist-3.1.1.tgz 0ms (cache hit)
2970 http cache @hapi/topo@https://registry.npmjs.org/@hapi/topo/-/topo-5.1.0.tgz 0ms (cache hit)
2971 http cache @hapi/hoek@https://registry.npmjs.org/@hapi/hoek/-/hoek-9.3.0.tgz 0ms (cache hit)
2972 http cache is-unicode-supported@https://registry.npmjs.org/is-unicode-supported/-/is-unicode-supported-0.1.0.tgz 0ms (cache hit)
2973 http cache node-rsa@https://registry.npmjs.org/node-rsa/-/node-rsa-1.1.1.tgz 0ms (cache hit)
2974 http cache crypt@https://registry.npmjs.org/crypt/-/crypt-0.0.2.tgz 0ms (cache hit)
2975 http cache @sideway/pinpoint@https://registry.npmjs.org/@sideway/pinpoint/-/pinpoint-2.0.0.tgz 0ms (cache hit)
2976 http cache @sideway/formula@https://registry.npmjs.org/@sideway/formula/-/formula-3.0.1.tgz 0ms (cache hit)
2977 http cache @sideway/address@https://registry.npmjs.org/@sideway/address/-/address-4.1.5.tgz 0ms (cache hit)
2978 http cache filelist@https://registry.npmjs.org/filelist/-/filelist-1.0.6.tgz 0ms (cache hit)
2979 http cache is-extglob@https://registry.npmjs.org/is-extglob/-/is-extglob-2.1.1.tgz 0ms (cache hit)
2980 http cache node-int64@https://registry.npmjs.org/node-int64/-/node-int64-0.4.0.tgz 0ms (cache hit)
2981 http cache async@https://registry.npmjs.org/async/-/async-3.2.6.tgz 0ms (cache hit)
2982 http cache loose-envify@https://registry.npmjs.org/loose-envify/-/loose-envify-1.4.0.tgz 0ms (cache hit)
2983 http cache agent-base@https://registry.npmjs.org/agent-base/-/agent-base-6.0.2.tgz 0ms (cache hit)
2984 http cache tunnel-agent@https://registry.npmjs.org/tunnel-agent/-/tunnel-agent-0.6.0.tgz 0ms (cache hit)
2985 http cache is-stream@https://registry.npmjs.org/is-stream/-/is-stream-2.0.1.tgz 0ms (cache hit)
2986 http cache parse-json@https://registry.npmjs.org/parse-json/-/parse-json-4.0.0.tgz 0ms (cache hit)
2987 http cache is-retry-allowed@https://registry.npmjs.org/is-retry-allowed/-/is-retry-allowed-1.2.0.tgz 0ms (cache hit)
2988 http cache content-type@https://registry.npmjs.org/content-type/-/content-type-1.0.5.tgz 0ms (cache hit)
2989 http cache lodash.merge@https://registry.npmjs.org/lodash.merge/-/lodash.merge-4.6.2.tgz 0ms (cache hit)
2990 http cache path-scurry@https://registry.npmjs.org/path-scurry/-/path-scurry-2.0.2.tgz 0ms (cache hit)
2991 http cache is-glob@https://registry.npmjs.org/is-glob/-/is-glob-4.0.3.tgz 0ms (cache hit)
2992 http cache minipass@https://registry.npmjs.org/minipass/-/minipass-7.1.3.tgz 0ms (cache hit)
2993 http cache dunder-proto@https://registry.npmjs.org/dunder-proto/-/dunder-proto-1.0.1.tgz 0ms (cache hit)
2994 http cache math-intrinsics@https://registry.npmjs.org/math-intrinsics/-/math-intrinsics-1.1.0.tgz 0ms (cache hit)
2995 http cache get-proto@https://registry.npmjs.org/get-proto/-/get-proto-1.0.1.tgz 0ms (cache hit)
2996 http cache function-bind@https://registry.npmjs.org/function-bind/-/function-bind-1.1.2.tgz 0ms (cache hit)
2997 http cache has-symbols@https://registry.npmjs.org/has-symbols/-/has-symbols-1.1.0.tgz 0ms (cache hit)
2998 http cache es-object-atoms@https://registry.npmjs.org/es-object-atoms/-/es-object-atoms-1.1.2.tgz 0ms (cache hit)
2999 http cache es-define-property@https://registry.npmjs.org/es-define-property/-/es-define-property-1.0.1.tgz 0ms (cache hit)
3000 http cache gopd@https://registry.npmjs.org/gopd/-/gopd-1.2.0.tgz 0ms (cache hit)
3001 http cache call-bind-apply-helpers@https://registry.npmjs.org/call-bind-apply-helpers/-/call-bind-apply-helpers-1.0.2.tgz 0ms (cache hit)
3002 http cache universalify@https://registry.npmjs.org/universalify/-/universalify-2.0.1.tgz 0ms (cache hit)
3003 http cache jsonfile@https://registry.npmjs.org/jsonfile/-/jsonfile-6.2.1.tgz 0ms (cache hit)
3004 http cache has-tostringtag@https://registry.npmjs.org/has-tostringtag/-/has-tostringtag-1.0.2.tgz 0ms (cache hit)
3005 http cache get-intrinsic@https://registry.npmjs.org/get-intrinsic/-/get-intrinsic-1.3.0.tgz 0ms (cache hit)
3006 http cache es-errors@https://registry.npmjs.org/es-errors/-/es-errors-1.3.0.tgz 0ms (cache hit)
3007 http cache graceful-fs@https://registry.npmjs.org/graceful-fs/-/graceful-fs-4.2.11.tgz 0ms (cache hit)
3008 http cache delayed-stream@https://registry.npmjs.org/delayed-stream/-/delayed-stream-1.0.0.tgz 0ms (cache hit)
3009 http cache mime-types@https://registry.npmjs.org/mime-types/-/mime-types-2.1.35.tgz 0ms (cache hit)
3010 http cache hasown@https://registry.npmjs.org/hasown/-/hasown-2.0.4.tgz 0ms (cache hit)
3011 http cache combined-stream@https://registry.npmjs.org/combined-stream/-/combined-stream-1.0.8.tgz 0ms (cache hit)
3012 http cache es-set-tostringtag@https://registry.npmjs.org/es-set-tostringtag/-/es-set-tostringtag-2.1.0.tgz 0ms (cache hit)
3013 http cache asynckit@https://registry.npmjs.org/asynckit/-/asynckit-0.4.0.tgz 0ms (cache hit)
3014 http cache @nodelib/fs.scandir@https://registry.npmjs.org/@nodelib/fs.scandir/-/fs.scandir-2.1.5.tgz 0ms (cache hit)
3015 http cache reusify@https://registry.npmjs.org/reusify/-/reusify-1.1.0.tgz 0ms (cache hit)
3016 http cache fastq@https://registry.npmjs.org/fastq/-/fastq-1.20.3.tgz 0ms (cache hit)
3017 http cache run-parallel@https://registry.npmjs.org/run-parallel/-/run-parallel-1.2.0.tgz 0ms (cache hit)
3018 http cache @nodelib/fs.walk@https://registry.npmjs.org/@nodelib/fs.walk/-/fs.walk-1.2.8.tgz 0ms (cache hit)
3019 http cache @nodelib/fs.stat@https://registry.npmjs.org/@nodelib/fs.stat/-/fs.stat-2.0.5.tgz 0ms (cache hit)
3020 http cache micromatch@https://registry.npmjs.org/micromatch/-/micromatch-4.0.8.tgz 0ms (cache hit)
3021 http cache glob-parent@https://registry.npmjs.org/glob-parent/-/glob-parent-5.1.2.tgz 0ms (cache hit)
3022 http cache merge2@https://registry.npmjs.org/merge2/-/merge2-1.4.1.tgz 0ms (cache hit)
3023 http cache jake@https://registry.npmjs.org/jake/-/jake-10.9.4.tgz 0ms (cache hit)
3024 http cache nan@https://registry.npmjs.org/nan/-/nan-2.28.0.tgz 0ms (cache hit)
3025 http cache ms@https://registry.npmjs.org/ms/-/ms-2.1.3.tgz 0ms (cache hit)
3026 http cache shebang-command@https://registry.npmjs.org/shebang-command/-/shebang-command-2.0.0.tgz 0ms (cache hit)
3027 http cache which@https://registry.npmjs.org/which/-/which-2.0.2.tgz 0ms (cache hit)
3028 http cache path-key@https://registry.npmjs.org/path-key/-/path-key-3.1.1.tgz 0ms (cache hit)
3029 http cache color-name@https://registry.npmjs.org/color-name/-/color-name-1.1.4.tgz 0ms (cache hit)
3030 http cache color-convert@https://registry.npmjs.org/color-convert/-/color-convert-2.0.1.tgz 0ms (cache hit)
3031 http cache ansi-styles@https://registry.npmjs.org/ansi-styles/-/ansi-styles-4.3.0.tgz 0ms (cache hit)
3032 http cache protobufjs@https://registry.npmjs.org/protobufjs/-/protobufjs-7.6.6.tgz 0ms (cache hit)
3033 http cache escape-string-regexp@https://registry.npmjs.org/escape-string-regexp/-/escape-string-regexp-4.0.0.tgz 0ms (cache hit)
3034 http cache safe-json-stringify@https://registry.npmjs.org/safe-json-stringify/-/safe-json-stringify-1.2.0.tgz 0ms (cache hit)
3035 http cache events@https://registry.npmjs.org/events/-/events-3.3.0.tgz 0ms (cache hit)
3036 http cache mv@https://registry.npmjs.org/mv/-/mv-2.1.1.tgz 0ms (cache hit)
3037 http cache moment@https://registry.npmjs.org/moment/-/moment-2.30.1.tgz 0ms (cache hit)
3038 http cache node-releases@https://registry.npmjs.org/node-releases/-/node-releases-2.0.54.tgz 0ms (cache hit)
3039 http cache dtrace-provider@https://registry.npmjs.org/dtrace-provider/-/dtrace-provider-0.8.8.tgz 0ms (cache hit)
3040 http cache update-browserslist-db@https://registry.npmjs.org/update-browserslist-db/-/update-browserslist-db-1.3.2.tgz 0ms (cache hit)
3041 http cache electron-to-chromium@https://registry.npmjs.org/electron-to-chromium/-/electron-to-chromium-1.5.418.tgz 0ms (cache hit)
3042 http cache caniuse-lite@https://registry.npmjs.org/caniuse-lite/-/caniuse-lite-1.0.30001810.tgz 0ms (cache hit)
3043 http cache baseline-browser-mapping@https://registry.npmjs.org/baseline-browser-mapping/-/baseline-browser-mapping-2.11.20.tgz 0ms (cache hit)
3044 http cache big-integer@https://registry.npmjs.org/big-integer/-/big-integer-1.6.52.tgz 0ms (cache hit)
3045 http cache type-fest@https://registry.npmjs.org/type-fest/-/type-fest-0.21.3.tgz 0ms (cache hit)
3046 http cache uri-js@https://registry.npmjs.org/uri-js/-/uri-js-4.4.1.tgz 0ms (cache hit)
3047 http cache require-from-string@https://registry.npmjs.org/require-from-string/-/require-from-string-2.0.2.tgz 0ms (cache hit)
3048 http cache @0no-co/graphql.web@https://registry.npmjs.org/@0no-co/graphql.web/-/graphql.web-1.3.4.tgz 0ms (cache hit)
3049 http cache json-schema-traverse@https://registry.npmjs.org/json-schema-traverse/-/json-schema-traverse-1.0.0.tgz 0ms (cache hit)
3050 http cache @types/node@https://registry.npmjs.org/@types/node/-/node-26.4.0.tgz 0ms (cache hit)
3051 http cache wonka@https://registry.npmjs.org/wonka/-/wonka-6.3.6.tgz 0ms (cache hit)
3052 http cache undici-types@https://registry.npmjs.org/undici-types/-/undici-types-8.3.0.tgz 0ms (cache hit)
3053 http cache @sentry/utils@https://registry.npmjs.org/@sentry/utils/-/utils-7.77.0.tgz 0ms (cache hit)
3054 http cache join-component@https://registry.npmjs.org/join-component/-/join-component-1.1.0.tgz 0ms (cache hit)
3055 http cache @sentry-internal/tracing@https://registry.npmjs.org/@sentry-internal/tracing/-/tracing-7.77.0.tgz 0ms (cache hit)
3056 http cache @sentry/core@https://registry.npmjs.org/@sentry/core/-/core-7.77.0.tgz 0ms (cache hit)
3057 http cache @sentry/types@https://registry.npmjs.org/@sentry/types/-/types-7.77.0.tgz 0ms (cache hit)
3058 http cache wordwrap@https://registry.npmjs.org/wordwrap/-/wordwrap-1.0.0.tgz 0ms (cache hit)
3059 http cache component-type@https://registry.npmjs.org/component-type/-/component-type-1.2.2.tgz 0ms (cache hit)
3060 http cache widest-line@https://registry.npmjs.org/widest-line/-/widest-line-3.1.0.tgz 0ms (cache hit)
3061 http cache tinyglobby@https://registry.npmjs.org/tinyglobby/-/tinyglobby-0.2.17.tgz 0ms (cache hit)
3062 http cache string-width@https://registry.npmjs.org/string-width/-/string-width-4.2.3.tgz 0ms (cache hit)
3063 http cache lilconfig@https://registry.npmjs.org/lilconfig/-/lilconfig-3.1.3.tgz 0ms (cache hit)
3064 http cache get-package-type@https://registry.npmjs.org/get-package-type/-/get-package-type-0.1.0.tgz 0ms (cache hit)
3065 http cache supports-color@https://registry.npmjs.org/supports-color/-/supports-color-8.1.1.tgz 0ms (cache hit)
3066 http cache cli-spinners@https://registry.npmjs.org/cli-spinners/-/cli-spinners-2.9.2.tgz 0ms (cache hit)
3067 http cache wsl-utils@https://registry.npmjs.org/wsl-utils/-/wsl-utils-0.4.0.tgz 0ms (cache hit)
3068 http cache ansis@https://registry.npmjs.org/ansis/-/ansis-3.17.0.tgz 0ms (cache hit)
3069 http cache @jridgewell/resolve-uri@https://registry.npmjs.org/@jridgewell/resolve-uri/-/resolve-uri-3.1.2.tgz 0ms (cache hit)
3070 http cache clean-stack@https://registry.npmjs.org/clean-stack/-/clean-stack-3.0.1.tgz 0ms (cache hit)
3071 http cache @jridgewell/sourcemap-codec@https://registry.npmjs.org/@jridgewell/sourcemap-codec/-/sourcemap-codec-1.6.0.tgz 0ms (cache hit)
3072 http cache ansi-escapes@https://registry.npmjs.org/ansi-escapes/-/ansi-escapes-4.3.2.tgz 0ms (cache hit)
3073 http cache lodash.clonedeep@https://registry.npmjs.org/lodash.clonedeep/-/lodash.clonedeep-4.5.0.tgz 0ms (cache hit)
3074 http cache arg@https://registry.npmjs.org/arg/-/arg-5.0.2.tgz 0ms (cache hit)
3075 http cache jsep@https://registry.npmjs.org/jsep/-/jsep-1.4.0.tgz 0ms (cache hit)
3076 http cache cross-spawn@https://registry.npmjs.org/cross-spawn/-/cross-spawn-7.0.6.tgz 0ms (cache hit)
3077 http cache remove-trailing-slash@https://registry.npmjs.org/remove-trailing-slash/-/remove-trailing-slash-0.1.1.tgz 0ms (cache hit)
3078 http cache @expo/bunyan@https://registry.npmjs.org/@expo/bunyan/-/bunyan-4.0.1.tgz 0ms (cache hit)
3079 http cache @segment/loosely-validate-event@https://registry.npmjs.org/@segment/loosely-validate-event/-/loosely-validate-event-2.0.0.tgz 0ms (cache hit)
3080 http cache @babel/helper-string-parser@https://registry.npmjs.org/@babel/helper-string-parser/-/helper-string-parser-7.29.7.tgz 0ms (cache hit)
3081 http cache md5@https://registry.npmjs.org/md5/-/md5-2.3.0.tgz 0ms (cache hit)
3082 http cache lru-cache@https://registry.npmjs.org/lru-cache/-/lru-cache-5.1.1.tgz 0ms (cache hit)
3083 http cache fetch-retry@https://registry.npmjs.org/fetch-retry/-/fetch-retry-4.1.1.tgz 0ms (cache hit)
3084 http cache browserslist@https://registry.npmjs.org/browserslist/-/browserslist-4.28.8.tgz 0ms (cache hit)
3085 http cache @babel/helper-globals@https://registry.npmjs.org/@babel/helper-globals/-/helper-globals-7.29.7.tgz 0ms (cache hit)
3086 http cache @babel/helper-plugin-utils@https://registry.npmjs.org/@babel/helper-plugin-utils/-/helper-plugin-utils-7.29.7.tgz 0ms (cache hit)
3087 http cache jsesc@https://registry.npmjs.org/jsesc/-/jsesc-3.1.0.tgz 0ms (cache hit)
3088 http cache @babel/helper-module-imports@https://registry.npmjs.org/@babel/helper-module-imports/-/helper-module-imports-7.29.7.tgz 0ms (cache hit)
3089 http cache @babel/helper-validator-option@https://registry.npmjs.org/@babel/helper-validator-option/-/helper-validator-option-7.29.7.tgz 0ms (cache hit)
3090 http cache @babel/compat-data@https://registry.npmjs.org/@babel/compat-data/-/compat-data-7.29.7.tgz 0ms (cache hit)
3091 http cache @jridgewell/gen-mapping@https://registry.npmjs.org/@jridgewell/gen-mapping/-/gen-mapping-0.3.13.tgz 0ms (cache hit)
3092 http cache @jridgewell/trace-mapping@https://registry.npmjs.org/@jridgewell/trace-mapping/-/trace-mapping-0.3.31.tgz 0ms (cache hit)
3093 http cache gensync@https://registry.npmjs.org/gensync/-/gensync-1.0.0-beta.2.tgz 0ms (cache hit)
3094 http cache @jridgewell/remapping@https://registry.npmjs.org/@jridgewell/remapping/-/remapping-2.3.5.tgz 0ms (cache hit)
3095 http cache convert-source-map@https://registry.npmjs.org/convert-source-map/-/convert-source-map-2.0.0.tgz 0ms (cache hit)
3096 http cache @babel/traverse@https://registry.npmjs.org/@babel/traverse/-/traverse-7.29.8.tgz 0ms (cache hit)
3097 http cache @babel/template@https://registry.npmjs.org/@babel/template/-/template-7.29.7.tgz 0ms (cache hit)
3098 http cache @babel/types@https://registry.npmjs.org/@babel/types/-/types-7.29.8.tgz 0ms (cache hit)
3099 http cache @babel/helpers@https://registry.npmjs.org/@babel/helpers/-/helpers-7.29.7.tgz 0ms (cache hit)
3100 http cache @babel/parser@https://registry.npmjs.org/@babel/parser/-/parser-7.29.8.tgz 0ms (cache hit)
3101 http cache @babel/helper-module-transforms@https://registry.npmjs.org/@babel/helper-module-transforms/-/helper-module-transforms-7.29.7.tgz 0ms (cache hit)
3102 http cache @babel/generator@https://registry.npmjs.org/@babel/generator/-/generator-7.29.8.tgz 0ms (cache hit)
3103 http cache @babel/plugin-transform-modules-commonjs@https://registry.npmjs.org/@babel/plugin-transform-modules-commonjs/-/plugin-transform-modules-commonjs-7.29.7.tgz 0ms (cache hit)
3104 http cache @babel/helper-compilation-targets@https://registry.npmjs.org/@babel/helper-compilation-targets/-/helper-compilation-targets-7.29.7.tgz 0ms (cache hit)
3105 http cache @babel/core@https://registry.npmjs.org/@babel/core/-/core-7.29.7.tgz 0ms (cache hit)
3106 http cache unique-string@https://registry.npmjs.org/unique-string/-/unique-string-2.0.0.tgz 0ms (cache hit)
3107 http cache @react-native/normalize-colors@https://registry.npmjs.org/@react-native/normalize-colors/-/normalize-colors-0.79.6.tgz 0ms (cache hit)
3108 http cache parse-png@https://registry.npmjs.org/parse-png/-/parse-png-2.1.0.tgz 0ms (cache hit)
3109 http cache temp-dir@https://registry.npmjs.org/temp-dir/-/temp-dir-2.0.0.tgz 0ms (cache hit)
3110 http cache @expo/image-utils@https://registry.npmjs.org/@expo/image-utils/-/image-utils-0.7.6.tgz 0ms (cache hit)
3111 http cache http-call@https://registry.npmjs.org/http-call/-/http-call-5.3.0.tgz 0ms (cache hit)
3112 http cache ejs@https://registry.npmjs.org/ejs/-/ejs-3.1.10.tgz 0ms (cache hit)
3113 http cache jimp-compact@https://registry.npmjs.org/jimp-compact/-/jimp-compact-0.16.1.tgz 0ms (cache hit)
3114 http cache xmlbuilder@https://registry.npmjs.org/xmlbuilder/-/xmlbuilder-15.1.1.tgz 0ms (cache hit)
3115 http cache @xmldom/xmldom@https://registry.npmjs.org/@xmldom/xmldom/-/xmldom-0.8.15.tgz 0ms (cache hit)
3116 http cache base64-js@https://registry.npmjs.org/base64-js/-/base64-js-1.5.1.tgz 0ms (cache hit)
3117 http cache npm-package-arg@https://registry.npmjs.org/npm-package-arg/-/npm-package-arg-11.0.3.tgz 0ms (cache hit)
3118 http cache exec-async@https://registry.npmjs.org/exec-async/-/exec-async-2.2.0.tgz 0ms (cache hit)
3119 http cache bunyan@https://registry.npmjs.org/bunyan/-/bunyan-1.8.15.tgz 0ms (cache hit)
3120 http cache multipasta@https://registry.npmjs.org/multipasta/-/multipasta-0.2.8.tgz 0ms (cache hit)
3121 http cache write-file-atomic@https://registry.npmjs.org/write-file-atomic/-/write-file-atomic-2.4.3.tgz 0ms (cache hit)
3122 http cache dotenv-expand@https://registry.npmjs.org/dotenv-expand/-/dotenv-expand-11.0.7.tgz 0ms (cache hit)
3123 http cache json5@https://registry.npmjs.org/json5/-/json5-2.2.3.tgz 0ms (cache hit)
3124 http cache @types/bunyan@https://registry.npmjs.org/@types/bunyan/-/bunyan-1.8.11.tgz 0ms (cache hit)
3125 http cache picocolors@https://registry.npmjs.org/picocolors/-/picocolors-1.1.1.tgz 0ms (cache hit)
3126 http cache js-tokens@https://registry.npmjs.org/js-tokens/-/js-tokens-4.0.0.tgz 0ms (cache hit)
3127 http cache golden-fleece@https://registry.npmjs.org/golden-fleece/-/golden-fleece-1.0.9.tgz 0ms (cache hit)
3128 http cache @babel/helper-validator-identifier@https://registry.npmjs.org/@babel/helper-validator-identifier/-/helper-validator-identifier-7.29.7.tgz 0ms (cache hit)
3129 http cache env-string@https://registry.npmjs.org/env-string/-/env-string-1.0.1.tgz 0ms (cache hit)
3130 http cache @babel/highlight@https://registry.npmjs.org/@babel/highlight/-/highlight-7.25.9.tgz 0ms (cache hit)
3131 http cache @babel/code-frame@https://registry.npmjs.org/@babel/code-frame/-/code-frame-7.23.5.tgz 0ms (cache hit)
3132 http cache @expo/turtle-spawn@https://registry.npmjs.org/@expo/turtle-spawn/-/turtle-spawn-23.1.0.tgz 0ms (cache hit)
3133 http cache @expo/sdk-runtime-versions@https://registry.npmjs.org/@expo/sdk-runtime-versions/-/sdk-runtime-versions-1.0.0.tgz 0ms (cache hit)
3134 http cache xml2js@https://registry.npmjs.org/xml2js/-/xml2js-0.6.0.tgz 0ms (cache hit)
3135 http cache xcode@https://registry.npmjs.org/xcode/-/xcode-3.0.1.tgz 0ms (cache hit)
3136 http cache slugify@https://registry.npmjs.org/slugify/-/slugify-1.6.9.tgz 0ms (cache hit)
3137 http cache @expo/require-utils@https://registry.npmjs.org/@expo/require-utils/-/require-utils-55.0.8.tgz 0ms (cache hit)
3138 http cache resolve-workspace-root@https://registry.npmjs.org/resolve-workspace-root/-/resolve-workspace-root-2.0.1.tgz 0ms (cache hit)
3139 http cache glob@https://registry.npmjs.org/glob/-/glob-13.0.6.tgz 0ms (cache hit)
3140 http cache deepmerge@https://registry.npmjs.org/deepmerge/-/deepmerge-4.3.1.tgz 0ms (cache hit)
3141 http cache @expo/config-types@https://registry.npmjs.org/@expo/config-types/-/config-types-55.0.6.tgz 0ms (cache hit)
3142 http cache zod@https://registry.npmjs.org/zod/-/zod-4.5.4.tgz 0ms (cache hit)
3143 http cache ws@https://registry.npmjs.org/ws/-/ws-8.21.1.tgz 0ms (cache hit)
3144 http cache yaml@https://registry.npmjs.org/yaml/-/yaml-2.6.0.tgz 0ms (cache hit)
3145 http cache wrap-ansi@https://registry.npmjs.org/wrap-ansi/-/wrap-ansi-7.0.0.tgz 0ms (cache hit)
3146 http cache uuid@https://registry.npmjs.org/uuid/-/uuid-11.1.1.tgz 0ms (cache hit)
3147 http cache untildify@https://registry.npmjs.org/untildify/-/untildify-4.0.0.tgz 0ms (cache hit)
3148 http cache tslib@https://registry.npmjs.org/tslib/-/tslib-2.6.2.tgz 0ms (cache hit)
3149 http cache ts-deepmerge@https://registry.npmjs.org/ts-deepmerge/-/ts-deepmerge-6.2.0.tgz 0ms (cache hit)
3150 http cache terminal-link@https://registry.npmjs.org/terminal-link/-/terminal-link-2.1.1.tgz 0ms (cache hit)
3151 http cache turndown@https://registry.npmjs.org/turndown/-/turndown-7.1.2.tgz 0ms (cache hit)
3152 http cache tar@https://registry.npmjs.org/tar/-/tar-7.5.19.tgz 0ms (cache hit)
3153 http cache tar-stream@https://registry.npmjs.org/tar-stream/-/tar-stream-3.1.7.tgz 0ms (cache hit)
3154 http cache set-interval-async@https://registry.npmjs.org/set-interval-async/-/set-interval-async-3.0.3.tgz 0ms (cache hit)
3155 http cache resolve-from@https://registry.npmjs.org/resolve-from/-/resolve-from-5.0.0.tgz 0ms (cache hit)
3156 http cache semver@https://registry.npmjs.org/semver/-/semver-7.5.4.tgz 0ms (cache hit)
3157 http cache qrcode-terminal@https://registry.npmjs.org/qrcode-terminal/-/qrcode-terminal-0.12.0.tgz 0ms (cache hit)
3158 http cache slash@https://registry.npmjs.org/slash/-/slash-3.0.0.tgz 0ms (cache hit)
3159 http cache sandbox-cli-detector@https://registry.npmjs.org/sandbox-cli-detector/-/sandbox-cli-detector-0.2.0.tgz 0ms (cache hit)
3160 http cache prompts@https://registry.npmjs.org/prompts/-/prompts-2.4.2.tgz 0ms (cache hit)
3161 http cache promise-limit@https://registry.npmjs.org/promise-limit/-/promise-limit-2.7.0.tgz 0ms (cache hit)
3162 http cache promise-retry@https://registry.npmjs.org/promise-retry/-/promise-retry-2.0.1.tgz 0ms (cache hit)
3163 http cache pkg-dir@https://registry.npmjs.org/pkg-dir/-/pkg-dir-4.2.0.tgz 0ms (cache hit)
3164 http cache pngjs@https://registry.npmjs.org/pngjs/-/pngjs-7.0.0.tgz 0ms (cache hit)
3165 http cache open@https://registry.npmjs.org/open/-/open-8.4.0.tgz 0ms (cache hit)
3166 http cache nullthrows@https://registry.npmjs.org/nullthrows/-/nullthrows-1.1.1.tgz 0ms (cache hit)
3167 http cache node-forge@https://registry.npmjs.org/node-forge/-/node-forge-1.4.0.tgz 0ms (cache hit)
3168 http cache ora@https://registry.npmjs.org/ora/-/ora-5.1.0.tgz 0ms (cache hit)
3169 http cache node-stream-zip@https://registry.npmjs.org/node-stream-zip/-/node-stream-zip-1.15.0.tgz 0ms (cache hit)
3170 http cache node-fetch@https://registry.npmjs.org/node-fetch/-/node-fetch-2.6.7.tgz 0ms (cache hit)
3171 http cache nanoid@https://registry.npmjs.org/nanoid/-/nanoid-3.3.8.tgz 0ms (cache hit)
3172 http cache minizlib@https://registry.npmjs.org/minizlib/-/minizlib-3.1.0.tgz 0ms (cache hit)
3173 http cache minimatch@https://registry.npmjs.org/minimatch/-/minimatch-5.1.2.tgz 0ms (cache hit)
3174 http cache mime@https://registry.npmjs.org/mime/-/mime-3.0.0.tgz 0ms (cache hit)
3175 http cache log-symbols@https://registry.npmjs.org/log-symbols/-/log-symbols-4.1.0.tgz 0ms (cache hit)
3176 http cache keychain@https://registry.npmjs.org/keychain/-/keychain-1.5.0.tgz 0ms (cache hit)
3177 http cache joi@https://registry.npmjs.org/joi/-/joi-17.11.0.tgz 0ms (cache hit)
3178 http cache jks-js@https://registry.npmjs.org/jks-js/-/jks-js-1.1.0.tgz 0ms (cache hit)
3179 http cache invariant@https://registry.npmjs.org/invariant/-/invariant-2.2.4.tgz 0ms (cache hit)
3180 http cache ignore@https://registry.npmjs.org/ignore/-/ignore-5.3.0.tgz 0ms (cache hit)
3181 http cache indent-string@https://registry.npmjs.org/indent-string/-/indent-string-4.0.0.tgz 0ms (cache hit)
3182 http cache https-proxy-agent@https://registry.npmjs.org/https-proxy-agent/-/https-proxy-agent-5.0.1.tgz 0ms (cache hit)
3183 http cache graphql@https://registry.npmjs.org/graphql/-/graphql-16.8.1.tgz 0ms (cache hit)
3184 http cache graphql-tag@https://registry.npmjs.org/graphql-tag/-/graphql-tag-2.12.6.tgz 0ms (cache hit)
3185 http cache getenv@https://registry.npmjs.org/getenv/-/getenv-1.0.0.tgz 0ms (cache hit)
3186 http cache gradle-to-js@https://registry.npmjs.org/gradle-to-js/-/gradle-to-js-2.0.1.tgz 0ms (cache hit)
3187 http cache figures@https://registry.npmjs.org/figures/-/figures-3.2.0.tgz 0ms (cache hit)
3188 http cache fs-extra@https://registry.npmjs.org/fs-extra/-/fs-extra-11.2.0.tgz 0ms (cache hit)
3189 http cache form-data@https://registry.npmjs.org/form-data/-/form-data-4.0.6.tgz 0ms (cache hit)
3190 http cache fast-deep-equal@https://registry.npmjs.org/fast-deep-equal/-/fast-deep-equal-3.1.3.tgz 0ms (cache hit)
3191 http cache fast-glob@https://registry.npmjs.org/fast-glob/-/fast-glob-3.3.2.tgz 0ms (cache hit)
3192 http cache envinfo@https://registry.npmjs.org/envinfo/-/envinfo-7.11.0.tgz 0ms (cache hit)
3193 http cache env-paths@https://registry.npmjs.org/env-paths/-/env-paths-2.2.0.tgz 0ms (cache hit)
3194 http cache dotenv@https://registry.npmjs.org/dotenv/-/dotenv-16.3.1.tgz 0ms (cache hit)
3195 http cache diff@https://registry.npmjs.org/diff/-/diff-7.0.0.tgz 0ms (cache hit)
3196 http cache debug@https://registry.npmjs.org/debug/-/debug-4.4.3.tgz 0ms (cache hit)
3197 http cache dateformat@https://registry.npmjs.org/dateformat/-/dateformat-4.6.3.tgz 0ms (cache hit)
3198 http cache chalk@https://registry.npmjs.org/chalk/-/chalk-4.1.2.tgz 0ms (cache hit)
3199 http cache better-opn@https://registry.npmjs.org/better-opn/-/better-opn-3.0.2.tgz 0ms (cache hit)
3200 http cache centrifuge@https://registry.npmjs.org/centrifuge/-/centrifuge-5.7.1.tgz 0ms (cache hit)
3201 http cache ajv-formats@https://registry.npmjs.org/ajv-formats/-/ajv-formats-2.1.1.tgz 0ms (cache hit)
3202 http cache bplist-parser@https://registry.npmjs.org/bplist-parser/-/bplist-parser-0.3.2.tgz 0ms (cache hit)
3203 http cache cli-progress@https://registry.npmjs.org/cli-progress/-/cli-progress-3.12.0.tgz 0ms (cache hit)
3204 http cache agent-cli-detector@https://registry.npmjs.org/agent-cli-detector/-/agent-cli-detector-0.1.7.tgz 0ms (cache hit)
3205 http cache @sentry/node@https://registry.npmjs.org/@sentry/node/-/node-7.77.0.tgz 0ms (cache hit)
3206 http cache @urql/exchange-retry@https://registry.npmjs.org/@urql/exchange-retry/-/exchange-retry-1.2.0.tgz 0ms (cache hit)
3207 http cache ajv@https://registry.npmjs.org/ajv/-/ajv-8.11.0.tgz 0ms (cache hit)
3208 http cache @oclif/plugin-autocomplete@https://registry.npmjs.org/@oclif/plugin-autocomplete/-/plugin-autocomplete-3.3.0.tgz 0ms (cache hit)
3209 http cache @urql/core@https://registry.npmjs.org/@urql/core/-/core-4.0.11.tgz 0ms (cache hit)
3210 http cache @segment/ajv-human-errors@https://registry.npmjs.org/@segment/ajv-human-errors/-/ajv-human-errors-2.16.0.tgz 0ms (cache hit)
3211 http cache @oclif/core@https://registry.npmjs.org/@oclif/core/-/core-4.14.0.tgz 3ms (cache hit)
3212 http cache @expo/timeago.js@https://registry.npmjs.org/@expo/timeago.js/-/timeago.js-1.0.0.tgz 0ms (cache hit)
3213 http cache @expo/steps@https://registry.npmjs.org/@expo/steps/-/steps-23.1.0.tgz 0ms (cache hit)
3214 http cache @expo/spawn-async@https://registry.npmjs.org/@expo/spawn-async/-/spawn-async-1.7.2.tgz 0ms (cache hit)
3215 http cache @expo/prebuild-config@https://registry.npmjs.org/@expo/prebuild-config/-/prebuild-config-9.0.12.tgz 0ms (cache hit)
3216 http cache @expo/rudder-sdk-node@https://registry.npmjs.org/@expo/rudder-sdk-node/-/rudder-sdk-node-1.1.1.tgz 0ms (cache hit)
3217 http cache @expo/plugin-warn-if-update-available@https://registry.npmjs.org/@expo/plugin-warn-if-update-available/-/plugin-warn-if-update-available-2.5.1.tgz 0ms (cache hit)
3218 http cache @expo/plugin-help@https://registry.npmjs.org/@expo/plugin-help/-/plugin-help-5.1.23.tgz 0ms (cache hit)
3219 http cache @expo/results@https://registry.npmjs.org/@expo/results/-/results-1.0.0.tgz 0ms (cache hit)
3220 http cache @expo/plist@https://registry.npmjs.org/@expo/plist/-/plist-0.3.5.tgz 0ms (cache hit)
3221 http cache @expo/pkcs12@https://registry.npmjs.org/@expo/pkcs12/-/pkcs12-0.1.3.tgz 0ms (cache hit)
3222 http cache @expo/package-manager@https://registry.npmjs.org/@expo/package-manager/-/package-manager-1.9.10.tgz 0ms (cache hit)
3223 http cache @expo/logger@https://registry.npmjs.org/@expo/logger/-/logger-23.1.0.tgz 0ms (cache hit)
3224 http cache @expo/osascript@https://registry.npmjs.org/@expo/osascript/-/osascript-2.1.4.tgz 0ms (cache hit)
3225 http cache @expo/multipart-body-parser@https://registry.npmjs.org/@expo/multipart-body-parser/-/multipart-body-parser-2.0.0.tgz 0ms (cache hit)
3226 http cache @expo/env@https://registry.npmjs.org/@expo/env/-/env-1.0.7.tgz 0ms (cache hit)
3227 http cache @expo/json-file@https://registry.npmjs.org/@expo/json-file/-/json-file-8.3.3.tgz 0ms (cache hit)
3228 http cache @expo/eas-json@https://registry.npmjs.org/@expo/eas-json/-/eas-json-23.1.0.tgz 0ms (cache hit)
3229 http cache @expo/eas-build-job@https://registry.npmjs.org/@expo/eas-build-job/-/eas-build-job-23.1.0.tgz 0ms (cache hit)
3230 http cache @expo/config@https://registry.npmjs.org/@expo/config/-/config-55.0.10.tgz 0ms (cache hit)
3231 http cache @expo/config-plugins@https://registry.npmjs.org/@expo/config-plugins/-/config-plugins-55.0.7.tgz 0ms (cache hit)
3232 http cache eas-cli@https://registry.npmjs.org/eas-cli/-/eas-cli-23.2.0.tgz 0ms (cache hit)
3233 http cache ansi-styles@https://registry.npmjs.org/ansi-styles/-/ansi-styles-6.2.3.tgz 0ms (cache hit)
3234 http cache is-docker@https://registry.npmjs.org/is-docker/-/is-docker-3.0.0.tgz 0ms (cache hit)
3235 http cache @expo/code-signing-certificates@https://registry.npmjs.org/@expo/code-signing-certificates/-/code-signing-certificates-0.0.5.tgz 0ms (cache hit)
3236 http cache ansi-regex@https://registry.npmjs.org/ansi-regex/-/ansi-regex-6.3.0.tgz 0ms (cache hit)
3237 http cache @expo/apple-utils@https://registry.npmjs.org/@expo/apple-utils/-/apple-utils-2.1.22.tgz 0ms (cache hit)
3238 http cache emoji-regex@https://registry.npmjs.org/emoji-regex/-/emoji-regex-9.2.2.tgz 0ms (cache hit)
3239 http cache signal-exit@https://registry.npmjs.org/signal-exit/-/signal-exit-4.1.0.tgz 0ms (cache hit)
3240 http cache path-scurry@https://registry.npmjs.org/path-scurry/-/path-scurry-1.11.1.tgz 0ms (cache hit)
3241 http cache lru-cache@https://registry.npmjs.org/lru-cache/-/lru-cache-10.4.3.tgz 0ms (cache hit)
3242 http cache glob@https://registry.npmjs.org/glob/-/glob-10.5.0.tgz 0ms (cache hit)
3243 http cache wrap-ansi@https://registry.npmjs.org/wrap-ansi/-/wrap-ansi-8.1.0.tgz 0ms (cache hit)
3244 http cache string-width@https://registry.npmjs.org/string-width/-/string-width-5.1.2.tgz 0ms (cache hit)
3245 http cache strip-ansi@https://registry.npmjs.org/strip-ansi/-/strip-ansi-7.2.0.tgz 0ms (cache hit)
3246 http cache minimatch@https://registry.npmjs.org/minimatch/-/minimatch-9.0.9.tgz 0ms (cache hit)
3247 http cache @jridgewell/trace-mapping@https://registry.npmjs.org/@jridgewell/trace-mapping/-/trace-mapping-0.3.9.tgz 0ms (cache hit)
3248 http cache @xmldom/xmldom@https://registry.npmjs.org/@xmldom/xmldom/-/xmldom-0.9.12.tgz 0ms (cache hit)
3249 http cache supports-color@https://registry.npmjs.org/supports-color/-/supports-color-7.2.0.tgz 0ms (cache hit)
3250 http cache arg@https://registry.npmjs.org/arg/-/arg-4.1.3.tgz 0ms (cache hit)
3251 http cache diff@https://registry.npmjs.org/diff/-/diff-4.0.4.tgz 0ms (cache hit)
3252 http cache brace-expansion@https://registry.npmjs.org/brace-expansion/-/brace-expansion-1.1.18.tgz 0ms (cache hit)
3253 http cache lru-cache@https://registry.npmjs.org/lru-cache/-/lru-cache-10.4.3.tgz 0ms (cache hit)
3254 http cache bplist-parser@https://registry.npmjs.org/bplist-parser/-/bplist-parser-0.3.1.tgz 0ms (cache hit)
3255 http cache minimatch@https://registry.npmjs.org/minimatch/-/minimatch-3.1.5.tgz 0ms (cache hit)
3256 http cache lru-cache@https://registry.npmjs.org/lru-cache/-/lru-cache-11.5.2.tgz 0ms (cache hit)
3257 http cache glob@https://registry.npmjs.org/glob/-/glob-6.0.4.tgz 0ms (cache hit)
3258 http cache is-wsl@https://registry.npmjs.org/is-wsl/-/is-wsl-3.1.1.tgz 0ms (cache hit)
3259 http cache fdir@https://registry.npmjs.org/fdir/-/fdir-6.5.0.tgz 0ms (cache hit)
3260 http cache uuid@https://registry.npmjs.org/uuid/-/uuid-8.3.2.tgz 0ms (cache hit)
3261 http cache picomatch@https://registry.npmjs.org/picomatch/-/picomatch-4.0.7.tgz 0ms (cache hit)
3262 http cache @babel/code-frame@https://registry.npmjs.org/@babel/code-frame/-/code-frame-7.29.7.tgz 0ms (cache hit)
3263 http cache semver@https://registry.npmjs.org/semver/-/semver-6.3.1.tgz 0ms (cache hit)
3264 http cache @babel/code-frame@https://registry.npmjs.org/@babel/code-frame/-/code-frame-7.29.7.tgz 0ms (cache hit)
3265 http cache semver@https://registry.npmjs.org/semver/-/semver-6.3.1.tgz 0ms (cache hit)
3266 http cache @babel/code-frame@https://registry.npmjs.org/@babel/code-frame/-/code-frame-7.29.7.tgz 0ms (cache hit)
3267 http cache pngjs@https://registry.npmjs.org/pngjs/-/pngjs-3.4.0.tgz 0ms (cache hit)
3268 http cache has-flag@https://registry.npmjs.org/has-flag/-/has-flag-3.0.0.tgz 0ms (cache hit)
3269 http cache getenv@https://registry.npmjs.org/getenv/-/getenv-2.0.0.tgz 0ms (cache hit)
3270 http cache dotenv@https://registry.npmjs.org/dotenv/-/dotenv-16.6.1.tgz 0ms (cache hit)
3271 http cache semver@https://registry.npmjs.org/semver/-/semver-7.8.5.tgz 0ms (cache hit)
3272 http cache color-convert@https://registry.npmjs.org/color-convert/-/color-convert-1.9.3.tgz 0ms (cache hit)
3273 http cache color-name@https://registry.npmjs.org/color-name/-/color-name-1.1.3.tgz 0ms (cache hit)
3274 http cache supports-color@https://registry.npmjs.org/supports-color/-/supports-color-5.5.0.tgz 0ms (cache hit)
3275 http cache escape-string-regexp@https://registry.npmjs.org/escape-string-regexp/-/escape-string-regexp-1.0.5.tgz 0ms (cache hit)
3276 http cache ansi-styles@https://registry.npmjs.org/ansi-styles/-/ansi-styles-3.2.1.tgz 0ms (cache hit)
3277 http cache chalk@https://registry.npmjs.org/chalk/-/chalk-2.4.2.tgz 0ms (cache hit)
3278 http cache color-name@https://registry.npmjs.org/color-name/-/color-name-1.1.3.tgz 0ms (cache hit)
3279 http cache has-flag@https://registry.npmjs.org/has-flag/-/has-flag-3.0.0.tgz 0ms (cache hit)
3280 http cache color-convert@https://registry.npmjs.org/color-convert/-/color-convert-1.9.3.tgz 0ms (cache hit)
3281 http cache ansi-styles@https://registry.npmjs.org/ansi-styles/-/ansi-styles-3.2.1.tgz 0ms (cache hit)
3282 http cache supports-color@https://registry.npmjs.org/supports-color/-/supports-color-5.5.0.tgz 0ms (cache hit)
3283 http cache escape-string-regexp@https://registry.npmjs.org/escape-string-regexp/-/escape-string-regexp-1.0.5.tgz 0ms (cache hit)
3284 http cache chalk@https://registry.npmjs.org/chalk/-/chalk-2.4.2.tgz 0ms (cache hit)
3285 http cache uuid@https://registry.npmjs.org/uuid/-/uuid-7.0.3.tgz 0ms (cache hit)
3286 http cache balanced-match@https://registry.npmjs.org/balanced-match/-/balanced-match-4.0.4.tgz 0ms (cache hit)
3287 http cache xmlbuilder@https://registry.npmjs.org/xmlbuilder/-/xmlbuilder-11.0.1.tgz 0ms (cache hit)
3288 http cache yallist@https://registry.npmjs.org/yallist/-/yallist-5.0.0.tgz 0ms (cache hit)
3289 http cache brace-expansion@https://registry.npmjs.org/brace-expansion/-/brace-expansion-5.0.9.tgz 0ms (cache hit)
3290 http cache yallist@https://registry.npmjs.org/yallist/-/yallist-4.0.0.tgz 0ms (cache hit)
3291 http cache minimatch@https://registry.npmjs.org/minimatch/-/minimatch-10.2.6.tgz 0ms (cache hit)
3292 http cache escape-string-regexp@https://registry.npmjs.org/escape-string-regexp/-/escape-string-regexp-1.0.5.tgz 0ms (cache hit)
3293 http cache supports-color@https://registry.npmjs.org/supports-color/-/supports-color-7.2.0.tgz 0ms (cache hit)
3294 http cache lru-cache@https://registry.npmjs.org/lru-cache/-/lru-cache-6.0.0.tgz 0ms (cache hit)
3295 http cache brace-expansion@https://registry.npmjs.org/brace-expansion/-/brace-expansion-5.0.9.tgz 0ms (cache hit)
3296 http cache balanced-match@https://registry.npmjs.org/balanced-match/-/balanced-match-4.0.4.tgz 0ms (cache hit)
3297 http cache semver@https://registry.npmjs.org/semver/-/semver-7.8.5.tgz 0ms (cache hit)
3298 http cache minimatch@https://registry.npmjs.org/minimatch/-/minimatch-10.2.6.tgz 0ms (cache hit)
3299 http cache uuid@https://registry.npmjs.org/uuid/-/uuid-8.3.2.tgz 0ms (cache hit)
3300 http cache ejs@https://registry.npmjs.org/ejs/-/ejs-6.0.1.tgz 0ms (cache hit)
3301 http cache path-scurry@https://registry.npmjs.org/path-scurry/-/path-scurry-1.11.1.tgz 0ms (cache hit)
3302 http cache joi@https://registry.npmjs.org/joi/-/joi-17.13.6.tgz 0ms (cache hit)
3303 http cache lru-cache@https://registry.npmjs.org/lru-cache/-/lru-cache-10.4.3.tgz 0ms (cache hit)
3304 http cache glob@https://registry.npmjs.org/glob/-/glob-10.5.0.tgz 0ms (cache hit)
3305 http cache getenv@https://registry.npmjs.org/getenv/-/getenv-2.0.0.tgz 0ms (cache hit)
3306 http cache @expo/json-file@https://registry.npmjs.org/@expo/json-file/-/json-file-9.1.5.tgz 0ms (cache hit)
3307 http cache @babel/code-frame@https://registry.npmjs.org/@babel/code-frame/-/code-frame-7.10.4.tgz 0ms (cache hit)
3308 http cache minimatch@https://registry.npmjs.org/minimatch/-/minimatch-9.0.9.tgz 0ms (cache hit)
3309 http cache semver@https://registry.npmjs.org/semver/-/semver-7.8.5.tgz 0ms (cache hit)
3310 http cache @expo/config-types@https://registry.npmjs.org/@expo/config-types/-/config-types-53.0.5.tgz 0ms (cache hit)
3311 http cache fs-extra@https://registry.npmjs.org/fs-extra/-/fs-extra-10.1.0.tgz 0ms (cache hit)
3312 http cache @expo/config-plugins@https://registry.npmjs.org/@expo/config-plugins/-/config-plugins-10.1.2.tgz 0ms (cache hit)
3313 http cache @expo/config@https://registry.npmjs.org/@expo/config/-/config-11.0.13.tgz 0ms (cache hit)
3314 http cache @oclif/core@https://registry.npmjs.org/@oclif/core/-/core-2.16.0.tgz 0ms (cache hit)
3315 http cache @oclif/core@https://registry.npmjs.org/@oclif/core/-/core-2.16.0.tgz 0ms (cache hit)
3316 http cache has-flag@https://registry.npmjs.org/has-flag/-/has-flag-3.0.0.tgz 0ms (cache hit)
3317 http cache color-convert@https://registry.npmjs.org/color-convert/-/color-convert-1.9.3.tgz 0ms (cache hit)
3318 http cache color-name@https://registry.npmjs.org/color-name/-/color-name-1.1.3.tgz 0ms (cache hit)
3319 http cache supports-color@https://registry.npmjs.org/supports-color/-/supports-color-5.5.0.tgz 0ms (cache hit)
3320 http cache ansi-styles@https://registry.npmjs.org/ansi-styles/-/ansi-styles-3.2.1.tgz 0ms (cache hit)
3321 http cache mimic-fn@https://registry.npmjs.org/mimic-fn/-/mimic-fn-1.2.0.tgz 0ms (cache hit)
3322 http cache onetime@https://registry.npmjs.org/onetime/-/onetime-2.0.1.tgz 0ms (cache hit)
3323 http cache ansi-regex@https://registry.npmjs.org/ansi-regex/-/ansi-regex-4.1.1.tgz 0ms (cache hit)
3324 http cache chalk@https://registry.npmjs.org/chalk/-/chalk-2.4.2.tgz 0ms (cache hit)
3325 http cache escape-string-regexp@https://registry.npmjs.org/escape-string-regexp/-/escape-string-regexp-1.0.5.tgz 0ms (cache hit)
3326 http cache restore-cursor@https://registry.npmjs.org/restore-cursor/-/restore-cursor-2.0.0.tgz 0ms (cache hit)
3327 http cache strip-ansi@https://registry.npmjs.org/strip-ansi/-/strip-ansi-5.2.0.tgz 0ms (cache hit)
3328 http cache log-symbols@https://registry.npmjs.org/log-symbols/-/log-symbols-2.2.0.tgz 0ms (cache hit)
3329 http cache cli-cursor@https://registry.npmjs.org/cli-cursor/-/cli-cursor-2.1.0.tgz 0ms (cache hit)
3330 http cache @expo/json-file@https://registry.npmjs.org/@expo/json-file/-/json-file-10.2.0.tgz 0ms (cache hit)
3331 http cache chalk@https://registry.npmjs.org/chalk/-/chalk-2.4.2.tgz 0ms (cache hit)
3332 http cache @babel/code-frame@https://registry.npmjs.org/@babel/code-frame/-/code-frame-7.10.4.tgz 0ms (cache hit)
3333 http cache getenv@https://registry.npmjs.org/getenv/-/getenv-2.0.0.tgz 0ms (cache hit)
3334 http cache ora@https://registry.npmjs.org/ora/-/ora-3.4.0.tgz 0ms (cache hit)
3335 http cache dotenv@https://registry.npmjs.org/dotenv/-/dotenv-16.4.7.tgz 0ms (cache hit)
3336 http cache yallist@https://registry.npmjs.org/yallist/-/yallist-4.0.0.tgz 0ms (cache hit)
3337 http cache lru-cache@https://registry.npmjs.org/lru-cache/-/lru-cache-6.0.0.tgz 0ms (cache hit)
3338 http cache tslib@https://registry.npmjs.org/tslib/-/tslib-2.4.1.tgz 0ms (cache hit)
3339 http cache joi@https://registry.npmjs.org/joi/-/joi-17.13.6.tgz 0ms (cache hit)
3340 http cache semver@https://registry.npmjs.org/semver/-/semver-7.5.2.tgz 0ms (cache hit)
3341 http cache @babel/code-frame@https://registry.npmjs.org/@babel/code-frame/-/code-frame-7.10.4.tgz 0ms (cache hit)
3342 http cache semver@https://registry.npmjs.org/semver/-/semver-7.8.5.tgz 0ms (cache hit)
3343 http cache getenv@https://registry.npmjs.org/getenv/-/getenv-2.0.0.tgz 0ms (cache hit)
3344 http cache semver@https://registry.npmjs.org/semver/-/semver-7.8.5.tgz 0ms (cache hit)
3345 http cache getenv@https://registry.npmjs.org/getenv/-/getenv-2.0.0.tgz 0ms (cache hit)
3346 http cache @expo/plist@https://registry.npmjs.org/@expo/plist/-/plist-0.5.4.tgz 0ms (cache hit)
3347 http cache @expo/json-file@https://registry.npmjs.org/@expo/json-file/-/json-file-10.0.16.tgz 0ms (cache hit)
3348 silly tarball no local data for is-inside-container@https://registry.npmjs.org/is-inside-container/-/is-inside-container-1.0.0.tgz. Extracting by manifest.
3349 silly tarball no local data for path-is-absolute@https://registry.npmjs.org/path-is-absolute/-/path-is-absolute-1.0.1.tgz. Extracting by manifest.
3350 silly tarball no local data for concat-map@https://registry.npmjs.org/concat-map/-/concat-map-0.0.1.tgz. Extracting by manifest.
3351 silly tarball no local data for once@https://registry.npmjs.org/once/-/once-1.4.0.tgz. Extracting by manifest.
3352 silly tarball no local data for wrappy@https://registry.npmjs.org/wrappy/-/wrappy-1.0.2.tgz. Extracting by manifest.
3353 silly tarball no local data for inherits@https://registry.npmjs.org/inherits/-/inherits-2.0.4.tgz. Extracting by manifest.
3354 silly tarball no local data for eastasianwidth@https://registry.npmjs.org/eastasianwidth/-/eastasianwidth-0.2.0.tgz. Extracting by manifest.
3355 silly tarball no local data for inflight@https://registry.npmjs.org/inflight/-/inflight-1.0.6.tgz. Extracting by manifest.
3356 http cache @expo/json-file@https://registry.npmjs.org/@expo/json-file/-/json-file-10.2.0.tgz 0ms (cache hit)
3357 silly tarball no local data for @isaacs/cliui@https://registry.npmjs.org/@isaacs/cliui/-/cliui-8.0.2.tgz. Extracting by manifest.
3358 silly tarball no local data for @pkgjs/parseargs@https://registry.npmjs.org/@pkgjs/parseargs/-/parseargs-0.11.0.tgz. Extracting by manifest.
3359 silly tarball no local data for strip-ansi-cjs@https://registry.npmjs.org/strip-ansi/-/strip-ansi-6.0.1.tgz. Extracting by manifest.
3360 silly tarball no local data for string-width-cjs@https://registry.npmjs.org/string-width/-/string-width-4.2.3.tgz. Extracting by manifest.
3361 silly tarball no local data for jackspeak@https://registry.npmjs.org/jackspeak/-/jackspeak-3.4.3.tgz. Extracting by manifest.
3362 silly tarball no local data for package-json-from-dist@https://registry.npmjs.org/package-json-from-dist/-/package-json-from-dist-1.0.1.tgz. Extracting by manifest.
3363 silly tarball no local data for wrap-ansi-cjs@https://registry.npmjs.org/wrap-ansi/-/wrap-ansi-7.0.0.tgz. Extracting by manifest.
3364 silly tarball no local data for thenify@https://registry.npmjs.org/thenify/-/thenify-3.3.1.tgz. Extracting by manifest.
3365 silly tarball no local data for object-assign@https://registry.npmjs.org/object-assign/-/object-assign-4.1.1.tgz. Extracting by manifest.
3366 silly tarball no local data for foreground-child@https://registry.npmjs.org/foreground-child/-/foreground-child-3.3.1.tgz. Extracting by manifest.
3367 silly tarball no local data for ts-interface-checker@https://registry.npmjs.org/ts-interface-checker/-/ts-interface-checker-0.1.13.tgz. Extracting by manifest.
3368 silly tarball no local data for any-promise@https://registry.npmjs.org/any-promise/-/any-promise-1.3.0.tgz. Extracting by manifest.
3369 silly tarball no local data for pirates@https://registry.npmjs.org/pirates/-/pirates-4.0.7.tgz. Extracting by manifest.
3370 silly tarball no local data for thenify-all@https://registry.npmjs.org/thenify-all/-/thenify-all-1.6.0.tgz. Extracting by manifest.
3371 silly tarball no local data for mz@https://registry.npmjs.org/mz/-/mz-2.7.0.tgz. Extracting by manifest.
3372 silly tarball no local data for lines-and-columns@https://registry.npmjs.org/lines-and-columns/-/lines-and-columns-1.2.4.tgz. Extracting by manifest.
3373 silly tarball no local data for sucrase@https://registry.npmjs.org/sucrase/-/sucrase-3.35.0.tgz. Extracting by manifest.
3374 silly tarball no local data for commander@https://registry.npmjs.org/commander/-/commander-4.1.1.tgz. Extracting by manifest.
3375 silly tarball no local data for yn@https://registry.npmjs.org/yn/-/yn-3.1.1.tgz. Extracting by manifest.
3376 silly tarball no local data for v8-compile-cache-lib@https://registry.npmjs.org/v8-compile-cache-lib/-/v8-compile-cache-lib-3.0.1.tgz. Extracting by manifest.
3377 silly tarball no local data for @tsconfig/node16@https://registry.npmjs.org/@tsconfig/node16/-/node16-1.0.4.tgz. Extracting by manifest.
3378 silly tarball no local data for @tsconfig/node14@https://registry.npmjs.org/@tsconfig/node14/-/node14-1.0.3.tgz. Extracting by manifest.
3379 silly tarball no local data for create-require@https://registry.npmjs.org/create-require/-/create-require-1.1.1.tgz. Extracting by manifest.
3380 silly tarball no local data for @tsconfig/node12@https://registry.npmjs.org/@tsconfig/node12/-/node12-1.0.11.tgz. Extracting by manifest.
3381 silly tarball no local data for @tsconfig/node10@https://registry.npmjs.org/@tsconfig/node10/-/node10-1.0.13.tgz. Extracting by manifest.
3382 silly tarball no local data for make-error@https://registry.npmjs.org/make-error/-/make-error-1.3.6.tgz. Extracting by manifest.
3383 silly tarball no local data for acorn@https://registry.npmjs.org/acorn/-/acorn-8.18.0.tgz. Extracting by manifest.
3384 silly tarball no local data for acorn-walk@https://registry.npmjs.org/acorn-walk/-/acorn-walk-8.3.5.tgz. Extracting by manifest.
3385 silly tarball no local data for @cspotcode/source-map-support@https://registry.npmjs.org/@cspotcode/source-map-support/-/source-map-support-0.8.1.tgz. Extracting by manifest.
3386 silly tarball no local data for astral-regex@https://registry.npmjs.org/astral-regex/-/astral-regex-2.0.0.tgz. Extracting by manifest.
3387 silly tarball no local data for esprima@https://registry.npmjs.org/esprima/-/esprima-4.0.1.tgz. Extracting by manifest.
3388 silly tarball no local data for sprintf-js@https://registry.npmjs.org/sprintf-js/-/sprintf-js-1.0.3.tgz. Extracting by manifest.
3389 silly tarball no local data for argparse@https://registry.npmjs.org/argparse/-/argparse-1.0.10.tgz. Extracting by manifest.
3390 silly tarball no local data for path-type@https://registry.npmjs.org/path-type/-/path-type-4.0.0.tgz. Extracting by manifest.
3391 silly tarball no local data for dir-glob@https://registry.npmjs.org/dir-glob/-/dir-glob-3.0.1.tgz. Extracting by manifest.
3392 silly tarball no local data for array-union@https://registry.npmjs.org/array-union/-/array-union-2.1.0.tgz. Extracting by manifest.
3393 silly tarball no local data for redeyed@https://registry.npmjs.org/redeyed/-/redeyed-2.1.1.tgz. Extracting by manifest.
3394 silly tarball no local data for typescript@https://registry.npmjs.org/typescript/-/typescript-5.9.3.tgz. Extracting by manifest.
3395 silly tarball no local data for ts-node@https://registry.npmjs.org/ts-node/-/ts-node-10.9.2.tgz. Extracting by manifest.
3396 silly tarball no local data for slice-ansi@https://registry.npmjs.org/slice-ansi/-/slice-ansi-4.0.0.tgz. Extracting by manifest.
3397 silly tarball no local data for ansicolors@https://registry.npmjs.org/ansicolors/-/ansicolors-0.3.2.tgz. Extracting by manifest.
3398 silly tarball no local data for password-prompt@https://registry.npmjs.org/password-prompt/-/password-prompt-1.1.3.tgz. Extracting by manifest.
3399 silly tarball no local data for object-treeify@https://registry.npmjs.org/object-treeify/-/object-treeify-1.1.33.tgz. Extracting by manifest.
3400 silly tarball no local data for natural-orderby@https://registry.npmjs.org/natural-orderby/-/natural-orderby-2.0.3.tgz. Extracting by manifest.
3401 silly tarball no local data for js-yaml@https://registry.npmjs.org/js-yaml/-/js-yaml-3.15.2.tgz. Extracting by manifest.
3402 silly tarball no local data for globby@https://registry.npmjs.org/globby/-/globby-11.1.0.tgz. Extracting by manifest.
3403 silly tarball no local data for hyperlinker@https://registry.npmjs.org/hyperlinker/-/hyperlinker-1.0.0.tgz. Extracting by manifest.
3404 silly tarball no local data for cardinal@https://registry.npmjs.org/cardinal/-/cardinal-2.1.1.tgz. Extracting by manifest.
3405 silly tarball no local data for sax@https://registry.npmjs.org/sax/-/sax-1.6.1.tgz. Extracting by manifest.
3406 silly tarball no local data for stream-buffers@https://registry.npmjs.org/stream-buffers/-/stream-buffers-2.2.0.tgz. Extracting by manifest.
3407 silly tarball no local data for plist@https://registry.npmjs.org/plist/-/plist-3.1.1.tgz. Extracting by manifest.
3408 silly tarball no local data for @types/cli-progress@https://registry.npmjs.org/@types/cli-progress/-/cli-progress-3.11.6.tgz. Extracting by manifest.
3409 silly tarball no local data for bplist-creator@https://registry.npmjs.org/bplist-creator/-/bplist-creator-0.1.0.tgz. Extracting by manifest.
3410 silly tarball no local data for simple-plist@https://registry.npmjs.org/simple-plist/-/simple-plist-1.3.1.tgz. Extracting by manifest.
3411 silly tarball no local data for powershell-utils@https://registry.npmjs.org/powershell-utils/-/powershell-utils-0.1.0.tgz. Extracting by manifest.
3412 silly tarball no local data for imurmurhash@https://registry.npmjs.org/imurmurhash/-/imurmurhash-0.1.4.tgz. Extracting by manifest.
3413 silly tarball no local data for isexe@https://registry.npmjs.org/isexe/-/isexe-2.0.0.tgz. Extracting by manifest.
3414 silly tarball no local data for webidl-conversions@https://registry.npmjs.org/webidl-conversions/-/webidl-conversions-3.0.1.tgz. Extracting by manifest.
3415 silly tarball no local data for tr46@https://registry.npmjs.org/tr46/-/tr46-0.0.3.tgz. Extracting by manifest.
3416 silly tarball no local data for clone@https://registry.npmjs.org/clone/-/clone-1.0.4.tgz. Extracting by manifest.
3417 silly tarball no local data for punycode@https://registry.npmjs.org/punycode/-/punycode-2.3.1.tgz. Extracting by manifest.
3418 silly tarball no local data for crypto-random-string@https://registry.npmjs.org/crypto-random-string/-/crypto-random-string-2.0.0.tgz. Extracting by manifest.
3419 silly tarball no local data for defaults@https://registry.npmjs.org/defaults/-/defaults-1.0.4.tgz. Extracting by manifest.
3420 silly tarball no local data for escalade@https://registry.npmjs.org/escalade/-/escalade-3.2.0.tgz. Extracting by manifest.
3421 silly tarball no local data for domino@https://registry.npmjs.org/domino/-/domino-2.1.8.tgz. Extracting by manifest.
3422 silly tarball no local data for is-number@https://registry.npmjs.org/is-number/-/is-number-7.0.0.tgz. Extracting by manifest.
3423 silly tarball no local data for safe-buffer@https://registry.npmjs.org/safe-buffer/-/safe-buffer-5.2.1.tgz. Extracting by manifest.
3424 silly tarball no local data for supports-hyperlinks@https://registry.npmjs.org/supports-hyperlinks/-/supports-hyperlinks-2.3.0.tgz. Extracting by manifest.
3425 silly tarball no local data for bare-events@https://registry.npmjs.org/bare-events/-/bare-events-2.9.2.tgz. Extracting by manifest.
3426 silly tarball no local data for events-universal@https://registry.npmjs.org/events-universal/-/events-universal-1.0.1.tgz. Extracting by manifest.
3427 silly tarball no local data for text-decoder@https://registry.npmjs.org/text-decoder/-/text-decoder-1.2.7.tgz. Extracting by manifest.
3428 silly tarball no local data for streamx@https://registry.npmjs.org/streamx/-/streamx-2.28.1.tgz. Extracting by manifest.
3429 silly tarball no local data for fast-fifo@https://registry.npmjs.org/fast-fifo/-/fast-fifo-1.3.2.tgz. Extracting by manifest.
3430 silly tarball no local data for chownr@https://registry.npmjs.org/chownr/-/chownr-3.0.0.tgz. Extracting by manifest.
3431 silly tarball no local data for @isaacs/fs-minipass@https://registry.npmjs.org/@isaacs/fs-minipass/-/fs-minipass-4.0.1.tgz. Extracting by manifest.
3432 silly tarball no local data for b4a@https://registry.npmjs.org/b4a/-/b4a-1.8.1.tgz. Extracting by manifest.
3433 silly tarball no local data for has-flag@https://registry.npmjs.org/has-flag/-/has-flag-4.0.0.tgz. Extracting by manifest.
3434 silly tarball no local data for ansi-regex@https://registry.npmjs.org/ansi-regex/-/ansi-regex-5.0.1.tgz. Extracting by manifest.
3435 silly tarball no local data for emoji-regex@https://registry.npmjs.org/emoji-regex/-/emoji-regex-8.0.0.tgz. Extracting by manifest.
3436 silly tarball no local data for shebang-regex@https://registry.npmjs.org/shebang-regex/-/shebang-regex-3.0.0.tgz. Extracting by manifest.
3437 silly tarball no local data for queue-microtask@https://registry.npmjs.org/queue-microtask/-/queue-microtask-1.2.3.tgz. Extracting by manifest.
3438 silly tarball no local data for is-fullwidth-code-point@https://registry.npmjs.org/is-fullwidth-code-point/-/is-fullwidth-code-point-3.0.0.tgz. Extracting by manifest.
3439 silly tarball no local data for mimic-fn@https://registry.npmjs.org/mimic-fn/-/mimic-fn-2.1.0.tgz. Extracting by manifest.
3440 silly tarball no local data for @protobufjs/utf8@https://registry.npmjs.org/@protobufjs/utf8/-/utf8-1.1.2.tgz. Extracting by manifest.
3441 silly tarball no local data for @protobufjs/pool@https://registry.npmjs.org/@protobufjs/pool/-/pool-1.1.0.tgz. Extracting by manifest.
3442 silly tarball no local data for signal-exit@https://registry.npmjs.org/signal-exit/-/signal-exit-3.0.7.tgz. Extracting by manifest.
3443 silly tarball no local data for onetime@https://registry.npmjs.org/onetime/-/onetime-5.1.2.tgz. Extracting by manifest.
3444 silly tarball no local data for long@https://registry.npmjs.org/long/-/long-5.3.2.tgz. Extracting by manifest.
3445 silly tarball no local data for @protobufjs/path@https://registry.npmjs.org/@protobufjs/path/-/path-1.1.2.tgz. Extracting by manifest.
3446 silly tarball no local data for @protobufjs/eventemitter@https://registry.npmjs.org/@protobufjs/eventemitter/-/eventemitter-1.1.1.tgz. Extracting by manifest.
3447 silly tarball no local data for @protobufjs/fetch@https://registry.npmjs.org/@protobufjs/fetch/-/fetch-1.1.1.tgz. Extracting by manifest.
3448 silly tarball no local data for @protobufjs/codegen@https://registry.npmjs.org/@protobufjs/codegen/-/codegen-2.0.5.tgz. Extracting by manifest.
3449 silly tarball no local data for @protobufjs/float@https://registry.npmjs.org/@protobufjs/float/-/float-1.0.2.tgz. Extracting by manifest.
3450 silly tarball no local data for @protobufjs/aspromise@https://registry.npmjs.org/@protobufjs/aspromise/-/aspromise-1.1.2.tgz. Extracting by manifest.
3451 silly tarball no local data for @protobufjs/base64@https://registry.npmjs.org/@protobufjs/base64/-/base64-1.1.2.tgz. Extracting by manifest.
3452 silly tarball no local data for sisteransi@https://registry.npmjs.org/sisteransi/-/sisteransi-1.0.5.tgz. Extracting by manifest.
3453 silly tarball no local data for kleur@https://registry.npmjs.org/kleur/-/kleur-3.0.3.tgz. Extracting by manifest.
3454 silly tarball no local data for err-code@https://registry.npmjs.org/err-code/-/err-code-2.0.3.tgz. Extracting by manifest.
3455 silly tarball no local data for p-try@https://registry.npmjs.org/p-try/-/p-try-2.2.0.tgz. Extracting by manifest.
3456 silly tarball no local data for retry@https://registry.npmjs.org/retry/-/retry-0.12.0.tgz. Extracting by manifest.
3457 silly tarball no local data for p-limit@https://registry.npmjs.org/p-limit/-/p-limit-2.3.0.tgz. Extracting by manifest.
3458 silly tarball no local data for p-locate@https://registry.npmjs.org/p-locate/-/p-locate-4.1.0.tgz. Extracting by manifest.
3459 silly tarball no local data for path-exists@https://registry.npmjs.org/path-exists/-/path-exists-4.0.0.tgz. Extracting by manifest.
3460 silly tarball no local data for locate-path@https://registry.npmjs.org/locate-path/-/locate-path-5.0.0.tgz. Extracting by manifest.
3461 silly tarball no local data for is-arrayish@https://registry.npmjs.org/is-arrayish/-/is-arrayish-0.2.1.tgz. Extracting by manifest.
3462 silly tarball no local data for json-parse-better-errors@https://registry.npmjs.org/json-parse-better-errors/-/json-parse-better-errors-1.0.2.tgz. Extracting by manifest.
3463 silly tarball no local data for restore-cursor@https://registry.npmjs.org/restore-cursor/-/restore-cursor-3.1.0.tgz. Extracting by manifest.
3464 silly tarball no local data for find-up@https://registry.npmjs.org/find-up/-/find-up-4.1.0.tgz. Extracting by manifest.
3465 silly tarball no local data for error-ex@https://registry.npmjs.org/error-ex/-/error-ex-1.3.4.tgz. Extracting by manifest.
3466 silly tarball no local data for wcwidth@https://registry.npmjs.org/wcwidth/-/wcwidth-1.0.1.tgz. Extracting by manifest.
3467 silly tarball no local data for mute-stream@https://registry.npmjs.org/mute-stream/-/mute-stream-0.0.8.tgz. Extracting by manifest.
3468 silly tarball no local data for is-interactive@https://registry.npmjs.org/is-interactive/-/is-interactive-1.0.0.tgz. Extracting by manifest.
3469 silly tarball no local data for is-wsl@https://registry.npmjs.org/is-wsl/-/is-wsl-2.2.0.tgz. Extracting by manifest.
3470 silly tarball no local data for is-docker@https://registry.npmjs.org/is-docker/-/is-docker-2.2.1.tgz. Extracting by manifest.
3471 silly tarball no local data for strip-ansi@https://registry.npmjs.org/strip-ansi/-/strip-ansi-6.0.1.tgz. Extracting by manifest.
3472 silly tarball no local data for define-lazy-prop@https://registry.npmjs.org/define-lazy-prop/-/define-lazy-prop-2.0.0.tgz. Extracting by manifest.
3473 silly tarball no local data for cli-cursor@https://registry.npmjs.org/cli-cursor/-/cli-cursor-3.1.0.tgz. Extracting by manifest.
3474 silly tarball no local data for validate-npm-package-name@https://registry.npmjs.org/validate-npm-package-name/-/validate-npm-package-name-5.0.1.tgz. Extracting by manifest.
3475 silly tarball no local data for proc-log@https://registry.npmjs.org/proc-log/-/proc-log-4.2.0.tgz. Extracting by manifest.
3476 silly tarball no local data for hosted-git-info@https://registry.npmjs.org/hosted-git-info/-/hosted-git-info-7.0.2.tgz. Extracting by manifest.
3477 silly tarball no local data for safer-buffer@https://registry.npmjs.org/safer-buffer/-/safer-buffer-2.1.2.tgz. Extracting by manifest.
3478 silly tarball no local data for whatwg-url@https://registry.npmjs.org/whatwg-url/-/whatwg-url-5.0.0.tgz. Extracting by manifest.
3479 silly tarball no local data for asn1@https://registry.npmjs.org/asn1/-/asn1-0.2.6.tgz. Extracting by manifest.
3480 silly tarball no local data for minimist@https://registry.npmjs.org/minimist/-/minimist-1.2.8.tgz. Extracting by manifest.
3481 silly tarball no local data for rimraf@https://registry.npmjs.org/rimraf/-/rimraf-2.4.5.tgz. Extracting by manifest.
3482 silly tarball no local data for mkdirp@https://registry.npmjs.org/mkdirp/-/mkdirp-0.5.6.tgz. Extracting by manifest.
3483 silly tarball no local data for balanced-match@https://registry.npmjs.org/balanced-match/-/balanced-match-1.0.2.tgz. Extracting by manifest.
3484 silly tarball no local data for brace-expansion@https://registry.npmjs.org/brace-expansion/-/brace-expansion-2.1.4.tgz. Extracting by manifest.
3485 silly tarball no local data for to-regex-range@https://registry.npmjs.org/to-regex-range/-/to-regex-range-5.0.1.tgz. Extracting by manifest.
3486 silly tarball no local data for mime-db@https://registry.npmjs.org/mime-db/-/mime-db-1.52.0.tgz. Extracting by manifest.
3487 silly tarball no local data for fill-range@https://registry.npmjs.org/fill-range/-/fill-range-7.1.1.tgz. Extracting by manifest.
3488 silly tarball no local data for ncp@https://registry.npmjs.org/ncp/-/ncp-2.0.0.tgz. Extracting by manifest.
3489 silly tarball no local data for picomatch@https://registry.npmjs.org/picomatch/-/picomatch-2.3.2.tgz. Extracting by manifest.
3490 silly tarball no local data for braces@https://registry.npmjs.org/braces/-/braces-3.0.3.tgz. Extracting by manifest.
3491 silly tarball no local data for is-buffer@https://registry.npmjs.org/is-buffer/-/is-buffer-1.1.6.tgz. Extracting by manifest.
3492 silly tarball no local data for charenc@https://registry.npmjs.org/charenc/-/charenc-0.0.2.tgz. Extracting by manifest.
3493 silly tarball no local data for yallist@https://registry.npmjs.org/yallist/-/yallist-3.1.1.tgz. Extracting by manifest.
3494 silly tarball no local data for @hapi/topo@https://registry.npmjs.org/@hapi/topo/-/topo-5.1.0.tgz. Extracting by manifest.
3495 silly tarball no local data for @hapi/hoek@https://registry.npmjs.org/@hapi/hoek/-/hoek-9.3.0.tgz. Extracting by manifest.
3496 silly tarball no local data for is-unicode-supported@https://registry.npmjs.org/is-unicode-supported/-/is-unicode-supported-0.1.0.tgz. Extracting by manifest.
3497 silly tarball no local data for node-rsa@https://registry.npmjs.org/node-rsa/-/node-rsa-1.1.1.tgz. Extracting by manifest.
3498 silly tarball no local data for crypt@https://registry.npmjs.org/crypt/-/crypt-0.0.2.tgz. Extracting by manifest.
3499 silly tarball no local data for @sideway/pinpoint@https://registry.npmjs.org/@sideway/pinpoint/-/pinpoint-2.0.0.tgz. Extracting by manifest.
3500 silly tarball no local data for @sideway/formula@https://registry.npmjs.org/@sideway/formula/-/formula-3.0.1.tgz. Extracting by manifest.
3501 silly tarball no local data for @sideway/address@https://registry.npmjs.org/@sideway/address/-/address-4.1.5.tgz. Extracting by manifest.
3502 silly tarball no local data for filelist@https://registry.npmjs.org/filelist/-/filelist-1.0.6.tgz. Extracting by manifest.
3503 silly tarball no local data for is-extglob@https://registry.npmjs.org/is-extglob/-/is-extglob-2.1.1.tgz. Extracting by manifest.
3504 silly tarball no local data for node-int64@https://registry.npmjs.org/node-int64/-/node-int64-0.4.0.tgz. Extracting by manifest.
3505 silly tarball no local data for async@https://registry.npmjs.org/async/-/async-3.2.6.tgz. Extracting by manifest.
3506 silly tarball no local data for loose-envify@https://registry.npmjs.org/loose-envify/-/loose-envify-1.4.0.tgz. Extracting by manifest.
3507 silly tarball no local data for agent-base@https://registry.npmjs.org/agent-base/-/agent-base-6.0.2.tgz. Extracting by manifest.
3508 silly tarball no local data for tunnel-agent@https://registry.npmjs.org/tunnel-agent/-/tunnel-agent-0.6.0.tgz. Extracting by manifest.
3509 silly tarball no local data for is-stream@https://registry.npmjs.org/is-stream/-/is-stream-2.0.1.tgz. Extracting by manifest.
3510 silly tarball no local data for parse-json@https://registry.npmjs.org/parse-json/-/parse-json-4.0.0.tgz. Extracting by manifest.
3511 silly tarball no local data for is-retry-allowed@https://registry.npmjs.org/is-retry-allowed/-/is-retry-allowed-1.2.0.tgz. Extracting by manifest.
3512 silly tarball no local data for content-type@https://registry.npmjs.org/content-type/-/content-type-1.0.5.tgz. Extracting by manifest.
3513 silly tarball no local data for lodash.merge@https://registry.npmjs.org/lodash.merge/-/lodash.merge-4.6.2.tgz. Extracting by manifest.
3514 silly tarball no local data for path-scurry@https://registry.npmjs.org/path-scurry/-/path-scurry-2.0.2.tgz. Extracting by manifest.
3515 silly tarball no local data for is-glob@https://registry.npmjs.org/is-glob/-/is-glob-4.0.3.tgz. Extracting by manifest.
3516 silly tarball no local data for minipass@https://registry.npmjs.org/minipass/-/minipass-7.1.3.tgz. Extracting by manifest.
3517 silly tarball no local data for dunder-proto@https://registry.npmjs.org/dunder-proto/-/dunder-proto-1.0.1.tgz. Extracting by manifest.
3518 silly tarball no local data for math-intrinsics@https://registry.npmjs.org/math-intrinsics/-/math-intrinsics-1.1.0.tgz. Extracting by manifest.
3519 silly tarball no local data for get-proto@https://registry.npmjs.org/get-proto/-/get-proto-1.0.1.tgz. Extracting by manifest.
3520 silly tarball no local data for function-bind@https://registry.npmjs.org/function-bind/-/function-bind-1.1.2.tgz. Extracting by manifest.
3521 silly tarball no local data for has-symbols@https://registry.npmjs.org/has-symbols/-/has-symbols-1.1.0.tgz. Extracting by manifest.
3522 silly tarball no local data for es-object-atoms@https://registry.npmjs.org/es-object-atoms/-/es-object-atoms-1.1.2.tgz. Extracting by manifest.
3523 silly tarball no local data for es-define-property@https://registry.npmjs.org/es-define-property/-/es-define-property-1.0.1.tgz. Extracting by manifest.
3524 silly tarball no local data for gopd@https://registry.npmjs.org/gopd/-/gopd-1.2.0.tgz. Extracting by manifest.
3525 silly tarball no local data for call-bind-apply-helpers@https://registry.npmjs.org/call-bind-apply-helpers/-/call-bind-apply-helpers-1.0.2.tgz. Extracting by manifest.
3526 silly tarball no local data for universalify@https://registry.npmjs.org/universalify/-/universalify-2.0.1.tgz. Extracting by manifest.
3527 silly tarball no local data for jsonfile@https://registry.npmjs.org/jsonfile/-/jsonfile-6.2.1.tgz. Extracting by manifest.
3528 silly tarball no local data for has-tostringtag@https://registry.npmjs.org/has-tostringtag/-/has-tostringtag-1.0.2.tgz. Extracting by manifest.
3529 silly tarball no local data for get-intrinsic@https://registry.npmjs.org/get-intrinsic/-/get-intrinsic-1.3.0.tgz. Extracting by manifest.
3530 silly tarball no local data for es-errors@https://registry.npmjs.org/es-errors/-/es-errors-1.3.0.tgz. Extracting by manifest.
3531 silly tarball no local data for graceful-fs@https://registry.npmjs.org/graceful-fs/-/graceful-fs-4.2.11.tgz. Extracting by manifest.
3532 silly tarball no local data for delayed-stream@https://registry.npmjs.org/delayed-stream/-/delayed-stream-1.0.0.tgz. Extracting by manifest.
3533 silly tarball no local data for mime-types@https://registry.npmjs.org/mime-types/-/mime-types-2.1.35.tgz. Extracting by manifest.
3534 silly tarball no local data for hasown@https://registry.npmjs.org/hasown/-/hasown-2.0.4.tgz. Extracting by manifest.
3535 silly tarball no local data for combined-stream@https://registry.npmjs.org/combined-stream/-/combined-stream-1.0.8.tgz. Extracting by manifest.
3536 silly tarball no local data for es-set-tostringtag@https://registry.npmjs.org/es-set-tostringtag/-/es-set-tostringtag-2.1.0.tgz. Extracting by manifest.
3537 silly tarball no local data for asynckit@https://registry.npmjs.org/asynckit/-/asynckit-0.4.0.tgz. Extracting by manifest.
3538 silly tarball no local data for @nodelib/fs.scandir@https://registry.npmjs.org/@nodelib/fs.scandir/-/fs.scandir-2.1.5.tgz. Extracting by manifest.
3539 silly tarball no local data for reusify@https://registry.npmjs.org/reusify/-/reusify-1.1.0.tgz. Extracting by manifest.
3540 silly tarball no local data for fastq@https://registry.npmjs.org/fastq/-/fastq-1.20.3.tgz. Extracting by manifest.
3541 silly tarball no local data for run-parallel@https://registry.npmjs.org/run-parallel/-/run-parallel-1.2.0.tgz. Extracting by manifest.
3542 silly tarball no local data for @nodelib/fs.walk@https://registry.npmjs.org/@nodelib/fs.walk/-/fs.walk-1.2.8.tgz. Extracting by manifest.
3543 silly tarball no local data for @nodelib/fs.stat@https://registry.npmjs.org/@nodelib/fs.stat/-/fs.stat-2.0.5.tgz. Extracting by manifest.
3544 silly tarball no local data for micromatch@https://registry.npmjs.org/micromatch/-/micromatch-4.0.8.tgz. Extracting by manifest.
3545 silly tarball no local data for glob-parent@https://registry.npmjs.org/glob-parent/-/glob-parent-5.1.2.tgz. Extracting by manifest.
3546 silly tarball no local data for merge2@https://registry.npmjs.org/merge2/-/merge2-1.4.1.tgz. Extracting by manifest.
3547 silly tarball no local data for jake@https://registry.npmjs.org/jake/-/jake-10.9.4.tgz. Extracting by manifest.
3548 silly tarball no local data for nan@https://registry.npmjs.org/nan/-/nan-2.28.0.tgz. Extracting by manifest.
3549 silly tarball no local data for ms@https://registry.npmjs.org/ms/-/ms-2.1.3.tgz. Extracting by manifest.
3550 silly tarball no local data for shebang-command@https://registry.npmjs.org/shebang-command/-/shebang-command-2.0.0.tgz. Extracting by manifest.
3551 silly tarball no local data for which@https://registry.npmjs.org/which/-/which-2.0.2.tgz. Extracting by manifest.
3552 silly tarball no local data for path-key@https://registry.npmjs.org/path-key/-/path-key-3.1.1.tgz. Extracting by manifest.
3553 silly tarball no local data for color-name@https://registry.npmjs.org/color-name/-/color-name-1.1.4.tgz. Extracting by manifest.
3554 silly tarball no local data for color-convert@https://registry.npmjs.org/color-convert/-/color-convert-2.0.1.tgz. Extracting by manifest.
3555 silly tarball no local data for ansi-styles@https://registry.npmjs.org/ansi-styles/-/ansi-styles-4.3.0.tgz. Extracting by manifest.
3556 silly tarball no local data for protobufjs@https://registry.npmjs.org/protobufjs/-/protobufjs-7.6.6.tgz. Extracting by manifest.
3557 silly tarball no local data for escape-string-regexp@https://registry.npmjs.org/escape-string-regexp/-/escape-string-regexp-4.0.0.tgz. Extracting by manifest.
3558 silly tarball no local data for safe-json-stringify@https://registry.npmjs.org/safe-json-stringify/-/safe-json-stringify-1.2.0.tgz. Extracting by manifest.
3559 silly tarball no local data for events@https://registry.npmjs.org/events/-/events-3.3.0.tgz. Extracting by manifest.
3560 silly tarball no local data for mv@https://registry.npmjs.org/mv/-/mv-2.1.1.tgz. Extracting by manifest.
3561 silly tarball no local data for moment@https://registry.npmjs.org/moment/-/moment-2.30.1.tgz. Extracting by manifest.
3562 silly tarball no local data for node-releases@https://registry.npmjs.org/node-releases/-/node-releases-2.0.54.tgz. Extracting by manifest.
3563 silly tarball no local data for dtrace-provider@https://registry.npmjs.org/dtrace-provider/-/dtrace-provider-0.8.8.tgz. Extracting by manifest.
3564 silly tarball no local data for update-browserslist-db@https://registry.npmjs.org/update-browserslist-db/-/update-browserslist-db-1.3.2.tgz. Extracting by manifest.
3565 silly tarball no local data for electron-to-chromium@https://registry.npmjs.org/electron-to-chromium/-/electron-to-chromium-1.5.418.tgz. Extracting by manifest.
3566 silly tarball no local data for caniuse-lite@https://registry.npmjs.org/caniuse-lite/-/caniuse-lite-1.0.30001810.tgz. Extracting by manifest.
3567 silly tarball no local data for baseline-browser-mapping@https://registry.npmjs.org/baseline-browser-mapping/-/baseline-browser-mapping-2.11.20.tgz. Extracting by manifest.
3568 silly tarball no local data for big-integer@https://registry.npmjs.org/big-integer/-/big-integer-1.6.52.tgz. Extracting by manifest.
3569 silly tarball no local data for type-fest@https://registry.npmjs.org/type-fest/-/type-fest-0.21.3.tgz. Extracting by manifest.
3570 silly tarball no local data for uri-js@https://registry.npmjs.org/uri-js/-/uri-js-4.4.1.tgz. Extracting by manifest.
3571 silly tarball no local data for require-from-string@https://registry.npmjs.org/require-from-string/-/require-from-string-2.0.2.tgz. Extracting by manifest.
3572 silly tarball no local data for @0no-co/graphql.web@https://registry.npmjs.org/@0no-co/graphql.web/-/graphql.web-1.3.4.tgz. Extracting by manifest.
3573 silly tarball no local data for json-schema-traverse@https://registry.npmjs.org/json-schema-traverse/-/json-schema-traverse-1.0.0.tgz. Extracting by manifest.
3574 silly tarball no local data for @types/node@https://registry.npmjs.org/@types/node/-/node-26.4.0.tgz. Extracting by manifest.
3575 silly tarball no local data for wonka@https://registry.npmjs.org/wonka/-/wonka-6.3.6.tgz. Extracting by manifest.
3576 silly tarball no local data for undici-types@https://registry.npmjs.org/undici-types/-/undici-types-8.3.0.tgz. Extracting by manifest.
3577 silly tarball no local data for @sentry/utils@https://registry.npmjs.org/@sentry/utils/-/utils-7.77.0.tgz. Extracting by manifest.
3578 silly tarball no local data for join-component@https://registry.npmjs.org/join-component/-/join-component-1.1.0.tgz. Extracting by manifest.
3579 silly tarball no local data for @sentry-internal/tracing@https://registry.npmjs.org/@sentry-internal/tracing/-/tracing-7.77.0.tgz. Extracting by manifest.
3580 silly tarball no local data for @sentry/core@https://registry.npmjs.org/@sentry/core/-/core-7.77.0.tgz. Extracting by manifest.
3581 silly tarball no local data for @sentry/types@https://registry.npmjs.org/@sentry/types/-/types-7.77.0.tgz. Extracting by manifest.
3582 silly tarball no local data for wordwrap@https://registry.npmjs.org/wordwrap/-/wordwrap-1.0.0.tgz. Extracting by manifest.
3583 silly tarball no local data for component-type@https://registry.npmjs.org/component-type/-/component-type-1.2.2.tgz. Extracting by manifest.
3584 silly tarball no local data for widest-line@https://registry.npmjs.org/widest-line/-/widest-line-3.1.0.tgz. Extracting by manifest.
3585 silly tarball no local data for tinyglobby@https://registry.npmjs.org/tinyglobby/-/tinyglobby-0.2.17.tgz. Extracting by manifest.
3586 silly tarball no local data for string-width@https://registry.npmjs.org/string-width/-/string-width-4.2.3.tgz. Extracting by manifest.
3587 silly tarball no local data for lilconfig@https://registry.npmjs.org/lilconfig/-/lilconfig-3.1.3.tgz. Extracting by manifest.
3588 silly tarball no local data for get-package-type@https://registry.npmjs.org/get-package-type/-/get-package-type-0.1.0.tgz. Extracting by manifest.
3589 silly tarball no local data for supports-color@https://registry.npmjs.org/supports-color/-/supports-color-8.1.1.tgz. Extracting by manifest.
3590 silly tarball no local data for cli-spinners@https://registry.npmjs.org/cli-spinners/-/cli-spinners-2.9.2.tgz. Extracting by manifest.
3591 silly tarball no local data for wsl-utils@https://registry.npmjs.org/wsl-utils/-/wsl-utils-0.4.0.tgz. Extracting by manifest.
3592 silly tarball no local data for ansis@https://registry.npmjs.org/ansis/-/ansis-3.17.0.tgz. Extracting by manifest.
3593 silly tarball no local data for @jridgewell/resolve-uri@https://registry.npmjs.org/@jridgewell/resolve-uri/-/resolve-uri-3.1.2.tgz. Extracting by manifest.
3594 silly tarball no local data for clean-stack@https://registry.npmjs.org/clean-stack/-/clean-stack-3.0.1.tgz. Extracting by manifest.
3595 silly tarball no local data for @jridgewell/sourcemap-codec@https://registry.npmjs.org/@jridgewell/sourcemap-codec/-/sourcemap-codec-1.6.0.tgz. Extracting by manifest.
3596 silly tarball no local data for ansi-escapes@https://registry.npmjs.org/ansi-escapes/-/ansi-escapes-4.3.2.tgz. Extracting by manifest.
3597 silly tarball no local data for lodash.clonedeep@https://registry.npmjs.org/lodash.clonedeep/-/lodash.clonedeep-4.5.0.tgz. Extracting by manifest.
3598 silly tarball no local data for arg@https://registry.npmjs.org/arg/-/arg-5.0.2.tgz. Extracting by manifest.
3599 silly tarball no local data for jsep@https://registry.npmjs.org/jsep/-/jsep-1.4.0.tgz. Extracting by manifest.
3600 silly tarball no local data for cross-spawn@https://registry.npmjs.org/cross-spawn/-/cross-spawn-7.0.6.tgz. Extracting by manifest.
3601 silly tarball no local data for remove-trailing-slash@https://registry.npmjs.org/remove-trailing-slash/-/remove-trailing-slash-0.1.1.tgz. Extracting by manifest.
3602 silly tarball no local data for @expo/bunyan@https://registry.npmjs.org/@expo/bunyan/-/bunyan-4.0.1.tgz. Extracting by manifest.
3603 silly tarball no local data for @segment/loosely-validate-event@https://registry.npmjs.org/@segment/loosely-validate-event/-/loosely-validate-event-2.0.0.tgz. Extracting by manifest.
3604 silly tarball no local data for @babel/helper-string-parser@https://registry.npmjs.org/@babel/helper-string-parser/-/helper-string-parser-7.29.7.tgz. Extracting by manifest.
3605 silly tarball no local data for md5@https://registry.npmjs.org/md5/-/md5-2.3.0.tgz. Extracting by manifest.
3606 silly tarball no local data for lru-cache@https://registry.npmjs.org/lru-cache/-/lru-cache-5.1.1.tgz. Extracting by manifest.
3607 silly tarball no local data for fetch-retry@https://registry.npmjs.org/fetch-retry/-/fetch-retry-4.1.1.tgz. Extracting by manifest.
3608 silly tarball no local data for browserslist@https://registry.npmjs.org/browserslist/-/browserslist-4.28.8.tgz. Extracting by manifest.
3609 silly tarball no local data for @babel/helper-globals@https://registry.npmjs.org/@babel/helper-globals/-/helper-globals-7.29.7.tgz. Extracting by manifest.
3610 silly tarball no local data for @babel/helper-plugin-utils@https://registry.npmjs.org/@babel/helper-plugin-utils/-/helper-plugin-utils-7.29.7.tgz. Extracting by manifest.
3611 silly tarball no local data for jsesc@https://registry.npmjs.org/jsesc/-/jsesc-3.1.0.tgz. Extracting by manifest.
3612 silly tarball no local data for @babel/helper-module-imports@https://registry.npmjs.org/@babel/helper-module-imports/-/helper-module-imports-7.29.7.tgz. Extracting by manifest.
3613 silly tarball no local data for @babel/helper-validator-option@https://registry.npmjs.org/@babel/helper-validator-option/-/helper-validator-option-7.29.7.tgz. Extracting by manifest.
3614 silly tarball no local data for @babel/compat-data@https://registry.npmjs.org/@babel/compat-data/-/compat-data-7.29.7.tgz. Extracting by manifest.
3615 silly tarball no local data for @jridgewell/gen-mapping@https://registry.npmjs.org/@jridgewell/gen-mapping/-/gen-mapping-0.3.13.tgz. Extracting by manifest.
3616 silly tarball no local data for @jridgewell/trace-mapping@https://registry.npmjs.org/@jridgewell/trace-mapping/-/trace-mapping-0.3.31.tgz. Extracting by manifest.
3617 silly tarball no local data for gensync@https://registry.npmjs.org/gensync/-/gensync-1.0.0-beta.2.tgz. Extracting by manifest.
3618 silly tarball no local data for @jridgewell/remapping@https://registry.npmjs.org/@jridgewell/remapping/-/remapping-2.3.5.tgz. Extracting by manifest.
3619 silly tarball no local data for convert-source-map@https://registry.npmjs.org/convert-source-map/-/convert-source-map-2.0.0.tgz. Extracting by manifest.
3620 silly tarball no local data for @babel/traverse@https://registry.npmjs.org/@babel/traverse/-/traverse-7.29.8.tgz. Extracting by manifest.
3621 silly tarball no local data for @babel/template@https://registry.npmjs.org/@babel/template/-/template-7.29.7.tgz. Extracting by manifest.
3622 silly tarball no local data for @babel/types@https://registry.npmjs.org/@babel/types/-/types-7.29.8.tgz. Extracting by manifest.
3623 silly tarball no local data for @babel/helpers@https://registry.npmjs.org/@babel/helpers/-/helpers-7.29.7.tgz. Extracting by manifest.
3624 silly tarball no local data for @babel/parser@https://registry.npmjs.org/@babel/parser/-/parser-7.29.8.tgz. Extracting by manifest.
3625 silly tarball no local data for @babel/helper-module-transforms@https://registry.npmjs.org/@babel/helper-module-transforms/-/helper-module-transforms-7.29.7.tgz. Extracting by manifest.
3626 silly tarball no local data for @babel/generator@https://registry.npmjs.org/@babel/generator/-/generator-7.29.8.tgz. Extracting by manifest.
3627 silly tarball no local data for @babel/plugin-transform-modules-commonjs@https://registry.npmjs.org/@babel/plugin-transform-modules-commonjs/-/plugin-transform-modules-commonjs-7.29.7.tgz. Extracting by manifest.
3628 silly tarball no local data for @babel/helper-compilation-targets@https://registry.npmjs.org/@babel/helper-compilation-targets/-/helper-compilation-targets-7.29.7.tgz. Extracting by manifest.
3629 silly tarball no local data for @babel/core@https://registry.npmjs.org/@babel/core/-/core-7.29.7.tgz. Extracting by manifest.
3630 silly tarball no local data for unique-string@https://registry.npmjs.org/unique-string/-/unique-string-2.0.0.tgz. Extracting by manifest.
3631 silly tarball no local data for @react-native/normalize-colors@https://registry.npmjs.org/@react-native/normalize-colors/-/normalize-colors-0.79.6.tgz. Extracting by manifest.
3632 silly tarball no local data for parse-png@https://registry.npmjs.org/parse-png/-/parse-png-2.1.0.tgz. Extracting by manifest.
3633 silly tarball no local data for temp-dir@https://registry.npmjs.org/temp-dir/-/temp-dir-2.0.0.tgz. Extracting by manifest.
3634 silly tarball no local data for @expo/image-utils@https://registry.npmjs.org/@expo/image-utils/-/image-utils-0.7.6.tgz. Extracting by manifest.
3635 silly tarball no local data for http-call@https://registry.npmjs.org/http-call/-/http-call-5.3.0.tgz. Extracting by manifest.
3636 silly tarball no local data for ejs@https://registry.npmjs.org/ejs/-/ejs-3.1.10.tgz. Extracting by manifest.
3637 silly tarball no local data for jimp-compact@https://registry.npmjs.org/jimp-compact/-/jimp-compact-0.16.1.tgz. Extracting by manifest.
3638 silly tarball no local data for xmlbuilder@https://registry.npmjs.org/xmlbuilder/-/xmlbuilder-15.1.1.tgz. Extracting by manifest.
3639 silly tarball no local data for @xmldom/xmldom@https://registry.npmjs.org/@xmldom/xmldom/-/xmldom-0.8.15.tgz. Extracting by manifest.
3640 silly tarball no local data for base64-js@https://registry.npmjs.org/base64-js/-/base64-js-1.5.1.tgz. Extracting by manifest.
3641 silly tarball no local data for npm-package-arg@https://registry.npmjs.org/npm-package-arg/-/npm-package-arg-11.0.3.tgz. Extracting by manifest.
3642 silly tarball no local data for exec-async@https://registry.npmjs.org/exec-async/-/exec-async-2.2.0.tgz. Extracting by manifest.
3643 silly tarball no local data for bunyan@https://registry.npmjs.org/bunyan/-/bunyan-1.8.15.tgz. Extracting by manifest.
3644 silly tarball no local data for multipasta@https://registry.npmjs.org/multipasta/-/multipasta-0.2.8.tgz. Extracting by manifest.
3645 silly tarball no local data for write-file-atomic@https://registry.npmjs.org/write-file-atomic/-/write-file-atomic-2.4.3.tgz. Extracting by manifest.
3646 silly tarball no local data for dotenv-expand@https://registry.npmjs.org/dotenv-expand/-/dotenv-expand-11.0.7.tgz. Extracting by manifest.
3647 silly tarball no local data for json5@https://registry.npmjs.org/json5/-/json5-2.2.3.tgz. Extracting by manifest.
3648 silly tarball no local data for @types/bunyan@https://registry.npmjs.org/@types/bunyan/-/bunyan-1.8.11.tgz. Extracting by manifest.
3649 silly tarball no local data for picocolors@https://registry.npmjs.org/picocolors/-/picocolors-1.1.1.tgz. Extracting by manifest.
3650 silly tarball no local data for js-tokens@https://registry.npmjs.org/js-tokens/-/js-tokens-4.0.0.tgz. Extracting by manifest.
3651 silly tarball no local data for golden-fleece@https://registry.npmjs.org/golden-fleece/-/golden-fleece-1.0.9.tgz. Extracting by manifest.
3652 silly tarball no local data for @babel/helper-validator-identifier@https://registry.npmjs.org/@babel/helper-validator-identifier/-/helper-validator-identifier-7.29.7.tgz. Extracting by manifest.
3653 silly tarball no local data for env-string@https://registry.npmjs.org/env-string/-/env-string-1.0.1.tgz. Extracting by manifest.
3654 silly tarball no local data for @babel/highlight@https://registry.npmjs.org/@babel/highlight/-/highlight-7.25.9.tgz. Extracting by manifest.
3655 silly tarball no local data for @babel/code-frame@https://registry.npmjs.org/@babel/code-frame/-/code-frame-7.23.5.tgz. Extracting by manifest.
3656 silly tarball no local data for @expo/turtle-spawn@https://registry.npmjs.org/@expo/turtle-spawn/-/turtle-spawn-23.1.0.tgz. Extracting by manifest.
3657 silly tarball no local data for @expo/sdk-runtime-versions@https://registry.npmjs.org/@expo/sdk-runtime-versions/-/sdk-runtime-versions-1.0.0.tgz. Extracting by manifest.
3658 silly tarball no local data for xml2js@https://registry.npmjs.org/xml2js/-/xml2js-0.6.0.tgz. Extracting by manifest.
3659 silly tarball no local data for xcode@https://registry.npmjs.org/xcode/-/xcode-3.0.1.tgz. Extracting by manifest.
3660 silly tarball no local data for slugify@https://registry.npmjs.org/slugify/-/slugify-1.6.9.tgz. Extracting by manifest.
3661 silly tarball no local data for @expo/require-utils@https://registry.npmjs.org/@expo/require-utils/-/require-utils-55.0.8.tgz. Extracting by manifest.
3662 silly tarball no local data for resolve-workspace-root@https://registry.npmjs.org/resolve-workspace-root/-/resolve-workspace-root-2.0.1.tgz. Extracting by manifest.
3663 silly tarball no local data for glob@https://registry.npmjs.org/glob/-/glob-13.0.6.tgz. Extracting by manifest.
3664 silly tarball no local data for deepmerge@https://registry.npmjs.org/deepmerge/-/deepmerge-4.3.1.tgz. Extracting by manifest.
3665 silly tarball no local data for @expo/config-types@https://registry.npmjs.org/@expo/config-types/-/config-types-55.0.6.tgz. Extracting by manifest.
3666 silly tarball no local data for zod@https://registry.npmjs.org/zod/-/zod-4.5.4.tgz. Extracting by manifest.
3667 silly tarball no local data for ws@https://registry.npmjs.org/ws/-/ws-8.21.1.tgz. Extracting by manifest.
3668 silly tarball no local data for yaml@https://registry.npmjs.org/yaml/-/yaml-2.6.0.tgz. Extracting by manifest.
3669 silly tarball no local data for wrap-ansi@https://registry.npmjs.org/wrap-ansi/-/wrap-ansi-7.0.0.tgz. Extracting by manifest.
3670 silly tarball no local data for uuid@https://registry.npmjs.org/uuid/-/uuid-11.1.1.tgz. Extracting by manifest.
3671 silly tarball no local data for untildify@https://registry.npmjs.org/untildify/-/untildify-4.0.0.tgz. Extracting by manifest.
3672 silly tarball no local data for tslib@https://registry.npmjs.org/tslib/-/tslib-2.6.2.tgz. Extracting by manifest.
3673 silly tarball no local data for ts-deepmerge@https://registry.npmjs.org/ts-deepmerge/-/ts-deepmerge-6.2.0.tgz. Extracting by manifest.
3674 silly tarball no local data for terminal-link@https://registry.npmjs.org/terminal-link/-/terminal-link-2.1.1.tgz. Extracting by manifest.
3675 silly tarball no local data for turndown@https://registry.npmjs.org/turndown/-/turndown-7.1.2.tgz. Extracting by manifest.
3676 silly tarball no local data for tar@https://registry.npmjs.org/tar/-/tar-7.5.19.tgz. Extracting by manifest.
3677 silly tarball no local data for tar-stream@https://registry.npmjs.org/tar-stream/-/tar-stream-3.1.7.tgz. Extracting by manifest.
3678 silly tarball no local data for set-interval-async@https://registry.npmjs.org/set-interval-async/-/set-interval-async-3.0.3.tgz. Extracting by manifest.
3679 silly tarball no local data for resolve-from@https://registry.npmjs.org/resolve-from/-/resolve-from-5.0.0.tgz. Extracting by manifest.
3680 silly tarball no local data for semver@https://registry.npmjs.org/semver/-/semver-7.5.4.tgz. Extracting by manifest.
3681 silly tarball no local data for qrcode-terminal@https://registry.npmjs.org/qrcode-terminal/-/qrcode-terminal-0.12.0.tgz. Extracting by manifest.
3682 silly tarball no local data for slash@https://registry.npmjs.org/slash/-/slash-3.0.0.tgz. Extracting by manifest.
3683 silly tarball no local data for sandbox-cli-detector@https://registry.npmjs.org/sandbox-cli-detector/-/sandbox-cli-detector-0.2.0.tgz. Extracting by manifest.
3684 silly tarball no local data for prompts@https://registry.npmjs.org/prompts/-/prompts-2.4.2.tgz. Extracting by manifest.
3685 silly tarball no local data for promise-limit@https://registry.npmjs.org/promise-limit/-/promise-limit-2.7.0.tgz. Extracting by manifest.
3686 silly tarball no local data for promise-retry@https://registry.npmjs.org/promise-retry/-/promise-retry-2.0.1.tgz. Extracting by manifest.
3687 silly tarball no local data for pkg-dir@https://registry.npmjs.org/pkg-dir/-/pkg-dir-4.2.0.tgz. Extracting by manifest.
3688 silly tarball no local data for pngjs@https://registry.npmjs.org/pngjs/-/pngjs-7.0.0.tgz. Extracting by manifest.
3689 silly tarball no local data for open@https://registry.npmjs.org/open/-/open-8.4.0.tgz. Extracting by manifest.
3690 silly tarball no local data for nullthrows@https://registry.npmjs.org/nullthrows/-/nullthrows-1.1.1.tgz. Extracting by manifest.
3691 silly tarball no local data for node-forge@https://registry.npmjs.org/node-forge/-/node-forge-1.4.0.tgz. Extracting by manifest.
3692 silly tarball no local data for ora@https://registry.npmjs.org/ora/-/ora-5.1.0.tgz. Extracting by manifest.
3693 silly tarball no local data for node-stream-zip@https://registry.npmjs.org/node-stream-zip/-/node-stream-zip-1.15.0.tgz. Extracting by manifest.
3694 silly tarball no local data for node-fetch@https://registry.npmjs.org/node-fetch/-/node-fetch-2.6.7.tgz. Extracting by manifest.
3695 silly tarball no local data for nanoid@https://registry.npmjs.org/nanoid/-/nanoid-3.3.8.tgz. Extracting by manifest.
3696 silly tarball no local data for minizlib@https://registry.npmjs.org/minizlib/-/minizlib-3.1.0.tgz. Extracting by manifest.
3697 silly tarball no local data for minimatch@https://registry.npmjs.org/minimatch/-/minimatch-5.1.2.tgz. Extracting by manifest.
3698 silly tarball no local data for mime@https://registry.npmjs.org/mime/-/mime-3.0.0.tgz. Extracting by manifest.
3699 silly tarball no local data for log-symbols@https://registry.npmjs.org/log-symbols/-/log-symbols-4.1.0.tgz. Extracting by manifest.
3700 silly tarball no local data for keychain@https://registry.npmjs.org/keychain/-/keychain-1.5.0.tgz. Extracting by manifest.
3701 silly tarball no local data for joi@https://registry.npmjs.org/joi/-/joi-17.11.0.tgz. Extracting by manifest.
3702 silly tarball no local data for jks-js@https://registry.npmjs.org/jks-js/-/jks-js-1.1.0.tgz. Extracting by manifest.
3703 silly tarball no local data for invariant@https://registry.npmjs.org/invariant/-/invariant-2.2.4.tgz. Extracting by manifest.
3704 silly tarball no local data for ignore@https://registry.npmjs.org/ignore/-/ignore-5.3.0.tgz. Extracting by manifest.
3705 silly tarball no local data for indent-string@https://registry.npmjs.org/indent-string/-/indent-string-4.0.0.tgz. Extracting by manifest.
3706 silly tarball no local data for https-proxy-agent@https://registry.npmjs.org/https-proxy-agent/-/https-proxy-agent-5.0.1.tgz. Extracting by manifest.
3707 silly tarball no local data for graphql@https://registry.npmjs.org/graphql/-/graphql-16.8.1.tgz. Extracting by manifest.
3708 silly tarball no local data for graphql-tag@https://registry.npmjs.org/graphql-tag/-/graphql-tag-2.12.6.tgz. Extracting by manifest.
3709 silly tarball no local data for getenv@https://registry.npmjs.org/getenv/-/getenv-1.0.0.tgz. Extracting by manifest.
3710 silly tarball no local data for gradle-to-js@https://registry.npmjs.org/gradle-to-js/-/gradle-to-js-2.0.1.tgz. Extracting by manifest.
3711 silly tarball no local data for figures@https://registry.npmjs.org/figures/-/figures-3.2.0.tgz. Extracting by manifest.
3712 silly tarball no local data for fs-extra@https://registry.npmjs.org/fs-extra/-/fs-extra-11.2.0.tgz. Extracting by manifest.
3713 silly tarball no local data for form-data@https://registry.npmjs.org/form-data/-/form-data-4.0.6.tgz. Extracting by manifest.
3714 silly tarball no local data for fast-deep-equal@https://registry.npmjs.org/fast-deep-equal/-/fast-deep-equal-3.1.3.tgz. Extracting by manifest.
3715 silly tarball no local data for fast-glob@https://registry.npmjs.org/fast-glob/-/fast-glob-3.3.2.tgz. Extracting by manifest.
3716 silly tarball no local data for envinfo@https://registry.npmjs.org/envinfo/-/envinfo-7.11.0.tgz. Extracting by manifest.
3717 silly tarball no local data for env-paths@https://registry.npmjs.org/env-paths/-/env-paths-2.2.0.tgz. Extracting by manifest.
3718 silly tarball no local data for dotenv@https://registry.npmjs.org/dotenv/-/dotenv-16.3.1.tgz. Extracting by manifest.
3719 silly tarball no local data for diff@https://registry.npmjs.org/diff/-/diff-7.0.0.tgz. Extracting by manifest.
3720 silly tarball no local data for debug@https://registry.npmjs.org/debug/-/debug-4.4.3.tgz. Extracting by manifest.
3721 silly tarball no local data for dateformat@https://registry.npmjs.org/dateformat/-/dateformat-4.6.3.tgz. Extracting by manifest.
3722 silly tarball no local data for chalk@https://registry.npmjs.org/chalk/-/chalk-4.1.2.tgz. Extracting by manifest.
3723 silly tarball no local data for better-opn@https://registry.npmjs.org/better-opn/-/better-opn-3.0.2.tgz. Extracting by manifest.
3724 silly tarball no local data for centrifuge@https://registry.npmjs.org/centrifuge/-/centrifuge-5.7.1.tgz. Extracting by manifest.
3725 silly tarball no local data for ajv-formats@https://registry.npmjs.org/ajv-formats/-/ajv-formats-2.1.1.tgz. Extracting by manifest.
3726 silly tarball no local data for bplist-parser@https://registry.npmjs.org/bplist-parser/-/bplist-parser-0.3.2.tgz. Extracting by manifest.
3727 silly tarball no local data for cli-progress@https://registry.npmjs.org/cli-progress/-/cli-progress-3.12.0.tgz. Extracting by manifest.
3728 silly tarball no local data for agent-cli-detector@https://registry.npmjs.org/agent-cli-detector/-/agent-cli-detector-0.1.7.tgz. Extracting by manifest.
3729 silly tarball no local data for @sentry/node@https://registry.npmjs.org/@sentry/node/-/node-7.77.0.tgz. Extracting by manifest.
3730 silly tarball no local data for @urql/exchange-retry@https://registry.npmjs.org/@urql/exchange-retry/-/exchange-retry-1.2.0.tgz. Extracting by manifest.
3731 silly tarball no local data for ajv@https://registry.npmjs.org/ajv/-/ajv-8.11.0.tgz. Extracting by manifest.
3732 silly tarball no local data for @oclif/plugin-autocomplete@https://registry.npmjs.org/@oclif/plugin-autocomplete/-/plugin-autocomplete-3.3.0.tgz. Extracting by manifest.
3733 silly tarball no local data for @urql/core@https://registry.npmjs.org/@urql/core/-/core-4.0.11.tgz. Extracting by manifest.
3734 silly tarball no local data for @segment/ajv-human-errors@https://registry.npmjs.org/@segment/ajv-human-errors/-/ajv-human-errors-2.16.0.tgz. Extracting by manifest.
3735 silly tarball no local data for @oclif/core@https://registry.npmjs.org/@oclif/core/-/core-4.14.0.tgz. Extracting by manifest.
3736 silly tarball no local data for @expo/timeago.js@https://registry.npmjs.org/@expo/timeago.js/-/timeago.js-1.0.0.tgz. Extracting by manifest.
3737 silly tarball no local data for @expo/steps@https://registry.npmjs.org/@expo/steps/-/steps-23.1.0.tgz. Extracting by manifest.
3738 silly tarball no local data for @expo/spawn-async@https://registry.npmjs.org/@expo/spawn-async/-/spawn-async-1.7.2.tgz. Extracting by manifest.
3739 silly tarball no local data for @expo/prebuild-config@https://registry.npmjs.org/@expo/prebuild-config/-/prebuild-config-9.0.12.tgz. Extracting by manifest.
3740 silly tarball no local data for @expo/rudder-sdk-node@https://registry.npmjs.org/@expo/rudder-sdk-node/-/rudder-sdk-node-1.1.1.tgz. Extracting by manifest.
3741 silly tarball no local data for @expo/plugin-warn-if-update-available@https://registry.npmjs.org/@expo/plugin-warn-if-update-available/-/plugin-warn-if-update-available-2.5.1.tgz. Extracting by manifest.
3742 silly tarball no local data for @expo/plugin-help@https://registry.npmjs.org/@expo/plugin-help/-/plugin-help-5.1.23.tgz. Extracting by manifest.
3743 silly tarball no local data for @expo/results@https://registry.npmjs.org/@expo/results/-/results-1.0.0.tgz. Extracting by manifest.
3744 silly tarball no local data for @expo/plist@https://registry.npmjs.org/@expo/plist/-/plist-0.3.5.tgz. Extracting by manifest.
3745 silly tarball no local data for @expo/pkcs12@https://registry.npmjs.org/@expo/pkcs12/-/pkcs12-0.1.3.tgz. Extracting by manifest.
3746 silly tarball no local data for @expo/package-manager@https://registry.npmjs.org/@expo/package-manager/-/package-manager-1.9.10.tgz. Extracting by manifest.
3747 silly tarball no local data for @expo/logger@https://registry.npmjs.org/@expo/logger/-/logger-23.1.0.tgz. Extracting by manifest.
3748 silly tarball no local data for @expo/osascript@https://registry.npmjs.org/@expo/osascript/-/osascript-2.1.4.tgz. Extracting by manifest.
3749 silly tarball no local data for @expo/multipart-body-parser@https://registry.npmjs.org/@expo/multipart-body-parser/-/multipart-body-parser-2.0.0.tgz. Extracting by manifest.
3750 silly tarball no local data for @expo/env@https://registry.npmjs.org/@expo/env/-/env-1.0.7.tgz. Extracting by manifest.
3751 silly tarball no local data for @expo/json-file@https://registry.npmjs.org/@expo/json-file/-/json-file-8.3.3.tgz. Extracting by manifest.
3752 silly tarball no local data for @expo/eas-json@https://registry.npmjs.org/@expo/eas-json/-/eas-json-23.1.0.tgz. Extracting by manifest.
3753 silly tarball no local data for @expo/eas-build-job@https://registry.npmjs.org/@expo/eas-build-job/-/eas-build-job-23.1.0.tgz. Extracting by manifest.
3754 silly tarball no local data for @expo/config@https://registry.npmjs.org/@expo/config/-/config-55.0.10.tgz. Extracting by manifest.
3755 silly tarball no local data for @expo/config-plugins@https://registry.npmjs.org/@expo/config-plugins/-/config-plugins-55.0.7.tgz. Extracting by manifest.
3756 silly tarball no local data for eas-cli@https://registry.npmjs.org/eas-cli/-/eas-cli-23.2.0.tgz. Extracting by manifest.
3757 silly tarball no local data for ansi-styles@https://registry.npmjs.org/ansi-styles/-/ansi-styles-6.2.3.tgz. Extracting by manifest.
3758 silly tarball no local data for is-docker@https://registry.npmjs.org/is-docker/-/is-docker-3.0.0.tgz. Extracting by manifest.
3759 silly tarball no local data for @expo/code-signing-certificates@https://registry.npmjs.org/@expo/code-signing-certificates/-/code-signing-certificates-0.0.5.tgz. Extracting by manifest.
3760 silly tarball no local data for ansi-regex@https://registry.npmjs.org/ansi-regex/-/ansi-regex-6.3.0.tgz. Extracting by manifest.
3761 silly tarball no local data for @expo/apple-utils@https://registry.npmjs.org/@expo/apple-utils/-/apple-utils-2.1.22.tgz. Extracting by manifest.
3762 silly tarball no local data for emoji-regex@https://registry.npmjs.org/emoji-regex/-/emoji-regex-9.2.2.tgz. Extracting by manifest.
3763 silly tarball no local data for signal-exit@https://registry.npmjs.org/signal-exit/-/signal-exit-4.1.0.tgz. Extracting by manifest.
3764 silly tarball no local data for path-scurry@https://registry.npmjs.org/path-scurry/-/path-scurry-1.11.1.tgz. Extracting by manifest.
3765 silly tarball no local data for lru-cache@https://registry.npmjs.org/lru-cache/-/lru-cache-10.4.3.tgz. Extracting by manifest.
3766 silly tarball no local data for glob@https://registry.npmjs.org/glob/-/glob-10.5.0.tgz. Extracting by manifest.
3767 silly tarball no local data for wrap-ansi@https://registry.npmjs.org/wrap-ansi/-/wrap-ansi-8.1.0.tgz. Extracting by manifest.
3768 silly tarball no local data for string-width@https://registry.npmjs.org/string-width/-/string-width-5.1.2.tgz. Extracting by manifest.
3769 silly tarball no local data for strip-ansi@https://registry.npmjs.org/strip-ansi/-/strip-ansi-7.2.0.tgz. Extracting by manifest.
3770 silly tarball no local data for minimatch@https://registry.npmjs.org/minimatch/-/minimatch-9.0.9.tgz. Extracting by manifest.
3771 silly tarball no local data for @jridgewell/trace-mapping@https://registry.npmjs.org/@jridgewell/trace-mapping/-/trace-mapping-0.3.9.tgz. Extracting by manifest.
3772 silly tarball no local data for @xmldom/xmldom@https://registry.npmjs.org/@xmldom/xmldom/-/xmldom-0.9.12.tgz. Extracting by manifest.
3773 silly tarball no local data for supports-color@https://registry.npmjs.org/supports-color/-/supports-color-7.2.0.tgz. Extracting by manifest.
3774 silly tarball no local data for arg@https://registry.npmjs.org/arg/-/arg-4.1.3.tgz. Extracting by manifest.
3775 silly tarball no local data for diff@https://registry.npmjs.org/diff/-/diff-4.0.4.tgz. Extracting by manifest.
3776 silly tarball no local data for brace-expansion@https://registry.npmjs.org/brace-expansion/-/brace-expansion-1.1.18.tgz. Extracting by manifest.
3777 silly tarball no local data for lru-cache@https://registry.npmjs.org/lru-cache/-/lru-cache-10.4.3.tgz. Extracting by manifest.
3778 silly tarball no local data for bplist-parser@https://registry.npmjs.org/bplist-parser/-/bplist-parser-0.3.1.tgz. Extracting by manifest.
3779 silly tarball no local data for minimatch@https://registry.npmjs.org/minimatch/-/minimatch-3.1.5.tgz. Extracting by manifest.
3780 silly tarball no local data for lru-cache@https://registry.npmjs.org/lru-cache/-/lru-cache-11.5.2.tgz. Extracting by manifest.
3781 silly tarball no local data for glob@https://registry.npmjs.org/glob/-/glob-6.0.4.tgz. Extracting by manifest.
3782 silly tarball no local data for is-wsl@https://registry.npmjs.org/is-wsl/-/is-wsl-3.1.1.tgz. Extracting by manifest.
3783 silly tarball no local data for fdir@https://registry.npmjs.org/fdir/-/fdir-6.5.0.tgz. Extracting by manifest.
3784 silly tarball no local data for uuid@https://registry.npmjs.org/uuid/-/uuid-8.3.2.tgz. Extracting by manifest.
3785 silly tarball no local data for picomatch@https://registry.npmjs.org/picomatch/-/picomatch-4.0.7.tgz. Extracting by manifest.
3786 silly tarball no local data for @babel/code-frame@https://registry.npmjs.org/@babel/code-frame/-/code-frame-7.29.7.tgz. Extracting by manifest.
3787 silly tarball no local data for semver@https://registry.npmjs.org/semver/-/semver-6.3.1.tgz. Extracting by manifest.
3788 silly tarball no local data for @babel/code-frame@https://registry.npmjs.org/@babel/code-frame/-/code-frame-7.29.7.tgz. Extracting by manifest.
3789 silly tarball no local data for semver@https://registry.npmjs.org/semver/-/semver-6.3.1.tgz. Extracting by manifest.
3790 silly tarball no local data for @babel/code-frame@https://registry.npmjs.org/@babel/code-frame/-/code-frame-7.29.7.tgz. Extracting by manifest.
3791 silly tarball no local data for pngjs@https://registry.npmjs.org/pngjs/-/pngjs-3.4.0.tgz. Extracting by manifest.
3792 silly tarball no local data for has-flag@https://registry.npmjs.org/has-flag/-/has-flag-3.0.0.tgz. Extracting by manifest.
3793 silly tarball no local data for getenv@https://registry.npmjs.org/getenv/-/getenv-2.0.0.tgz. Extracting by manifest.
3794 silly tarball no local data for dotenv@https://registry.npmjs.org/dotenv/-/dotenv-16.6.1.tgz. Extracting by manifest.
3795 silly tarball no local data for semver@https://registry.npmjs.org/semver/-/semver-7.8.5.tgz. Extracting by manifest.
3796 silly tarball no local data for color-convert@https://registry.npmjs.org/color-convert/-/color-convert-1.9.3.tgz. Extracting by manifest.
3797 silly tarball no local data for color-name@https://registry.npmjs.org/color-name/-/color-name-1.1.3.tgz. Extracting by manifest.
3798 silly tarball no local data for supports-color@https://registry.npmjs.org/supports-color/-/supports-color-5.5.0.tgz. Extracting by manifest.
3799 silly tarball no local data for escape-string-regexp@https://registry.npmjs.org/escape-string-regexp/-/escape-string-regexp-1.0.5.tgz. Extracting by manifest.
3800 silly tarball no local data for ansi-styles@https://registry.npmjs.org/ansi-styles/-/ansi-styles-3.2.1.tgz. Extracting by manifest.
3801 silly tarball no local data for chalk@https://registry.npmjs.org/chalk/-/chalk-2.4.2.tgz. Extracting by manifest.
3802 silly tarball no local data for color-name@https://registry.npmjs.org/color-name/-/color-name-1.1.3.tgz. Extracting by manifest.
3803 silly tarball no local data for has-flag@https://registry.npmjs.org/has-flag/-/has-flag-3.0.0.tgz. Extracting by manifest.
3804 silly tarball no local data for color-convert@https://registry.npmjs.org/color-convert/-/color-convert-1.9.3.tgz. Extracting by manifest.
3805 silly tarball no local data for ansi-styles@https://registry.npmjs.org/ansi-styles/-/ansi-styles-3.2.1.tgz. Extracting by manifest.
3806 silly tarball no local data for supports-color@https://registry.npmjs.org/supports-color/-/supports-color-5.5.0.tgz. Extracting by manifest.
3807 silly tarball no local data for escape-string-regexp@https://registry.npmjs.org/escape-string-regexp/-/escape-string-regexp-1.0.5.tgz. Extracting by manifest.
3808 silly tarball no local data for chalk@https://registry.npmjs.org/chalk/-/chalk-2.4.2.tgz. Extracting by manifest.
3809 silly tarball no local data for uuid@https://registry.npmjs.org/uuid/-/uuid-7.0.3.tgz. Extracting by manifest.
3810 silly tarball no local data for balanced-match@https://registry.npmjs.org/balanced-match/-/balanced-match-4.0.4.tgz. Extracting by manifest.
3811 silly tarball no local data for xmlbuilder@https://registry.npmjs.org/xmlbuilder/-/xmlbuilder-11.0.1.tgz. Extracting by manifest.
3812 silly tarball no local data for yallist@https://registry.npmjs.org/yallist/-/yallist-5.0.0.tgz. Extracting by manifest.
3813 silly tarball no local data for brace-expansion@https://registry.npmjs.org/brace-expansion/-/brace-expansion-5.0.9.tgz. Extracting by manifest.
3814 silly tarball no local data for yallist@https://registry.npmjs.org/yallist/-/yallist-4.0.0.tgz. Extracting by manifest.
3815 silly tarball no local data for minimatch@https://registry.npmjs.org/minimatch/-/minimatch-10.2.6.tgz. Extracting by manifest.
3816 silly tarball no local data for escape-string-regexp@https://registry.npmjs.org/escape-string-regexp/-/escape-string-regexp-1.0.5.tgz. Extracting by manifest.
3817 silly tarball no local data for supports-color@https://registry.npmjs.org/supports-color/-/supports-color-7.2.0.tgz. Extracting by manifest.
3818 silly tarball no local data for lru-cache@https://registry.npmjs.org/lru-cache/-/lru-cache-6.0.0.tgz. Extracting by manifest.
3819 silly tarball no local data for brace-expansion@https://registry.npmjs.org/brace-expansion/-/brace-expansion-5.0.9.tgz. Extracting by manifest.
3820 silly tarball no local data for balanced-match@https://registry.npmjs.org/balanced-match/-/balanced-match-4.0.4.tgz. Extracting by manifest.
3821 silly tarball no local data for semver@https://registry.npmjs.org/semver/-/semver-7.8.5.tgz. Extracting by manifest.
3822 silly tarball no local data for minimatch@https://registry.npmjs.org/minimatch/-/minimatch-10.2.6.tgz. Extracting by manifest.
3823 silly tarball no local data for uuid@https://registry.npmjs.org/uuid/-/uuid-8.3.2.tgz. Extracting by manifest.
3824 silly tarball no local data for ejs@https://registry.npmjs.org/ejs/-/ejs-6.0.1.tgz. Extracting by manifest.
3825 silly tarball no local data for path-scurry@https://registry.npmjs.org/path-scurry/-/path-scurry-1.11.1.tgz. Extracting by manifest.
3826 silly tarball no local data for joi@https://registry.npmjs.org/joi/-/joi-17.13.6.tgz. Extracting by manifest.
3827 silly tarball no local data for lru-cache@https://registry.npmjs.org/lru-cache/-/lru-cache-10.4.3.tgz. Extracting by manifest.
3828 silly tarball no local data for glob@https://registry.npmjs.org/glob/-/glob-10.5.0.tgz. Extracting by manifest.
3829 silly tarball no local data for getenv@https://registry.npmjs.org/getenv/-/getenv-2.0.0.tgz. Extracting by manifest.
3830 silly tarball no local data for @expo/json-file@https://registry.npmjs.org/@expo/json-file/-/json-file-9.1.5.tgz. Extracting by manifest.
3831 silly tarball no local data for @babel/code-frame@https://registry.npmjs.org/@babel/code-frame/-/code-frame-7.10.4.tgz. Extracting by manifest.
3832 silly tarball no local data for minimatch@https://registry.npmjs.org/minimatch/-/minimatch-9.0.9.tgz. Extracting by manifest.
3833 silly tarball no local data for semver@https://registry.npmjs.org/semver/-/semver-7.8.5.tgz. Extracting by manifest.
3834 silly tarball no local data for @expo/config-types@https://registry.npmjs.org/@expo/config-types/-/config-types-53.0.5.tgz. Extracting by manifest.
3835 silly tarball no local data for fs-extra@https://registry.npmjs.org/fs-extra/-/fs-extra-10.1.0.tgz. Extracting by manifest.
3836 silly tarball no local data for @expo/config-plugins@https://registry.npmjs.org/@expo/config-plugins/-/config-plugins-10.1.2.tgz. Extracting by manifest.
3837 silly tarball no local data for @expo/config@https://registry.npmjs.org/@expo/config/-/config-11.0.13.tgz. Extracting by manifest.
3838 silly tarball no local data for @oclif/core@https://registry.npmjs.org/@oclif/core/-/core-2.16.0.tgz. Extracting by manifest.
3839 silly tarball no local data for @oclif/core@https://registry.npmjs.org/@oclif/core/-/core-2.16.0.tgz. Extracting by manifest.
3840 silly tarball no local data for has-flag@https://registry.npmjs.org/has-flag/-/has-flag-3.0.0.tgz. Extracting by manifest.
3841 silly tarball no local data for color-convert@https://registry.npmjs.org/color-convert/-/color-convert-1.9.3.tgz. Extracting by manifest.
3842 silly tarball no local data for color-name@https://registry.npmjs.org/color-name/-/color-name-1.1.3.tgz. Extracting by manifest.
3843 silly tarball no local data for supports-color@https://registry.npmjs.org/supports-color/-/supports-color-5.5.0.tgz. Extracting by manifest.
3844 silly tarball no local data for ansi-styles@https://registry.npmjs.org/ansi-styles/-/ansi-styles-3.2.1.tgz. Extracting by manifest.
3845 silly tarball no local data for mimic-fn@https://registry.npmjs.org/mimic-fn/-/mimic-fn-1.2.0.tgz. Extracting by manifest.
3846 silly tarball no local data for onetime@https://registry.npmjs.org/onetime/-/onetime-2.0.1.tgz. Extracting by manifest.
3847 silly tarball no local data for ansi-regex@https://registry.npmjs.org/ansi-regex/-/ansi-regex-4.1.1.tgz. Extracting by manifest.
3848 silly tarball no local data for chalk@https://registry.npmjs.org/chalk/-/chalk-2.4.2.tgz. Extracting by manifest.
3849 silly tarball no local data for escape-string-regexp@https://registry.npmjs.org/escape-string-regexp/-/escape-string-regexp-1.0.5.tgz. Extracting by manifest.
3850 silly tarball no local data for restore-cursor@https://registry.npmjs.org/restore-cursor/-/restore-cursor-2.0.0.tgz. Extracting by manifest.
3851 silly tarball no local data for strip-ansi@https://registry.npmjs.org/strip-ansi/-/strip-ansi-5.2.0.tgz. Extracting by manifest.
3852 silly tarball no local data for log-symbols@https://registry.npmjs.org/log-symbols/-/log-symbols-2.2.0.tgz. Extracting by manifest.
3853 silly tarball no local data for cli-cursor@https://registry.npmjs.org/cli-cursor/-/cli-cursor-2.1.0.tgz. Extracting by manifest.
3854 silly tarball no local data for @expo/json-file@https://registry.npmjs.org/@expo/json-file/-/json-file-10.2.0.tgz. Extracting by manifest.
3855 silly tarball no local data for chalk@https://registry.npmjs.org/chalk/-/chalk-2.4.2.tgz. Extracting by manifest.
3856 silly tarball no local data for @babel/code-frame@https://registry.npmjs.org/@babel/code-frame/-/code-frame-7.10.4.tgz. Extracting by manifest.
3857 silly tarball no local data for getenv@https://registry.npmjs.org/getenv/-/getenv-2.0.0.tgz. Extracting by manifest.
3858 silly tarball no local data for ora@https://registry.npmjs.org/ora/-/ora-3.4.0.tgz. Extracting by manifest.
3859 silly tarball no local data for dotenv@https://registry.npmjs.org/dotenv/-/dotenv-16.4.7.tgz. Extracting by manifest.
3860 silly tarball no local data for yallist@https://registry.npmjs.org/yallist/-/yallist-4.0.0.tgz. Extracting by manifest.
3861 silly tarball no local data for lru-cache@https://registry.npmjs.org/lru-cache/-/lru-cache-6.0.0.tgz. Extracting by manifest.
3862 silly tarball no local data for tslib@https://registry.npmjs.org/tslib/-/tslib-2.4.1.tgz. Extracting by manifest.
3863 silly tarball no local data for joi@https://registry.npmjs.org/joi/-/joi-17.13.6.tgz. Extracting by manifest.
3864 silly tarball no local data for semver@https://registry.npmjs.org/semver/-/semver-7.5.2.tgz. Extracting by manifest.
3865 silly tarball no local data for @babel/code-frame@https://registry.npmjs.org/@babel/code-frame/-/code-frame-7.10.4.tgz. Extracting by manifest.
3866 silly tarball no local data for semver@https://registry.npmjs.org/semver/-/semver-7.8.5.tgz. Extracting by manifest.
3867 silly tarball no local data for getenv@https://registry.npmjs.org/getenv/-/getenv-2.0.0.tgz. Extracting by manifest.
3868 silly tarball no local data for semver@https://registry.npmjs.org/semver/-/semver-7.8.5.tgz. Extracting by manifest.
3869 silly tarball no local data for getenv@https://registry.npmjs.org/getenv/-/getenv-2.0.0.tgz. Extracting by manifest.
3870 silly tarball no local data for @expo/plist@https://registry.npmjs.org/@expo/plist/-/plist-0.5.4.tgz. Extracting by manifest.
3871 silly tarball no local data for @expo/json-file@https://registry.npmjs.org/@expo/json-file/-/json-file-10.0.16.tgz. Extracting by manifest.
3872 silly tarball no local data for @expo/json-file@https://registry.npmjs.org/@expo/json-file/-/json-file-10.2.0.tgz. Extracting by manifest.
3873 http fetch POST 200 https://registry.npmjs.org/-/npm/v1/security/advisories/bulk 416ms
3874 silly audit report {
3874 silly audit report   ajv: [
3874 silly audit report     {
3874 silly audit report       id: 1113715,
3874 silly audit report       url: 'https://github.com/advisories/GHSA-2g4f-4pwh-qvx6',
3874 silly audit report       title: 'ajv has ReDoS when using `$data` option',
3874 silly audit report       severity: 'moderate',
3874 silly audit report       vulnerable_versions: '>=7.0.0-alpha.0 <8.18.0',
3874 silly audit report       cwe: [Array],
3874 silly audit report       cvss: [Object]
3874 silly audit report     }
3874 silly audit report   ],
3874 silly audit report   diff: [
3874 silly audit report     {
3874 silly audit report       id: 1112706,
3874 silly audit report       url: 'https://github.com/advisories/GHSA-73rr-hh4g-fpgx',
3874 silly audit report       title: 'jsdiff has a Denial of Service vulnerability in parsePatch and applyPatch',
3874 silly audit report       severity: 'low',
3874 silly audit report       vulnerable_versions: '>=6.0.0 <8.0.3',
3874 silly audit report       cwe: [Array],
3874 silly audit report       cvss: [Object]
3874 silly audit report     }
3874 silly audit report   ],
3874 silly audit report   joi: [
3874 silly audit report     {
3874 silly audit report       id: 1120656,
3874 silly audit report       url: 'https://github.com/advisories/GHSA-q7cg-457f-vx79',
3874 silly audit report       title: 'joi has an uncaught RangeError on deeply nested input through recursive `link()` schemas',
3874 silly audit report       severity: 'moderate',
3874 silly audit report       vulnerable_versions: '<17.13.4',
3874 silly audit report       cwe: [Array],
3874 silly audit report       cvss: [Object]
3874 silly audit report     }
3874 silly audit report   ],
3874 silly audit report   minimatch: [
3874 silly audit report     {
3874 silly audit report       id: 1113461,
3874 silly audit report       url: 'https://github.com/advisories/GHSA-3ppc-4f35-3m26',
3874 silly audit report       title: 'minimatch has a ReDoS via repeated wildcards with non-matching literal in pattern',
3874 silly audit report       severity: 'high',
3874 silly audit report       vulnerable_versions: '>=5.0.0 <5.1.7',
3874 silly audit report       cwe: [Array],
3874 silly audit report       cvss: [Object]
3874 silly audit report     },
3874 silly audit report     {
3874 silly audit report       id: 1113540,
3874 silly audit report       url: 'https://github.com/advisories/GHSA-7r86-cg39-jmmj',
3874 silly audit report       title: 'minimatch has ReDoS: matchOne() combinatorial backtracking via multiple non-adjacent GLOBSTAR segments',
3874 silly audit report       severity: 'high',
3874 silly audit report       vulnerable_versions: '>=5.0.0 <5.1.8',
3874 silly audit report       cwe: [Array],
3874 silly audit report       cvss: [Object]
3874 silly audit report     },
3874 silly audit report     {
3874 silly audit report       id: 1113548,
3874 silly audit report       url: 'https://github.com/advisories/GHSA-23c5-xmqv-rm74',
3874 silly audit report       title: 'minimatch ReDoS: nested *() extglobs generate catastrophically backtracking regular expressions',
3874 silly audit report       severity: 'high',
3874 silly audit report       vulnerable_versions: '>=5.0.0 <5.1.8',
3874 silly audit report       cwe: [Array],
3874 silly audit report       cvss: [Object]
3874 silly audit report     }
3874 silly audit report   ],
3874 silly audit report   nanoid: [
3874 silly audit report     {
3874 silly audit report       id: 1138811,
3874 silly audit report       url: 'https://github.com/advisories/GHSA-28wg-ghj8-5hjv',
3874 silly audit report       title: 'nanoid: non-secure generators can loop indefinitely with negative size',
3874 silly audit report       severity: 'high',
3874 silly audit report       vulnerable_versions: '<3.3.16',
3874 silly audit report       cwe: [Array],
3874 silly audit report       cvss: [Object]
3874 silly audit report     },
3874 silly audit report     {
3874 silly audit report       id: 1139427,
3874 silly audit report       url: 'https://github.com/advisories/GHSA-2v37-7h3g-55p8',
3874 silly audit report       title: 'nanoid: custom generators can loop indefinitely when size is zero',
3874 silly audit report       severity: 'high',
3874 silly audit report       vulnerable_versions: '<3.3.18',
3874 silly audit report       cwe: [Array],
3874 silly audit report       cvss: [Object]
3874 silly audit report     }
3874 silly audit report   ],
3874 silly audit report   tar: [
3874 silly audit report     {
3874 silly audit report       id: 1145647,
3874 silly audit report       url: 'https://github.com/advisories/GHSA-r292-9mhp-454m',
3874 silly audit report       title: 'node-tar: Uncontrolled recursion in mapHas/filesFilter allows uncatchable stack-overflow DoS via crafted long-path tar with member selection',
3874 silly audit report       severity: 'high',
3874 silly audit report       vulnerable_versions: '<=7.5.20',
3874 silly audit report       cwe: [Array],
3874 silly audit report       cvss: [Object]
3874 silly audit report     }
3874 silly audit report   ],
3874 silly audit report   'ts-deepmerge': [
3874 silly audit report     {
3874 silly audit report       id: 1121318,
3874 silly audit report       url: 'https://github.com/advisories/GHSA-87mf-gv2c-c62c',
3874 silly audit report       title: 'ts-deepmerge: Prototype Method Override leads to DoS',
3874 silly audit report       severity: 'moderate',
3874 silly audit report       vulnerable_versions: '<8.0.0',
3874 silly audit report       cwe: [Array],
3874 silly audit report       cvss: [Object]
3874 silly audit report     }
3874 silly audit report   ],
3874 silly audit report   uuid: [
3874 silly audit report     {
3874 silly audit report       id: 1119441,
3874 silly audit report       url: 'https://github.com/advisories/GHSA-w5hq-g745-h8pq',
3874 silly audit report       title: 'uuid: Missing buffer bounds check in v3/v5/v6 when buf is provided',
3874 silly audit report       severity: 'moderate',
3874 silly audit report       vulnerable_versions: '<11.1.1',
3874 silly audit report       cwe: [Array],
3874 silly audit report       cvss: [Object]
3874 silly audit report     }
3874 silly audit report   ],
3874 silly audit report   yaml: [
3874 silly audit report     {
3874 silly audit report       id: 1115556,
3874 silly audit report       url: 'https://github.com/advisories/GHSA-48c2-rrv3-qjmp',
3874 silly audit report       title: 'yaml is vulnerable to Stack Overflow via deeply nested YAML collections',
3874 silly audit report       severity: 'moderate',
3874 silly audit report       vulnerable_versions: '>=2.0.0 <2.8.3',
3874 silly audit report       cwe: [Array],
3874 silly audit report       cvss: [Object]
3874 silly audit report     }
3874 silly audit report   ]
3874 silly audit report }
3875 silly packumentCache corgi:https://registry.npmjs.org/ajv cache-miss
3876 silly packumentCache corgi:https://registry.npmjs.org/diff cache-miss
3877 silly packumentCache corgi:https://registry.npmjs.org/joi cache-miss
3878 silly packumentCache corgi:https://registry.npmjs.org/minimatch cache-miss
3879 silly packumentCache corgi:https://registry.npmjs.org/nanoid cache-miss
3880 silly packumentCache corgi:https://registry.npmjs.org/tar cache-miss
3881 silly packumentCache corgi:https://registry.npmjs.org/ts-deepmerge cache-miss
3882 silly packumentCache corgi:https://registry.npmjs.org/uuid cache-miss
3883 silly packumentCache corgi:https://registry.npmjs.org/yaml cache-miss
3884 http fetch GET 200 https://registry.npmjs.org/eastasianwidth/-/eastasianwidth-0.2.0.tgz 287ms (cache miss)
3885 http fetch GET 200 https://registry.npmjs.org/once/-/once-1.4.0.tgz 289ms (cache miss)
3886 http fetch GET 200 https://registry.npmjs.org/wrappy/-/wrappy-1.0.2.tgz 289ms (cache miss)
3887 http fetch GET 200 https://registry.npmjs.org/concat-map/-/concat-map-0.0.1.tgz 289ms (cache miss)
3888 http fetch GET 200 https://registry.npmjs.org/string-width/-/string-width-4.2.3.tgz 288ms (cache miss)
3889 http fetch GET 200 https://registry.npmjs.org/strip-ansi/-/strip-ansi-6.0.1.tgz 288ms (cache miss)
3890 http fetch GET 200 https://registry.npmjs.org/is-inside-container/-/is-inside-container-1.0.0.tgz 291ms (cache miss)
3891 http fetch GET 200 https://registry.npmjs.org/package-json-from-dist/-/package-json-from-dist-1.0.1.tgz 287ms (cache miss)
3892 http fetch GET 200 https://registry.npmjs.org/@isaacs/cliui/-/cliui-8.0.2.tgz 290ms (cache miss)
3893 http fetch GET 200 https://registry.npmjs.org/path-is-absolute/-/path-is-absolute-1.0.1.tgz 294ms (cache miss)
3894 http fetch GET 200 https://registry.npmjs.org/thenify/-/thenify-3.3.1.tgz 291ms (cache miss)
3895 http fetch GET 200 https://registry.npmjs.org/object-assign/-/object-assign-4.1.1.tgz 295ms (cache miss)
3896 http fetch GET 200 https://registry.npmjs.org/any-promise/-/any-promise-1.3.0.tgz 295ms (cache miss)
3897 http fetch GET 200 https://registry.npmjs.org/foreground-child/-/foreground-child-3.3.1.tgz 295ms (cache miss)
3898 http fetch GET 200 https://registry.npmjs.org/ts-interface-checker/-/ts-interface-checker-0.1.13.tgz 298ms (cache miss)
3899 http fetch GET 200 https://registry.npmjs.org/inflight/-/inflight-1.0.6.tgz 302ms (cache miss)
3900 warn deprecated inflight@1.0.6: This module is not supported, and leaks memory. Do not use it. Check out lru-cache if you want a good and tested way to coalesce async requests by a key value, which is much more comprehensive and powerful.
3901 http fetch GET 200 https://registry.npmjs.org/thenify-all/-/thenify-all-1.6.0.tgz 305ms (cache miss)
3902 http fetch GET 200 https://registry.npmjs.org/mz/-/mz-2.7.0.tgz 305ms (cache miss)
3903 http fetch GET 200 https://registry.npmjs.org/lines-and-columns/-/lines-and-columns-1.2.4.tgz 305ms (cache miss)
3904 http fetch GET 200 https://registry.npmjs.org/yn/-/yn-3.1.1.tgz 304ms (cache miss)
3905 http fetch GET 200 https://registry.npmjs.org/inherits/-/inherits-2.0.4.tgz 310ms (cache miss)
3906 http fetch GET 200 https://registry.npmjs.org/wrap-ansi/-/wrap-ansi-7.0.0.tgz 308ms (cache miss)
3907 http fetch GET 200 https://registry.npmjs.org/pirates/-/pirates-4.0.7.tgz 318ms (cache miss)
3908 http fetch GET 200 https://registry.npmjs.org/create-require/-/create-require-1.1.1.tgz 316ms (cache miss)
3909 http fetch GET 200 https://registry.npmjs.org/make-error/-/make-error-1.3.6.tgz 325ms (cache miss)
3910 http fetch GET 200 https://registry.npmjs.org/v8-compile-cache-lib/-/v8-compile-cache-lib-3.0.1.tgz 329ms (cache miss)
3911 http fetch GET 200 https://registry.npmjs.org/astral-regex/-/astral-regex-2.0.0.tgz 336ms (cache miss)
3912 http fetch GET 200 https://registry.npmjs.org/@tsconfig/node12/-/node12-1.0.11.tgz 342ms (cache miss)
3913 http fetch GET 200 https://registry.npmjs.org/@tsconfig/node14/-/node14-1.0.3.tgz 346ms (cache miss)
3914 http fetch GET 200 https://registry.npmjs.org/@tsconfig/node10/-/node10-1.0.13.tgz 349ms (cache miss)
3915 http fetch GET 200 https://registry.npmjs.org/array-union/-/array-union-2.1.0.tgz 351ms (cache miss)
3916 http fetch GET 200 https://registry.npmjs.org/@tsconfig/node16/-/node16-1.0.4.tgz 355ms (cache miss)
3917 http fetch GET 200 https://registry.npmjs.org/dir-glob/-/dir-glob-3.0.1.tgz 356ms (cache miss)
3918 http fetch GET 200 https://registry.npmjs.org/path-type/-/path-type-4.0.0.tgz 356ms (cache miss)
3919 http fetch GET 200 https://registry.npmjs.org/password-prompt/-/password-prompt-1.1.3.tgz 355ms (cache miss)
3920 http fetch GET 200 https://registry.npmjs.org/slice-ansi/-/slice-ansi-4.0.0.tgz 358ms (cache miss)
3921 http fetch GET 200 https://registry.npmjs.org/object-treeify/-/object-treeify-1.1.33.tgz 358ms (cache miss)
3922 http fetch GET 200 https://registry.npmjs.org/hyperlinker/-/hyperlinker-1.0.0.tgz 360ms (cache miss)
3923 http fetch GET 200 https://registry.npmjs.org/commander/-/commander-4.1.1.tgz 371ms (cache miss)
3924 http fetch GET 200 https://registry.npmjs.org/globby/-/globby-11.1.0.tgz 367ms (cache miss)
3925 http fetch GET 200 https://registry.npmjs.org/powershell-utils/-/powershell-utils-0.1.0.tgz 366ms (cache miss)
3926 http fetch GET 200 https://registry.npmjs.org/simple-plist/-/simple-plist-1.3.1.tgz 366ms (cache miss)
3927 http fetch GET 200 https://registry.npmjs.org/@types/cli-progress/-/cli-progress-3.11.6.tgz 367ms (cache miss)
3928 http fetch GET 200 https://registry.npmjs.org/ansicolors/-/ansicolors-0.3.2.tgz 371ms (cache miss)
3929 http fetch GET 200 https://registry.npmjs.org/imurmurhash/-/imurmurhash-0.1.4.tgz 370ms (cache miss)
3930 http fetch GET 200 https://registry.npmjs.org/clone/-/clone-1.0.4.tgz 377ms (cache miss)
3931 http fetch GET 200 https://registry.npmjs.org/webidl-conversions/-/webidl-conversions-3.0.1.tgz 384ms (cache miss)
3932 http fetch GET 200 https://registry.npmjs.org/crypto-random-string/-/crypto-random-string-2.0.0.tgz 383ms (cache miss)
3933 http fetch GET 200 https://registry.npmjs.org/sax/-/sax-1.6.1.tgz 389ms (cache miss)
3934 http fetch GET 200 https://registry.npmjs.org/defaults/-/defaults-1.0.4.tgz 386ms (cache miss)
3935 http fetch GET 200 https://registry.npmjs.org/is-number/-/is-number-7.0.0.tgz 388ms (cache miss)
3936 http fetch GET 200 https://registry.npmjs.org/supports-hyperlinks/-/supports-hyperlinks-2.3.0.tgz 387ms (cache miss)
3937 http fetch GET 200 https://registry.npmjs.org/escalade/-/escalade-3.2.0.tgz 389ms (cache miss)
3938 http fetch GET 200 https://registry.npmjs.org/events-universal/-/events-universal-1.0.1.tgz 388ms (cache miss)
3939 http fetch GET 200 https://registry.npmjs.org/safe-buffer/-/safe-buffer-5.2.1.tgz 389ms (cache miss)
3940 http fetch GET 200 https://registry.npmjs.org/bare-events/-/bare-events-2.9.2.tgz 392ms (cache miss)
3941 http fetch GET 200 https://registry.npmjs.org/punycode/-/punycode-2.3.1.tgz 397ms (cache miss)
3942 http fetch GET 200 https://registry.npmjs.org/chownr/-/chownr-3.0.0.tgz 395ms (cache miss)
3943 http fetch GET 200 https://registry.npmjs.org/emoji-regex/-/emoji-regex-8.0.0.tgz 397ms (cache miss)
3944 http fetch GET 200 https://registry.npmjs.org/ansi-regex/-/ansi-regex-5.0.1.tgz 397ms (cache miss)
3945 http fetch GET 200 https://registry.npmjs.org/streamx/-/streamx-2.28.1.tgz 398ms (cache miss)
3946 http fetch GET 200 https://registry.npmjs.org/has-flag/-/has-flag-4.0.0.tgz 399ms (cache miss)
3947 http fetch GET 200 https://registry.npmjs.org/text-decoder/-/text-decoder-1.2.7.tgz 402ms (cache miss)
3948 http fetch GET 200 https://registry.npmjs.org/queue-microtask/-/queue-microtask-1.2.3.tgz 400ms (cache miss)
3949 http fetch GET 200 https://registry.npmjs.org/is-fullwidth-code-point/-/is-fullwidth-code-point-3.0.0.tgz 402ms (cache miss)
3950 http fetch GET 200 https://registry.npmjs.org/fast-fifo/-/fast-fifo-1.3.2.tgz 405ms (cache miss)
3951 http fetch GET 200 https://registry.npmjs.org/mimic-fn/-/mimic-fn-2.1.0.tgz 412ms (cache miss)
3952 http fetch GET 200 https://registry.npmjs.org/@isaacs/fs-minipass/-/fs-minipass-4.0.1.tgz 415ms (cache miss)
3953 http fetch GET 200 https://registry.npmjs.org/shebang-regex/-/shebang-regex-3.0.0.tgz 415ms (cache miss)
3954 http fetch GET 200 https://registry.npmjs.org/signal-exit/-/signal-exit-3.0.7.tgz 414ms (cache miss)
3955 http fetch GET 200 https://registry.npmjs.org/acorn-walk/-/acorn-walk-8.3.5.tgz 430ms (cache miss)
3956 http fetch GET 200 https://registry.npmjs.org/onetime/-/onetime-5.1.2.tgz 420ms (cache miss)
3957 http fetch GET 200 https://registry.npmjs.org/@protobufjs/path/-/path-1.1.2.tgz 423ms (cache miss)
3958 http fetch GET 200 https://registry.npmjs.org/@protobufjs/codegen/-/codegen-2.0.5.tgz 426ms (cache miss)
3959 http fetch GET 200 https://registry.npmjs.org/@protobufjs/eventemitter/-/eventemitter-1.1.1.tgz 429ms (cache miss)
3960 http fetch GET 200 https://registry.npmjs.org/p-limit/-/p-limit-2.3.0.tgz 430ms (cache miss)
3961 http fetch GET 200 https://registry.npmjs.org/p-try/-/p-try-2.2.0.tgz 431ms (cache miss)
3962 http fetch GET 200 https://registry.npmjs.org/retry/-/retry-0.12.0.tgz 435ms (cache miss)
3963 http fetch GET 200 https://registry.npmjs.org/@protobufjs/base64/-/base64-1.1.2.tgz 436ms (cache miss)
3964 http fetch GET 200 https://registry.npmjs.org/@protobufjs/fetch/-/fetch-1.1.1.tgz 437ms (cache miss)
3965 http fetch GET 200 https://registry.npmjs.org/err-code/-/err-code-2.0.3.tgz 436ms (cache miss)
3966 http fetch GET 200 https://registry.npmjs.org/isexe/-/isexe-2.0.0.tgz 447ms (cache miss)
3967 http fetch GET 200 https://registry.npmjs.org/kleur/-/kleur-3.0.3.tgz 442ms (cache miss)
3968 http fetch GET 200 https://registry.npmjs.org/path-exists/-/path-exists-4.0.0.tgz 442ms (cache miss)
3969 http fetch GET 200 https://registry.npmjs.org/sisteransi/-/sisteransi-1.0.5.tgz 443ms (cache miss)
3970 http fetch GET 200 https://registry.npmjs.org/restore-cursor/-/restore-cursor-3.1.0.tgz 453ms (cache miss)
3971 http fetch GET 200 https://registry.npmjs.org/json-parse-better-errors/-/json-parse-better-errors-1.0.2.tgz 453ms (cache miss)
3972 http fetch GET 200 https://registry.npmjs.org/locate-path/-/locate-path-5.0.0.tgz 454ms (cache miss)
3973 http fetch GET 200 https://registry.npmjs.org/@protobufjs/aspromise/-/aspromise-1.1.2.tgz 463ms (cache miss)
3974 http fetch GET 200 https://registry.npmjs.org/is-arrayish/-/is-arrayish-0.2.1.tgz 460ms (cache miss)
3975 http fetch GET 200 https://registry.npmjs.org/p-locate/-/p-locate-4.1.0.tgz 461ms (cache miss)
3976 http fetch GET 200 https://registry.npmjs.org/find-up/-/find-up-4.1.0.tgz 460ms (cache miss)
3977 http fetch GET 200 https://registry.npmjs.org/error-ex/-/error-ex-1.3.4.tgz 460ms (cache miss)
3978 http fetch GET 200 https://registry.npmjs.org/@protobufjs/pool/-/pool-1.1.0.tgz 466ms (cache miss)
3979 http fetch GET 200 https://registry.npmjs.org/is-wsl/-/is-wsl-2.2.0.tgz 468ms (cache miss)
3980 http fetch GET 200 https://registry.npmjs.org/mute-stream/-/mute-stream-0.0.8.tgz 469ms (cache miss)
3981 http fetch GET 200 https://registry.npmjs.org/wcwidth/-/wcwidth-1.0.1.tgz 476ms (cache miss)
3982 http fetch GET 200 https://registry.npmjs.org/is-interactive/-/is-interactive-1.0.0.tgz 476ms (cache miss)
3983 http fetch GET 200 https://registry.npmjs.org/strip-ansi/-/strip-ansi-6.0.1.tgz 475ms (cache miss)
3984 http fetch GET 200 https://registry.npmjs.org/define-lazy-prop/-/define-lazy-prop-2.0.0.tgz 476ms (cache miss)
3985 http fetch GET 200 https://registry.npmjs.org/safer-buffer/-/safer-buffer-2.1.2.tgz 477ms (cache miss)
3986 http fetch GET 200 https://registry.npmjs.org/esprima/-/esprima-4.0.1.tgz 501ms (cache miss)
3987 http fetch GET 200 https://registry.npmjs.org/proc-log/-/proc-log-4.2.0.tgz 484ms (cache miss)
3988 http fetch GET 200 https://registry.npmjs.org/is-docker/-/is-docker-2.2.1.tgz 485ms (cache miss)
3989 http fetch GET 200 https://registry.npmjs.org/validate-npm-package-name/-/validate-npm-package-name-5.0.1.tgz 484ms (cache miss)
3990 http fetch GET 200 https://registry.npmjs.org/cli-cursor/-/cli-cursor-3.1.0.tgz 484ms (cache miss)
3991 http fetch GET 200 https://registry.npmjs.org/asn1/-/asn1-0.2.6.tgz 487ms (cache miss)
3992 http fetch GET 200 https://registry.npmjs.org/rimraf/-/rimraf-2.4.5.tgz 492ms (cache miss)
3993 http fetch GET 200 https://registry.npmjs.org/@cspotcode/source-map-support/-/source-map-support-0.8.1.tgz 516ms (cache miss)
3994 http fetch GET 200 https://registry.npmjs.org/to-regex-range/-/to-regex-range-5.0.1.tgz 495ms (cache miss)
3995 http fetch GET 200 https://registry.npmjs.org/brace-expansion/-/brace-expansion-2.1.4.tgz 498ms (cache miss)
3996 http fetch GET 200 https://registry.npmjs.org/ncp/-/ncp-2.0.0.tgz 498ms (cache miss)
3997 http fetch GET 200 https://registry.npmjs.org/yallist/-/yallist-3.1.1.tgz 497ms (cache miss)
3998 http fetch GET 200 https://registry.npmjs.org/braces/-/braces-3.0.3.tgz 498ms (cache miss)
3999 http fetch GET 200 https://registry.npmjs.org/balanced-match/-/balanced-match-1.0.2.tgz 500ms (cache miss)
4000 http fetch GET 200 https://registry.npmjs.org/mkdirp/-/mkdirp-0.5.6.tgz 501ms (cache miss)
4001 http fetch GET 200 https://registry.npmjs.org/is-buffer/-/is-buffer-1.1.6.tgz 503ms (cache miss)
4002 http fetch GET 200 https://registry.npmjs.org/fill-range/-/fill-range-7.1.1.tgz 504ms (cache miss)
4003 http fetch GET 200 https://registry.npmjs.org/tr46/-/tr46-0.0.3.tgz 533ms (cache miss)
4004 http fetch GET 200 https://registry.npmjs.org/crypt/-/crypt-0.0.2.tgz 513ms (cache miss)
4005 http fetch GET 200 https://registry.npmjs.org/@hapi/topo/-/topo-5.1.0.tgz 516ms (cache miss)
4006 http fetch GET 200 https://registry.npmjs.org/node-int64/-/node-int64-0.4.0.tgz 514ms (cache miss)
4007 http fetch GET 200 https://registry.npmjs.org/is-extglob/-/is-extglob-2.1.1.tgz 515ms (cache miss)
4008 http fetch GET 200 https://registry.npmjs.org/charenc/-/charenc-0.0.2.tgz 517ms (cache miss)
4009 http fetch GET 200 https://registry.npmjs.org/is-unicode-supported/-/is-unicode-supported-0.1.0.tgz 519ms (cache miss)
4010 warn deprecated rimraf@2.4.5: Rimraf versions prior to v4 are no longer supported
4011 http fetch GET 200 https://registry.npmjs.org/loose-envify/-/loose-envify-1.4.0.tgz 519ms (cache miss)
4012 http fetch GET 200 https://registry.npmjs.org/@sideway/formula/-/formula-3.0.1.tgz 524ms (cache miss)
4013 http fetch GET 200 https://registry.npmjs.org/is-stream/-/is-stream-2.0.1.tgz 528ms (cache miss)
4014 http fetch GET 200 https://registry.npmjs.org/parse-json/-/parse-json-4.0.0.tgz 529ms (cache miss)
4015 http fetch GET 200 https://registry.npmjs.org/tunnel-agent/-/tunnel-agent-0.6.0.tgz 529ms (cache miss)
4016 http fetch GET 200 https://registry.npmjs.org/agent-base/-/agent-base-6.0.2.tgz 529ms (cache miss)
4017 http fetch GET 200 https://registry.npmjs.org/@sideway/pinpoint/-/pinpoint-2.0.0.tgz 536ms (cache miss)
4018 http fetch GET 200 https://registry.npmjs.org/filelist/-/filelist-1.0.6.tgz 535ms (cache miss)
4019 http fetch GET 200 https://registry.npmjs.org/is-retry-allowed/-/is-retry-allowed-1.2.0.tgz 532ms (cache miss)
4020 http fetch GET 200 https://registry.npmjs.org/lodash.merge/-/lodash.merge-4.6.2.tgz 533ms (cache miss)
4021 http fetch GET 200 https://registry.npmjs.org/math-intrinsics/-/math-intrinsics-1.1.0.tgz 532ms (cache miss)
4022 http fetch GET 200 https://registry.npmjs.org/is-glob/-/is-glob-4.0.3.tgz 532ms (cache miss)
4023 http fetch GET 200 https://registry.npmjs.org/content-type/-/content-type-1.0.5.tgz 539ms (cache miss)
4024 http fetch GET 200 https://registry.npmjs.org/dunder-proto/-/dunder-proto-1.0.1.tgz 538ms (cache miss)
4025 http fetch GET 200 https://registry.npmjs.org/@protobufjs/float/-/float-1.0.2.tgz 556ms (cache miss)
4026 http fetch GET 200 https://registry.npmjs.org/get-proto/-/get-proto-1.0.1.tgz 538ms (cache miss)
4027 http fetch GET 200 https://registry.npmjs.org/call-bind-apply-helpers/-/call-bind-apply-helpers-1.0.2.tgz 541ms (cache miss)
4028 http fetch GET 200 https://registry.npmjs.org/has-symbols/-/has-symbols-1.1.0.tgz 543ms (cache miss)
4029 http fetch GET 200 https://registry.npmjs.org/es-errors/-/es-errors-1.3.0.tgz 548ms (cache miss)
4030 http fetch GET 200 https://registry.npmjs.org/jsonfile/-/jsonfile-6.2.1.tgz 549ms (cache miss)
4031 http fetch GET 200 https://registry.npmjs.org/gopd/-/gopd-1.2.0.tgz 550ms (cache miss)
4032 http fetch GET 200 https://registry.npmjs.org/has-tostringtag/-/has-tostringtag-1.0.2.tgz 552ms (cache miss)
4033 http fetch GET 200 https://registry.npmjs.org/hasown/-/hasown-2.0.4.tgz 551ms (cache miss)
4034 http fetch GET 200 https://registry.npmjs.org/graceful-fs/-/graceful-fs-4.2.11.tgz 551ms (cache miss)
4035 http fetch GET 200 https://registry.npmjs.org/es-define-property/-/es-define-property-1.0.1.tgz 553ms (cache miss)
4036 http fetch GET 200 https://registry.npmjs.org/delayed-stream/-/delayed-stream-1.0.0.tgz 555ms (cache miss)
4037 http fetch GET 200 https://registry.npmjs.org/reusify/-/reusify-1.1.0.tgz 553ms (cache miss)
4038 http fetch GET 200 https://registry.npmjs.org/universalify/-/universalify-2.0.1.tgz 562ms (cache miss)
4039 http fetch GET 200 https://registry.npmjs.org/@protobufjs/utf8/-/utf8-1.1.2.tgz 584ms (cache miss)
4040 http fetch GET 200 https://registry.npmjs.org/mime-types/-/mime-types-2.1.35.tgz 561ms (cache miss)
4041 http fetch GET 200 https://registry.npmjs.org/run-parallel/-/run-parallel-1.2.0.tgz 560ms (cache miss)
4042 http fetch GET 200 https://registry.npmjs.org/es-set-tostringtag/-/es-set-tostringtag-2.1.0.tgz 566ms (cache miss)
4043 http fetch GET 200 https://registry.npmjs.org/combined-stream/-/combined-stream-1.0.8.tgz 567ms (cache miss)
4044 http fetch GET 200 https://registry.npmjs.org/glob-parent/-/glob-parent-5.1.2.tgz 569ms (cache miss)
4045 http fetch GET 200 https://registry.npmjs.org/ms/-/ms-2.1.3.tgz 569ms (cache miss)
4046 http fetch GET 200 https://registry.npmjs.org/path-key/-/path-key-3.1.1.tgz 570ms (cache miss)
4047 http fetch GET 200 https://registry.npmjs.org/@nodelib/fs.stat/-/fs.stat-2.0.5.tgz 572ms (cache miss)
4048 http fetch GET 200 https://registry.npmjs.org/@nodelib/fs.walk/-/fs.walk-1.2.8.tgz 573ms (cache miss)
4049 http fetch GET 200 https://registry.npmjs.org/merge2/-/merge2-1.4.1.tgz 573ms (cache miss)
4050 http fetch GET 200 https://registry.npmjs.org/hosted-git-info/-/hosted-git-info-7.0.2.tgz 590ms (cache miss)
4051 http fetch GET 200 https://registry.npmjs.org/ansi-styles/-/ansi-styles-4.3.0.tgz 578ms (cache miss)
4052 http fetch GET 200 https://registry.npmjs.org/which/-/which-2.0.2.tgz 579ms (cache miss)
4053 http fetch GET 200 https://registry.npmjs.org/micromatch/-/micromatch-4.0.8.tgz 581ms (cache miss)
4054 http fetch GET 200 https://registry.npmjs.org/escape-string-regexp/-/escape-string-regexp-4.0.0.tgz 583ms (cache miss)
4055 http fetch GET 200 https://registry.npmjs.org/color-name/-/color-name-1.1.4.tgz 584ms (cache miss)
4056 http fetch GET 200 https://registry.npmjs.org/shebang-command/-/shebang-command-2.0.0.tgz 586ms (cache miss)
4057 http fetch GET 200 https://registry.npmjs.org/mime-db/-/mime-db-1.52.0.tgz 604ms (cache miss)
4058 http fetch GET 200 https://registry.npmjs.org/safe-json-stringify/-/safe-json-stringify-1.2.0.tgz 587ms (cache miss)
4059 http fetch GET 200 https://registry.npmjs.org/update-browserslist-db/-/update-browserslist-db-1.3.2.tgz 589ms (cache miss)
4060 http fetch GET 200 https://registry.npmjs.org/node-releases/-/node-releases-2.0.54.tgz 590ms (cache miss)
4061 http fetch GET 200 https://registry.npmjs.org/mv/-/mv-2.1.1.tgz 595ms (cache miss)
4062 http fetch GET 200 https://registry.npmjs.org/@pkgjs/parseargs/-/parseargs-0.11.0.tgz 653ms (cache miss)
4063 http fetch GET 200 https://registry.npmjs.org/json-schema-traverse/-/json-schema-traverse-1.0.0.tgz 600ms (cache miss)
4064 http fetch GET 200 https://registry.npmjs.org/require-from-string/-/require-from-string-2.0.2.tgz 606ms (cache miss)
4065 http fetch GET 200 https://registry.npmjs.org/whatwg-url/-/whatwg-url-5.0.0.tgz 631ms (cache miss)
4066 http fetch GET 200 https://registry.npmjs.org/bplist-creator/-/bplist-creator-0.1.0.tgz 648ms (cache miss)
4067 http fetch GET 200 https://registry.npmjs.org/b4a/-/b4a-1.8.1.tgz 643ms (cache miss)
4068 http fetch GET 200 https://registry.npmjs.org/join-component/-/join-component-1.1.0.tgz 613ms (cache miss)
4069 http fetch GET 200 https://registry.npmjs.org/long/-/long-5.3.2.tgz 653ms (cache miss)
4070 http fetch GET 200 https://registry.npmjs.org/widest-line/-/widest-line-3.1.0.tgz 618ms (cache miss)
4071 http fetch GET 200 https://registry.npmjs.org/tinyglobby/-/tinyglobby-0.2.17.tgz 619ms (cache miss)
4072 http fetch GET 200 https://registry.npmjs.org/string-width/-/string-width-4.2.3.tgz 622ms (cache miss)
4073 http fetch GET 200 https://registry.npmjs.org/get-package-type/-/get-package-type-0.1.0.tgz 640ms (cache miss)
4074 http fetch GET 200 https://registry.npmjs.org/supports-color/-/supports-color-8.1.1.tgz 640ms (cache miss)
4075 http fetch GET 200 https://registry.npmjs.org/sprintf-js/-/sprintf-js-1.0.3.tgz 697ms (cache miss)
4076 http fetch GET 200 https://registry.npmjs.org/wordwrap/-/wordwrap-1.0.0.tgz 652ms (cache miss)
4077 http fetch GET 200 https://registry.npmjs.org/lilconfig/-/lilconfig-3.1.3.tgz 651ms (cache miss)
4078 http fetch GET 200 https://registry.npmjs.org/cli-spinners/-/cli-spinners-2.9.2.tgz 651ms (cache miss)
4079 http fetch GET 200 https://registry.npmjs.org/color-convert/-/color-convert-2.0.1.tgz 660ms (cache miss)
4080 http fetch GET 200 https://registry.npmjs.org/acorn/-/acorn-8.18.0.tgz 705ms (cache miss)
4081 http fetch GET 200 https://registry.npmjs.org/ansis/-/ansis-3.17.0.tgz 653ms (cache miss)
4082 http fetch GET 200 https://registry.npmjs.org/clean-stack/-/clean-stack-3.0.1.tgz 657ms (cache miss)
4083 http fetch GET 200 https://registry.npmjs.org/wsl-utils/-/wsl-utils-0.4.0.tgz 661ms (cache miss)
4084 http fetch GET 200 https://registry.npmjs.org/ansi-escapes/-/ansi-escapes-4.3.2.tgz 668ms (cache miss)
4085 http fetch GET 200 https://registry.npmjs.org/@jridgewell/resolve-uri/-/resolve-uri-3.1.2.tgz 669ms (cache miss)
4086 http fetch GET 200 https://registry.npmjs.org/arg/-/arg-5.0.2.tgz 669ms (cache miss)
4087 http fetch GET 200 https://registry.npmjs.org/get-intrinsic/-/get-intrinsic-1.3.0.tgz 692ms (cache miss)
4088 http fetch GET 200 https://registry.npmjs.org/remove-trailing-slash/-/remove-trailing-slash-0.1.1.tgz 674ms (cache miss)
4089 http fetch GET 200 https://registry.npmjs.org/picomatch/-/picomatch-2.3.2.tgz 708ms (cache miss)
4090 http fetch GET 200 https://registry.npmjs.org/fetch-retry/-/fetch-retry-4.1.1.tgz 678ms (cache miss)
4091 http fetch GET 200 https://registry.npmjs.org/lodash.clonedeep/-/lodash.clonedeep-4.5.0.tgz 682ms (cache miss)
4092 http fetch GET 200 https://registry.npmjs.org/@babel/helper-string-parser/-/helper-string-parser-7.29.7.tgz 687ms (cache miss)
4093 http fetch GET 200 https://registry.npmjs.org/md5/-/md5-2.3.0.tgz 692ms (cache miss)
4094 http fetch GET 200 https://registry.npmjs.org/@babel/helper-globals/-/helper-globals-7.29.7.tgz 692ms (cache miss)
4095 http fetch GET 200 https://registry.npmjs.org/lru-cache/-/lru-cache-5.1.1.tgz 692ms (cache miss)
4096 http fetch GET 200 https://registry.npmjs.org/@babel/helper-plugin-utils/-/helper-plugin-utils-7.29.7.tgz 698ms (cache miss)
4097 http fetch GET 200 https://registry.npmjs.org/@babel/helper-module-imports/-/helper-module-imports-7.29.7.tgz 698ms (cache miss)
4098 http fetch GET 200 https://registry.npmjs.org/jsesc/-/jsesc-3.1.0.tgz 705ms (cache miss)
4099 http fetch GET 200 https://registry.npmjs.org/@babel/compat-data/-/compat-data-7.29.7.tgz 704ms (cache miss)
4100 http fetch GET 200 https://registry.npmjs.org/gensync/-/gensync-1.0.0-beta.2.tgz 705ms (cache miss)
4101 http fetch GET 200 https://registry.npmjs.org/convert-source-map/-/convert-source-map-2.0.0.tgz 705ms (cache miss)
4102 http fetch GET 200 https://registry.npmjs.org/@babel/helper-validator-option/-/helper-validator-option-7.29.7.tgz 715ms (cache miss)
4103 http fetch GET 200 https://registry.npmjs.org/unique-string/-/unique-string-2.0.0.tgz 739ms (cache miss)
4104 http fetch GET 200 https://registry.npmjs.org/temp-dir/-/temp-dir-2.0.0.tgz 740ms (cache miss)
4105 http fetch GET 200 https://registry.npmjs.org/npm-package-arg/-/npm-package-arg-11.0.3.tgz 737ms (cache miss)
4106 http fetch GET 200 https://registry.npmjs.org/picocolors/-/picocolors-1.1.1.tgz 740ms (cache miss)
4107 http fetch GET 200 https://registry.npmjs.org/golden-fleece/-/golden-fleece-1.0.9.tgz 743ms (cache miss)
4108 http fetch GET 200 https://registry.npmjs.org/base64-js/-/base64-js-1.5.1.tgz 752ms (cache miss)
4109 http fetch GET 200 https://registry.npmjs.org/parse-png/-/parse-png-2.1.0.tgz 755ms (cache miss)
4110 http fetch GET 200 https://registry.npmjs.org/exec-async/-/exec-async-2.2.0.tgz 753ms (cache miss)
4111 http fetch GET 200 https://registry.npmjs.org/@react-native/normalize-colors/-/normalize-colors-0.79.6.tgz 756ms (cache miss)
4112 http fetch GET 200 https://registry.npmjs.org/js-tokens/-/js-tokens-4.0.0.tgz 755ms (cache miss)
4113 http fetch GET 200 https://registry.npmjs.org/env-string/-/env-string-1.0.1.tgz 756ms (cache miss)
4114 http fetch GET 200 https://registry.npmjs.org/dotenv-expand/-/dotenv-expand-11.0.7.tgz 759ms (cache miss)
4115 http fetch GET 200 https://registry.npmjs.org/@types/bunyan/-/bunyan-1.8.11.tgz 760ms (cache miss)
4116 http fetch GET 200 https://registry.npmjs.org/@babel/highlight/-/highlight-7.25.9.tgz 758ms (cache miss)
4117 http fetch GET 200 https://registry.npmjs.org/big-integer/-/big-integer-1.6.52.tgz 785ms (cache miss)
4118 http fetch GET 200 https://registry.npmjs.org/write-file-atomic/-/write-file-atomic-2.4.3.tgz 766ms (cache miss)
4119 http fetch GET 200 https://registry.npmjs.org/xml2js/-/xml2js-0.6.0.tgz 763ms (cache miss)
4120 http fetch GET 200 https://registry.npmjs.org/slugify/-/slugify-1.6.9.tgz 767ms (cache miss)
4121 http fetch GET 200 https://registry.npmjs.org/@expo/turtle-spawn/-/turtle-spawn-23.1.0.tgz 768ms (cache miss)
4122 http fetch GET 200 https://registry.npmjs.org/@expo/sdk-runtime-versions/-/sdk-runtime-versions-1.0.0.tgz 773ms (cache miss)
4123 http fetch GET 200 https://registry.npmjs.org/@babel/code-frame/-/code-frame-7.23.5.tgz 775ms (cache miss)
4124 http fetch GET 200 https://registry.npmjs.org/function-bind/-/function-bind-1.1.2.tgz 810ms (cache miss)
4125 http fetch GET 200 https://registry.npmjs.org/wrap-ansi/-/wrap-ansi-7.0.0.tgz 778ms (cache miss)
4126 http fetch GET 200 https://registry.npmjs.org/untildify/-/untildify-4.0.0.tgz 784ms (cache miss)
4127 http fetch GET 200 https://registry.npmjs.org/terminal-link/-/terminal-link-2.1.1.tgz 791ms (cache miss)
4128 http fetch GET 200 https://registry.npmjs.org/ts-deepmerge/-/ts-deepmerge-6.2.0.tgz 791ms (cache miss)
4129 http fetch GET 200 https://registry.npmjs.org/tar-stream/-/tar-stream-3.1.7.tgz 801ms (cache miss)
4130 http fetch GET 200 https://registry.npmjs.org/slash/-/slash-3.0.0.tgz 799ms (cache miss)
4131 http fetch GET 200 https://registry.npmjs.org/resolve-from/-/resolve-from-5.0.0.tgz 800ms (cache miss)
4132 http fetch GET 200 https://registry.npmjs.org/sandbox-cli-detector/-/sandbox-cli-detector-0.2.0.tgz 801ms (cache miss)
4133 http fetch GET 200 https://registry.npmjs.org/promise-limit/-/promise-limit-2.7.0.tgz 801ms (cache miss)
4134 http fetch GET 200 https://registry.npmjs.org/@expo/bunyan/-/bunyan-4.0.1.tgz 829ms (cache miss)
4135 http fetch GET 200 https://registry.npmjs.org/promise-retry/-/promise-retry-2.0.1.tgz 805ms (cache miss)
4136 http fetch GET 200 https://registry.npmjs.org/@0no-co/graphql.web/-/graphql.web-1.3.4.tgz 841ms (cache miss)
4137 http fetch GET 200 https://registry.npmjs.org/pkg-dir/-/pkg-dir-4.2.0.tgz 813ms (cache miss)
4138 http fetch GET 200 https://registry.npmjs.org/node-stream-zip/-/node-stream-zip-1.15.0.tgz 815ms (cache miss)
4139 http fetch GET 200 https://registry.npmjs.org/nullthrows/-/nullthrows-1.1.1.tgz 817ms (cache miss)
4140 http fetch GET 200 https://registry.npmjs.org/nanoid/-/nanoid-3.3.8.tgz 816ms (cache miss)
4141 http fetch GET 200 https://registry.npmjs.org/@sideway/address/-/address-4.1.5.tgz 872ms (cache miss)
4142 http fetch GET 200 https://registry.npmjs.org/ora/-/ora-5.1.0.tgz 823ms (cache miss)
4143 http fetch GET 200 https://registry.npmjs.org/jks-js/-/jks-js-1.1.0.tgz 826ms (cache miss)
4144 http fetch GET 200 https://registry.npmjs.org/keychain/-/keychain-1.5.0.tgz 829ms (cache miss)
4145 http fetch GET 200 https://registry.npmjs.org/invariant/-/invariant-2.2.4.tgz 829ms (cache miss)
4146 http fetch GET 200 https://registry.npmjs.org/log-symbols/-/log-symbols-4.1.0.tgz 831ms (cache miss)
4147 http fetch GET 200 https://registry.npmjs.org/es-object-atoms/-/es-object-atoms-1.1.2.tgz 879ms (cache miss)
4148 http fetch GET 200 https://registry.npmjs.org/indent-string/-/indent-string-4.0.0.tgz 835ms (cache miss)
4149 http fetch GET 200 https://registry.npmjs.org/component-type/-/component-type-1.2.2.tgz 868ms (cache miss)
4150 http fetch GET 200 https://registry.npmjs.org/getenv/-/getenv-1.0.0.tgz 836ms (cache miss)
4151 http fetch GET 200 https://registry.npmjs.org/gradle-to-js/-/gradle-to-js-2.0.1.tgz 837ms (cache miss)
4152 http fetch GET 200 https://registry.npmjs.org/fs-extra/-/fs-extra-11.2.0.tgz 836ms (cache miss)
4153 http fetch GET 200 https://registry.npmjs.org/ignore/-/ignore-5.3.0.tgz 838ms (cache miss)
4154 http fetch GET 200 https://registry.npmjs.org/figures/-/figures-3.2.0.tgz 842ms (cache miss)
4155 http fetch GET 200 https://registry.npmjs.org/resolve-workspace-root/-/resolve-workspace-root-2.0.1.tgz 857ms (cache miss)
4156 http fetch GET 200 https://registry.npmjs.org/@expo/config-types/-/config-types-55.0.6.tgz 856ms (cache miss)
4157 http fetch GET 200 https://registry.npmjs.org/baseline-browser-mapping/-/baseline-browser-mapping-2.11.20.tgz 889ms (cache miss)
4158 http fetch GET 200 https://registry.npmjs.org/https-proxy-agent/-/https-proxy-agent-5.0.1.tgz 851ms (cache miss)
4159 http fetch GET 200 https://registry.npmjs.org/chalk/-/chalk-4.1.2.tgz 859ms (cache miss)
4160 http fetch GET 200 https://registry.npmjs.org/dateformat/-/dateformat-4.6.3.tgz 859ms (cache miss)
4161 http fetch GET 200 https://registry.npmjs.org/minimatch/-/minimatch-5.1.2.tgz 866ms (cache miss)
4162 http fetch GET 200 https://registry.npmjs.org/fastq/-/fastq-1.20.3.tgz 913ms (cache miss)
4163 http fetch GET 200 https://registry.npmjs.org/bplist-parser/-/bplist-parser-0.3.2.tgz 864ms (cache miss)
4164 http fetch GET 200 https://registry.npmjs.org/env-paths/-/env-paths-2.2.0.tgz 872ms (cache miss)
4165 http fetch GET 200 https://registry.npmjs.org/@segment/loosely-validate-event/-/loosely-validate-event-2.0.0.tgz 905ms (cache miss)
4166 http fetch GET 200 https://registry.npmjs.org/open/-/open-8.4.0.tgz 889ms (cache miss)
4167 http fetch GET 200 https://registry.npmjs.org/@urql/exchange-retry/-/exchange-retry-1.2.0.tgz 879ms (cache miss)
4168 http fetch GET 200 https://registry.npmjs.org/agent-cli-detector/-/agent-cli-detector-0.1.7.tgz 885ms (cache miss)
4169 http fetch GET 200 https://registry.npmjs.org/@expo/timeago.js/-/timeago.js-1.0.0.tgz 884ms (cache miss)
4170 http fetch GET 200 https://registry.npmjs.org/cross-spawn/-/cross-spawn-7.0.6.tgz 925ms (cache miss)
4171 http fetch GET 200 https://registry.npmjs.org/browserslist/-/browserslist-4.28.8.tgz 926ms (cache miss)
4172 http fetch GET 200 https://registry.npmjs.org/@expo/rudder-sdk-node/-/rudder-sdk-node-1.1.1.tgz 895ms (cache miss)
4173 http fetch GET 200 https://registry.npmjs.org/@expo/results/-/results-1.0.0.tgz 900ms (cache miss)
4174 http fetch GET 200 https://registry.npmjs.org/@expo/plugin-help/-/plugin-help-5.1.23.tgz 902ms (cache miss)
4175 http fetch GET 200 https://registry.npmjs.org/@expo/spawn-async/-/spawn-async-1.7.2.tgz 905ms (cache miss)
4176 http fetch GET 200 https://registry.npmjs.org/@expo/plugin-warn-if-update-available/-/plugin-warn-if-update-available-2.5.1.tgz 909ms (cache miss)
4177 http fetch GET 200 https://registry.npmjs.org/@expo/logger/-/logger-23.1.0.tgz 907ms (cache miss)
4178 http fetch GET 200 https://registry.npmjs.org/@expo/multipart-body-parser/-/multipart-body-parser-2.0.0.tgz 914ms (cache miss)
4179 http fetch GET 200 https://registry.npmjs.org/@expo/json-file/-/json-file-8.3.3.tgz 915ms (cache miss)
4180 http fetch GET 200 https://registry.npmjs.org/@expo/pkcs12/-/pkcs12-0.1.3.tgz 922ms (cache miss)
4181 http fetch GET 200 https://registry.npmjs.org/bunyan/-/bunyan-1.8.15.tgz 951ms (cache miss)
4182 http fetch GET 200 https://registry.npmjs.org/@expo/osascript/-/osascript-2.1.4.tgz 925ms (cache miss)
4183 http fetch GET 200 https://registry.npmjs.org/electron-to-chromium/-/electron-to-chromium-1.5.418.tgz 978ms (cache miss)
4184 http fetch GET 200 https://registry.npmjs.org/ansi-regex/-/ansi-regex-6.3.0.tgz 925ms (cache miss)
4185 http fetch GET 200 https://registry.npmjs.org/ansi-styles/-/ansi-styles-6.2.3.tgz 926ms (cache miss)
4186 http fetch GET 200 https://registry.npmjs.org/is-docker/-/is-docker-3.0.0.tgz 931ms (cache miss)
4187 http fetch GET 200 https://registry.npmjs.org/jimp-compact/-/jimp-compact-0.16.1.tgz 973ms (cache miss)
4188 http fetch GET 200 https://registry.npmjs.org/string-width/-/string-width-5.1.2.tgz 952ms (cache miss)
4189 http fetch GET 200 https://registry.npmjs.org/wrap-ansi/-/wrap-ansi-8.1.0.tgz 952ms (cache miss)
4190 http fetch GET 200 https://registry.npmjs.org/supports-color/-/supports-color-7.2.0.tgz 958ms (cache miss)
4191 http fetch GET 200 https://registry.npmjs.org/@babel/helper-validator-identifier/-/helper-validator-identifier-7.29.7.tgz 998ms (cache miss)
4192 http fetch GET 200 https://registry.npmjs.org/ejs/-/ejs-3.1.10.tgz 1004ms (cache miss)
4193 http fetch GET 200 https://registry.npmjs.org/strip-ansi/-/strip-ansi-7.2.0.tgz 967ms (cache miss)
4194 http fetch GET 200 https://registry.npmjs.org/brace-expansion/-/brace-expansion-1.1.18.tgz 992ms (cache miss)
4195 http fetch GET 200 https://registry.npmjs.org/is-wsl/-/is-wsl-3.1.1.tgz 992ms (cache miss)
4196 http fetch GET 200 https://registry.npmjs.org/bplist-parser/-/bplist-parser-0.3.1.tgz 993ms (cache miss)
4197 http fetch GET 200 https://registry.npmjs.org/deepmerge/-/deepmerge-4.3.1.tgz 1028ms (cache miss)
4198 http fetch GET 200 https://registry.npmjs.org/arg/-/arg-4.1.3.tgz 1012ms (cache miss)
4199 http fetch GET 200 https://registry.npmjs.org/debug/-/debug-4.4.3.tgz 1038ms (cache miss)
4200 http fetch GET 200 https://registry.npmjs.org/envinfo/-/envinfo-7.11.0.tgz 1041ms (cache miss)
4201 http fetch GET 200 https://registry.npmjs.org/@babel/code-frame/-/code-frame-7.29.7.tgz 1027ms (cache miss)
4202 http fetch GET 200 https://registry.npmjs.org/has-flag/-/has-flag-3.0.0.tgz 1034ms (cache miss)
4203 http fetch GET 200 https://registry.npmjs.org/getenv/-/getenv-2.0.0.tgz 1034ms (cache miss)
4204 http fetch GET 200 https://registry.npmjs.org/fdir/-/fdir-6.5.0.tgz 1038ms (cache miss)
4205 http fetch GET 200 https://registry.npmjs.org/minimatch/-/minimatch-3.1.5.tgz 1039ms (cache miss)
4206 http fetch GET 200 https://registry.npmjs.org/escape-string-regexp/-/escape-string-regexp-1.0.5.tgz 1041ms (cache miss)
4207 http fetch GET 200 https://registry.npmjs.org/node-fetch/-/node-fetch-2.6.7.tgz 1072ms (cache miss)
4208 http fetch GET 200 https://registry.npmjs.org/mime/-/mime-3.0.0.tgz 1071ms (cache miss)
4209 http fetch GET 200 https://registry.npmjs.org/supports-color/-/supports-color-5.5.0.tgz 1046ms (cache miss)
4210 http fetch GET 200 https://registry.npmjs.org/ansi-styles/-/ansi-styles-3.2.1.tgz 1046ms (cache miss)
4211 http fetch GET 200 https://registry.npmjs.org/chalk/-/chalk-2.4.2.tgz 1045ms (cache miss)
4212 http fetch GET 200 https://registry.npmjs.org/color-name/-/color-name-1.1.3.tgz 1050ms (cache miss)
4213 http fetch GET 200 https://registry.npmjs.org/form-data/-/form-data-4.0.6.tgz 1076ms (cache miss)
4214 http fetch GET 200 https://registry.npmjs.org/@babel/code-frame/-/code-frame-7.29.7.tgz 1059ms (cache miss)
4215 http fetch GET 200 https://registry.npmjs.org/has-flag/-/has-flag-3.0.0.tgz 1066ms (cache miss)
4216 http fetch GET 200 https://registry.npmjs.org/color-name/-/color-name-1.1.3.tgz 1066ms (cache miss)
4217 http fetch GET 200 https://registry.npmjs.org/@babel/plugin-transform-modules-commonjs/-/plugin-transform-modules-commonjs-7.29.7.tgz 1116ms (cache miss)
4218 http fetch GET 200 https://registry.npmjs.org/yallist/-/yallist-4.0.0.tgz 1066ms (cache miss)
4219 http fetch GET 200 https://registry.npmjs.org/plist/-/plist-3.1.1.tgz 1175ms (cache miss)
4220 http fetch GET 200 https://registry.npmjs.org/escape-string-regexp/-/escape-string-regexp-1.0.5.tgz 1072ms (cache miss)
4221 http fetch GET 200 https://registry.npmjs.org/escape-string-regexp/-/escape-string-regexp-1.0.5.tgz 1069ms (cache miss)
4222 http fetch GET 200 https://registry.npmjs.org/supports-color/-/supports-color-7.2.0.tgz 1070ms (cache miss)
4223 http fetch GET 200 https://registry.npmjs.org/supports-color/-/supports-color-5.5.0.tgz 1076ms (cache miss)
4224 http fetch GET 200 https://registry.npmjs.org/brace-expansion/-/brace-expansion-5.0.9.tgz 1074ms (cache miss)
4225 http fetch GET 200 https://registry.npmjs.org/ansi-styles/-/ansi-styles-3.2.1.tgz 1076ms (cache miss)
4226 http fetch GET 200 https://registry.npmjs.org/color-convert/-/color-convert-1.9.3.tgz 1078ms (cache miss)
4227 http fetch GET 200 https://registry.npmjs.org/@babel/code-frame/-/code-frame-7.29.7.tgz 1084ms (cache miss)
4228 http fetch GET 200 https://registry.npmjs.org/lru-cache/-/lru-cache-6.0.0.tgz 1077ms (cache miss)
4229 http fetch GET 200 https://registry.npmjs.org/getenv/-/getenv-2.0.0.tgz 1081ms (cache miss)
4230 http fetch GET 200 https://registry.npmjs.org/glob/-/glob-6.0.4.tgz 1099ms (cache miss)
4231 http fetch GET 200 https://registry.npmjs.org/@expo/plist/-/plist-0.3.5.tgz 1109ms (cache miss)
4232 http fetch GET 200 https://registry.npmjs.org/better-opn/-/better-opn-3.0.2.tgz 1126ms (cache miss)
4233 http fetch GET 200 https://registry.npmjs.org/has-flag/-/has-flag-3.0.0.tgz 1092ms (cache miss)
4234 warn deprecated glob@6.0.4: Old versions of glob are not supported, and contain widely publicized security vulnerabilities, which have been fixed in the current version. Please update. Support for old versions may be purchased (at exorbitant rates) by contacting i@izs.me
4235 http fetch GET 200 https://registry.npmjs.org/color-name/-/color-name-1.1.3.tgz 1126ms (cache miss)
4236 http fetch GET 200 https://registry.npmjs.org/@babel/code-frame/-/code-frame-7.10.4.tgz 1128ms (cache miss)
4237 http fetch GET 200 https://registry.npmjs.org/supports-color/-/supports-color-5.5.0.tgz 1133ms (cache miss)
4238 http fetch GET 200 https://registry.npmjs.org/ansi-styles/-/ansi-styles-3.2.1.tgz 1132ms (cache miss)
4239 http fetch GET 200 https://registry.npmjs.org/chalk/-/chalk-2.4.2.tgz 1130ms (cache miss)
4240 http fetch GET 200 https://registry.npmjs.org/chalk/-/chalk-2.4.2.tgz 1132ms (cache miss)
4241 http fetch GET 200 https://registry.npmjs.org/onetime/-/onetime-2.0.1.tgz 1133ms (cache miss)
4242 http fetch GET 200 https://registry.npmjs.org/mimic-fn/-/mimic-fn-1.2.0.tgz 1133ms (cache miss)
4243 http fetch GET 200 https://registry.npmjs.org/ansi-regex/-/ansi-regex-4.1.1.tgz 1133ms (cache miss)
4244 http fetch GET 200 https://registry.npmjs.org/semver/-/semver-6.3.1.tgz 1154ms (cache miss)
4245 http fetch GET 200 https://registry.npmjs.org/semver/-/semver-6.3.1.tgz 1154ms (cache miss)
4246 http fetch GET 200 https://registry.npmjs.org/asynckit/-/asynckit-0.4.0.tgz 1222ms (cache miss)
4247 http fetch GET 200 https://registry.npmjs.org/http-call/-/http-call-5.3.0.tgz 1199ms (cache miss)
4248 http fetch GET 200 https://registry.npmjs.org/turndown/-/turndown-7.1.2.tgz 1188ms (cache miss)
4249 http fetch GET 200 https://registry.npmjs.org/escape-string-regexp/-/escape-string-regexp-1.0.5.tgz 1140ms (cache miss)
4250 http fetch GET 200 https://registry.npmjs.org/getenv/-/getenv-2.0.0.tgz 1138ms (cache miss)
4251 http fetch GET 200 https://registry.npmjs.org/getenv/-/getenv-2.0.0.tgz 1135ms (cache miss)
4252 http fetch GET 200 https://registry.npmjs.org/strip-ansi/-/strip-ansi-5.2.0.tgz 1140ms (cache miss)
4253 http fetch GET 200 https://registry.npmjs.org/getenv/-/getenv-2.0.0.tgz 1136ms (cache miss)
4254 http fetch GET 200 https://registry.npmjs.org/cli-cursor/-/cli-cursor-2.1.0.tgz 1140ms (cache miss)
4255 http fetch GET 200 https://registry.npmjs.org/log-symbols/-/log-symbols-2.2.0.tgz 1140ms (cache miss)
4256 http fetch GET 200 https://registry.npmjs.org/color-convert/-/color-convert-1.9.3.tgz 1160ms (cache miss)
4257 http fetch GET 200 https://registry.npmjs.org/restore-cursor/-/restore-cursor-2.0.0.tgz 1147ms (cache miss)
4258 http fetch GET 200 https://registry.npmjs.org/tslib/-/tslib-2.4.1.tgz 1145ms (cache miss)
4259 http fetch GET 200 https://registry.npmjs.org/@expo/json-file/-/json-file-10.2.0.tgz 1147ms (cache miss)
4260 http fetch GET 200 https://registry.npmjs.org/ora/-/ora-3.4.0.tgz 1146ms (cache miss)
4261 http fetch GET 200 https://registry.npmjs.org/fast-deep-equal/-/fast-deep-equal-3.1.3.tgz 1190ms (cache miss)
4262 http fetch GET 200 https://registry.npmjs.org/@babel/code-frame/-/code-frame-7.10.4.tgz 1151ms (cache miss)
4263 http fetch GET 200 https://registry.npmjs.org/@babel/code-frame/-/code-frame-7.10.4.tgz 1149ms (cache miss)
4264 http fetch GET 200 https://registry.npmjs.org/lru-cache/-/lru-cache-6.0.0.tgz 1150ms (cache miss)
4265 http fetch GET 200 https://registry.npmjs.org/yallist/-/yallist-4.0.0.tgz 1160ms (cache miss)
4266 http fetch GET 200 https://registry.npmjs.org/dotenv/-/dotenv-16.3.1.tgz 1208ms (cache miss)
4267 http fetch GET 200 https://registry.npmjs.org/chalk/-/chalk-2.4.2.tgz 1184ms (cache miss)
4268 http fetch GET 200 https://registry.npmjs.org/@expo/json-file/-/json-file-10.2.0.tgz 1162ms (cache miss)
4269 http fetch GET 200 https://registry.npmjs.org/@expo/plist/-/plist-0.5.4.tgz 1169ms (cache miss)
4270 http fetch GET 200 https://registry.npmjs.org/jackspeak/-/jackspeak-3.4.3.tgz 1307ms (cache miss)
4271 http fetch GET 200 https://registry.npmjs.org/@expo/config-types/-/config-types-53.0.5.tgz 1184ms (cache miss)
4272 http fetch GET 200 https://registry.npmjs.org/tslib/-/tslib-2.6.2.tgz 1236ms (cache miss)
4273 http fetch GET 200 https://registry.npmjs.org/minipass/-/minipass-7.1.3.tgz 1283ms (cache miss)
4274 http fetch GET 200 https://registry.npmjs.org/diff 1085ms (cache miss)
4275 silly packumentCache corgi:https://registry.npmjs.org/diff set size:undefined disposed:false
4276 http fetch GET 200 https://registry.npmjs.org/ts-deepmerge 1089ms (cache miss)
4277 silly packumentCache corgi:https://registry.npmjs.org/ts-deepmerge set size:undefined disposed:false
4278 http fetch GET 200 https://registry.npmjs.org/uuid 1090ms (cache miss)
4279 silly packumentCache corgi:https://registry.npmjs.org/uuid set size:undefined disposed:false
4280 http fetch GET 200 https://registry.npmjs.org/color-convert/-/color-convert-1.9.3.tgz 1202ms (cache miss)
4281 http fetch GET 200 https://registry.npmjs.org/stream-buffers/-/stream-buffers-2.2.0.tgz 1322ms (cache miss)
4282 http fetch GET 200 https://registry.npmjs.org/@xmldom/xmldom/-/xmldom-0.8.15.tgz 1263ms (cache miss)
4283 http fetch GET 200 https://registry.npmjs.org/@expo/env/-/env-1.0.7.tgz 1234ms (cache miss)
4284 http fetch GET 200 https://registry.npmjs.org/minimist/-/minimist-1.2.8.tgz 1306ms (cache miss)
4285 http fetch GET 200 https://registry.npmjs.org/xcode/-/xcode-3.0.1.tgz 1272ms (cache miss)
4286 http fetch GET 200 https://registry.npmjs.org/yaml 1115ms (cache miss)
4287 silly packumentCache corgi:https://registry.npmjs.org/yaml set size:undefined disposed:false
4288 http fetch GET 200 https://registry.npmjs.org/nanoid 1118ms (cache miss)
4289 silly packumentCache corgi:https://registry.npmjs.org/nanoid set size:undefined disposed:false
4290 http fetch GET 200 https://registry.npmjs.org/path-scurry/-/path-scurry-2.0.2.tgz 1327ms (cache miss)
4291 http fetch GET 200 https://registry.npmjs.org/minimatch 1127ms (cache miss)
4292 silly packumentCache corgi:https://registry.npmjs.org/minimatch set size:undefined disposed:false
4293 http fetch GET 200 https://registry.npmjs.org/tar 1130ms (cache miss)
4294 silly packumentCache corgi:https://registry.npmjs.org/tar set size:undefined disposed:false
4295 http fetch GET 200 https://registry.npmjs.org/picomatch/-/picomatch-4.0.7.tgz 1267ms (cache miss)
4296 http fetch GET 200 https://registry.npmjs.org/joi 1143ms (cache miss)
4297 silly packumentCache corgi:https://registry.npmjs.org/joi set size:undefined disposed:false
4298 http fetch GET 200 https://registry.npmjs.org/@babel/helper-compilation-targets/-/helper-compilation-targets-7.29.7.tgz 1332ms (cache miss)
4299 http fetch GET 200 https://registry.npmjs.org/redeyed/-/redeyed-2.1.1.tgz 1398ms (cache miss)
4300 http fetch GET 200 https://registry.npmjs.org/dotenv/-/dotenv-16.6.1.tgz 1293ms (cache miss)
4301 http fetch GET 200 https://registry.npmjs.org/@babel/helper-module-transforms/-/helper-module-transforms-7.29.7.tgz 1354ms (cache miss)
4302 http fetch GET 200 https://registry.npmjs.org/node-rsa/-/node-rsa-1.1.1.tgz 1396ms (cache miss)
4303 http fetch GET 200 https://registry.npmjs.org/@babel/template/-/template-7.29.7.tgz 1365ms (cache miss)
4304 http fetch GET 200 https://registry.npmjs.org/ajv-formats/-/ajv-formats-2.1.1.tgz 1336ms (cache miss)
4305 http fetch GET 200 https://registry.npmjs.org/emoji-regex/-/emoji-regex-9.2.2.tgz 1329ms (cache miss)
4306 http fetch GET 200 https://registry.npmjs.org/dotenv/-/dotenv-16.4.7.tgz 1300ms (cache miss)
4307 http fetch GET 200 https://registry.npmjs.org/argparse/-/argparse-1.0.10.tgz 1430ms (cache miss)
4308 http fetch GET 200 https://registry.npmjs.org/ajv 1200ms (cache miss)
4309 silly packumentCache corgi:https://registry.npmjs.org/ajv set size:undefined disposed:false
4310 http fetch GET 200 https://registry.npmjs.org/@expo/json-file/-/json-file-9.1.5.tgz 1335ms (cache miss)
4311 http fetch GET 200 https://registry.npmjs.org/ws/-/ws-8.21.1.tgz 1389ms (cache miss)
4312 http fetch GET 200 https://registry.npmjs.org/jsep/-/jsep-1.4.0.tgz 1414ms (cache miss)
4313 http fetch GET 200 https://registry.npmjs.org/@expo/json-file/-/json-file-10.0.16.tgz 1352ms (cache miss)
4314 http fetch GET 200 https://registry.npmjs.org/json5/-/json5-2.2.3.tgz 1420ms (cache miss)
4315 http fetch GET 200 https://registry.npmjs.org/@nodelib/fs.scandir/-/fs.scandir-2.1.5.tgz 1451ms (cache miss)
4316 silly packumentCache corgi:https://registry.npmjs.org/eas-cli cache-miss
4317 silly packumentCache corgi:https://registry.npmjs.org/@segment%2fajv-human-errors cache-miss
4318 silly packumentCache corgi:https://registry.npmjs.org/ajv-formats cache-miss
4319 http fetch GET 200 https://registry.npmjs.org/@expo/require-utils/-/require-utils-55.0.8.tgz 1425ms (cache miss)
4320 http fetch GET 200 https://registry.npmjs.org/@expo/code-signing-certificates/-/code-signing-certificates-0.0.5.tgz 1400ms (cache miss)
4321 http fetch GET 200 https://registry.npmjs.org/@hapi/hoek/-/hoek-9.3.0.tgz 1477ms (cache miss)
4322 http fetch GET 200 https://registry.npmjs.org/cli-progress/-/cli-progress-3.12.0.tgz 1417ms (cache miss)
4323 http fetch GET 200 https://registry.npmjs.org/balanced-match/-/balanced-match-4.0.4.tgz 1405ms (cache miss)
4324 http fetch GET 200 https://registry.npmjs.org/dtrace-provider/-/dtrace-provider-0.8.8.tgz 1474ms (cache miss)
4325 http fetch GET 200 https://registry.npmjs.org/balanced-match/-/balanced-match-4.0.4.tgz 1409ms (cache miss)
4326 http fetch GET 200 https://registry.npmjs.org/yallist/-/yallist-5.0.0.tgz 1411ms (cache miss)
4327 http fetch GET 200 https://registry.npmjs.org/brace-expansion/-/brace-expansion-5.0.9.tgz 1413ms (cache miss)
4328 http fetch GET 200 https://registry.npmjs.org/@xmldom/xmldom/-/xmldom-0.9.12.tgz 1426ms (cache miss)
4329 http fetch GET 200 https://registry.npmjs.org/graphql-tag/-/graphql-tag-2.12.6.tgz 1455ms (cache miss)
4330 http fetch GET 200 https://registry.npmjs.org/@jridgewell/trace-mapping/-/trace-mapping-0.3.9.tgz 1442ms (cache miss)
4331 http cache https://registry.npmjs.org/eas-cli 56ms (cache hit)
4332 silly packumentCache corgi:https://registry.npmjs.org/eas-cli set size:1503510 disposed:false
4333 http fetch GET 200 https://registry.npmjs.org/qrcode-terminal/-/qrcode-terminal-0.12.0.tgz 1491ms (cache miss)
4334 http fetch GET 200 https://registry.npmjs.org/events/-/events-3.3.0.tgz 1535ms (cache miss)
4335 http fetch GET 200 https://registry.npmjs.org/ejs/-/ejs-6.0.1.tgz 1472ms (cache miss)
4336 http fetch GET 200 https://registry.npmjs.org/path-scurry/-/path-scurry-1.11.1.tgz 1492ms (cache miss)
4337 http fetch GET 200 https://registry.npmjs.org/ajv-formats 123ms (cache miss)
4338 silly packumentCache corgi:https://registry.npmjs.org/ajv-formats set size:undefined disposed:false
4339 http fetch GET 200 https://registry.npmjs.org/cardinal/-/cardinal-2.1.1.tgz 1619ms (cache miss)
4340 http fetch GET 200 https://registry.npmjs.org/@babel/parser/-/parser-7.29.8.tgz 1572ms (cache miss)
4341 http fetch GET 200 https://registry.npmjs.org/set-interval-async/-/set-interval-async-3.0.3.tgz 1556ms (cache miss)
4342 http fetch GET 200 https://registry.npmjs.org/minizlib/-/minizlib-3.1.0.tgz 1552ms (cache miss)
4343 http fetch GET 200 https://registry.npmjs.org/path-scurry/-/path-scurry-1.11.1.tgz 1520ms (cache miss)
4344 http fetch GET 200 https://registry.npmjs.org/@jridgewell/sourcemap-codec/-/sourcemap-codec-1.6.0.tgz 1597ms (cache miss)
4345 http fetch GET 200 https://registry.npmjs.org/wonka/-/wonka-6.3.6.tgz 1603ms (cache miss)
4346 http fetch GET 200 https://registry.npmjs.org/undici-types/-/undici-types-8.3.0.tgz 1606ms (cache miss)
4347 http fetch GET 200 https://registry.npmjs.org/@jridgewell/remapping/-/remapping-2.3.5.tgz 1600ms (cache miss)
4348 http fetch GET 200 https://registry.npmjs.org/@jridgewell/gen-mapping/-/gen-mapping-0.3.13.tgz 1605ms (cache miss)
4349 http fetch GET 200 https://registry.npmjs.org/@expo/apple-utils/-/apple-utils-2.1.22.tgz 1575ms (cache miss)
4350 http fetch GET 200 https://registry.npmjs.org/@expo/image-utils/-/image-utils-0.7.6.tgz 1621ms (cache miss)
4351 http fetch GET 200 https://registry.npmjs.org/@segment%2fajv-human-errors 193ms (cache miss)
4352 silly packumentCache corgi:https://registry.npmjs.org/@segment%2fajv-human-errors set size:undefined disposed:false
4353 http fetch GET 200 https://registry.npmjs.org/@oclif/plugin-autocomplete/-/plugin-autocomplete-3.3.0.tgz 1605ms (cache miss)
4354 http fetch GET 200 https://registry.npmjs.org/pngjs/-/pngjs-7.0.0.tgz 1625ms (cache miss)
4355 http fetch GET 200 https://registry.npmjs.org/lru-cache/-/lru-cache-10.4.3.tgz 1617ms (cache miss)
4356 http fetch GET 200 https://registry.npmjs.org/lru-cache/-/lru-cache-10.4.3.tgz 1616ms (cache miss)
4357 http fetch GET 200 https://registry.npmjs.org/@expo/eas-json/-/eas-json-23.1.0.tgz 1645ms (cache miss)
4358 http fetch GET 200 https://registry.npmjs.org/lru-cache/-/lru-cache-10.4.3.tgz 1632ms (cache miss)
4359 silly packumentCache corgi:https://registry.npmjs.org/@expo%2feas-json cache-miss
4360 http fetch GET 200 https://registry.npmjs.org/diff/-/diff-4.0.4.tgz 1669ms (cache miss)
4361 http fetch GET 200 https://registry.npmjs.org/pngjs/-/pngjs-3.4.0.tgz 1669ms (cache miss)
4362 http fetch GET 200 https://registry.npmjs.org/natural-orderby/-/natural-orderby-2.0.3.tgz 1773ms (cache miss)
4363 http fetch GET 200 https://registry.npmjs.org/nan/-/nan-2.28.0.tgz 1742ms (cache miss)
4364 http fetch GET 200 https://registry.npmjs.org/js-yaml/-/js-yaml-3.15.2.tgz 1793ms (cache miss)
4365 http fetch GET 200 https://registry.npmjs.org/type-fest/-/type-fest-0.21.3.tgz 1751ms (cache miss)
4366 http fetch GET 200 https://registry.npmjs.org/signal-exit/-/signal-exit-4.1.0.tgz 1702ms (cache miss)
4367 http fetch GET 200 https://registry.npmjs.org/@expo/eas-build-job/-/eas-build-job-23.1.0.tgz 1711ms (cache miss)
4368 http fetch GET 200 https://registry.npmjs.org/@urql/core/-/core-4.0.11.tgz 1734ms (cache miss)
4369 http fetch GET 200 https://registry.npmjs.org/jake/-/jake-10.9.4.tgz 1787ms (cache miss)
4370 http fetch GET 200 https://registry.npmjs.org/diff/-/diff-7.0.0.tgz 1745ms (cache miss)
4371 http fetch GET 200 https://registry.npmjs.org/fs-extra/-/fs-extra-10.1.0.tgz 1721ms (cache miss)
4372 http fetch GET 200 https://registry.npmjs.org/joi/-/joi-17.11.0.tgz 1771ms (cache miss)
4373 http fetch GET 200 https://registry.npmjs.org/@expo%2feas-json 116ms (cache miss)
4374 silly packumentCache corgi:https://registry.npmjs.org/@expo%2feas-json set size:undefined disposed:false
4375 http fetch GET 200 https://registry.npmjs.org/semver/-/semver-7.5.4.tgz 1811ms (cache miss)
4376 http fetch GET 200 https://registry.npmjs.org/@jridgewell/trace-mapping/-/trace-mapping-0.3.31.tgz 1833ms (cache miss)
4377 http fetch GET 200 https://registry.npmjs.org/xmlbuilder/-/xmlbuilder-15.1.1.tgz 1833ms (cache miss)
4378 silly packumentCache corgi:https://registry.npmjs.org/filelist cache-miss
4379 http fetch GET 200 https://registry.npmjs.org/xmlbuilder/-/xmlbuilder-11.0.1.tgz 1799ms (cache miss)
4380 http fetch GET 200 https://registry.npmjs.org/@expo/package-manager/-/package-manager-1.9.10.tgz 1817ms (cache miss)
4381 http fetch GET 200 https://registry.npmjs.org/domino/-/domino-2.1.8.tgz 1929ms (cache miss)
4382 http fetch GET 200 https://registry.npmjs.org/@segment/ajv-human-errors/-/ajv-human-errors-2.16.0.tgz 1851ms (cache miss)
4383 http fetch GET 200 https://registry.npmjs.org/semver/-/semver-7.8.5.tgz 1850ms (cache miss)
4384 http fetch GET 200 https://registry.npmjs.org/semver/-/semver-7.5.2.tgz 1835ms (cache miss)
4385 http fetch GET 200 https://registry.npmjs.org/semver/-/semver-7.8.5.tgz 1852ms (cache miss)
4386 http fetch GET 200 https://registry.npmjs.org/@babel/generator/-/generator-7.29.8.tgz 1908ms (cache miss)
4387 http fetch GET 200 https://registry.npmjs.org/semver/-/semver-7.8.5.tgz 1848ms (cache miss)
4388 http fetch GET 200 https://registry.npmjs.org/filelist 76ms (cache miss)
4389 silly packumentCache corgi:https://registry.npmjs.org/filelist set size:undefined disposed:false
4390 http fetch GET 200 https://registry.npmjs.org/semver/-/semver-7.8.5.tgz 1848ms (cache miss)
4391 http fetch GET 200 https://registry.npmjs.org/semver/-/semver-7.8.5.tgz 1850ms (cache miss)
4392 http fetch GET 200 https://registry.npmjs.org/uuid/-/uuid-7.0.3.tgz 1898ms (cache miss)
4393 warn deprecated uuid@7.0.3: uuid@10 and below is no longer supported.  For ESM codebases, update to uuid@latest.  For CommonJS codebases, use uuid@11 (but be aware this version will likely be deprecated in 2028).
4394 http fetch GET 200 https://registry.npmjs.org/uri-js/-/uri-js-4.4.1.tgz 1991ms (cache miss)
4395 http fetch GET 200 https://registry.npmjs.org/@expo/config/-/config-55.0.10.tgz 1947ms (cache miss)
4396 http fetch GET 200 https://registry.npmjs.org/@expo/config/-/config-11.0.13.tgz 1949ms (cache miss)
4397 http fetch GET 200 https://registry.npmjs.org/joi/-/joi-17.13.6.tgz 1959ms (cache miss)
4398 silly packumentCache corgi:https://registry.npmjs.org/@expo%2frudder-sdk-node cache-miss
4399 silly packumentCache corgi:https://registry.npmjs.org/@expo%2fbunyan cache-miss
4400 silly packumentCache corgi:https://registry.npmjs.org/xcode cache-miss
4401 http fetch GET 200 https://registry.npmjs.org/joi/-/joi-17.13.6.tgz 1952ms (cache miss)
4402 http fetch GET 200 https://registry.npmjs.org/centrifuge/-/centrifuge-5.7.1.tgz 2004ms (cache miss)
4403 http fetch GET 200 https://registry.npmjs.org/fast-glob/-/fast-glob-3.3.2.tgz 2028ms (cache miss)
4404 http fetch GET 200 https://registry.npmjs.org/node-forge/-/node-forge-1.4.0.tgz 2052ms (cache miss)
4405 http fetch GET 200 https://registry.npmjs.org/minimatch/-/minimatch-9.0.9.tgz 2032ms (cache miss)
4406 http fetch GET 200 https://registry.npmjs.org/@expo%2fbunyan 61ms (cache miss)
4407 silly packumentCache corgi:https://registry.npmjs.org/@expo%2fbunyan set size:undefined disposed:false
4408 http fetch GET 200 https://registry.npmjs.org/@expo%2frudder-sdk-node 63ms (cache miss)
4409 silly packumentCache corgi:https://registry.npmjs.org/@expo%2frudder-sdk-node set size:undefined disposed:false
4410 http fetch GET 200 https://registry.npmjs.org/minimatch/-/minimatch-10.2.6.tgz 2038ms (cache miss)
4411 http fetch GET 200 https://registry.npmjs.org/minimatch/-/minimatch-9.0.9.tgz 2031ms (cache miss)
4412 http fetch GET 200 https://registry.npmjs.org/minimatch/-/minimatch-10.2.6.tgz 2038ms (cache miss)
4413 http fetch GET 200 https://registry.npmjs.org/uuid/-/uuid-8.3.2.tgz 2063ms (cache miss)
4414 warn deprecated uuid@8.3.2: uuid@10 and below is no longer supported.  For ESM codebases, update to uuid@latest.  For CommonJS codebases, use uuid@11 (but be aware this version will likely be deprecated in 2028).
4415 http fetch GET 200 https://registry.npmjs.org/uuid/-/uuid-8.3.2.tgz 2062ms (cache miss)
4416 warn deprecated uuid@8.3.2: uuid@10 and below is no longer supported.  For ESM codebases, update to uuid@latest.  For CommonJS codebases, use uuid@11 (but be aware this version will likely be deprecated in 2028).
4417 http fetch GET 200 https://registry.npmjs.org/prompts/-/prompts-2.4.2.tgz 2112ms (cache miss)
4418 http fetch GET 200 https://registry.npmjs.org/@babel/traverse/-/traverse-7.29.8.tgz 2146ms (cache miss)
4419 http fetch GET 200 https://registry.npmjs.org/multipasta/-/multipasta-0.2.8.tgz 2150ms (cache miss)
4420 http fetch GET 200 https://registry.npmjs.org/glob/-/glob-10.5.0.tgz 2122ms (cache miss)
4421 warn deprecated glob@10.5.0: Old versions of glob are not supported, and contain widely publicized security vulnerabilities, which have been fixed in the current version. Please update. Support for old versions may be purchased (at exorbitant rates) by contacting i@izs.me
4422 http fetch GET 200 https://registry.npmjs.org/glob/-/glob-10.5.0.tgz 2117ms (cache miss)
4423 warn deprecated glob@10.5.0: Old versions of glob are not supported, and contain widely publicized security vulnerabilities, which have been fixed in the current version. Please update. Support for old versions may be purchased (at exorbitant rates) by contacting i@izs.me
4424 http fetch GET 200 https://registry.npmjs.org/@types/node/-/node-26.4.0.tgz 2192ms (cache miss)
4425 http fetch GET 200 https://registry.npmjs.org/@expo/steps/-/steps-23.1.0.tgz 2161ms (cache miss)
4426 http fetch GET 200 https://registry.npmjs.org/glob/-/glob-13.0.6.tgz 2191ms (cache miss)
4427 http fetch GET 200 https://registry.npmjs.org/xcode 188ms (cache miss)
4428 silly packumentCache corgi:https://registry.npmjs.org/xcode set size:undefined disposed:false
4429 http fetch GET 200 https://registry.npmjs.org/async/-/async-3.2.6.tgz 2279ms (cache miss)
4430 silly packumentCache corgi:https://registry.npmjs.org/@expo%2fsteps cache-miss
4431 http fetch GET 200 https://registry.npmjs.org/ts-node/-/ts-node-10.9.2.tgz 2347ms (cache miss)
4432 http fetch GET 200 https://registry.npmjs.org/protobufjs/-/protobufjs-7.6.6.tgz 2313ms (cache miss)
4433 http fetch GET 200 https://registry.npmjs.org/@expo%2fsteps 56ms (cache miss)
4434 silly packumentCache corgi:https://registry.npmjs.org/@expo%2fsteps set size:undefined disposed:false
4435 silly packumentCache corgi:https://registry.npmjs.org/@expo%2fconfig-plugins cache-miss
4436 http fetch GET 200 https://registry.npmjs.org/@sentry/types/-/types-7.77.0.tgz 2455ms (cache miss)
4437 http fetch GET 200 https://registry.npmjs.org/@expo%2fconfig-plugins 82ms (cache miss)
4438 silly packumentCache corgi:https://registry.npmjs.org/@expo%2fconfig-plugins set size:undefined disposed:false
4439 silly packumentCache corgi:https://registry.npmjs.org/@expo%2fconfig cache-miss
4440 silly packumentCache corgi:https://registry.npmjs.org/@expo%2fprebuild-config cache-miss
4441 http fetch GET 200 https://registry.npmjs.org/lru-cache/-/lru-cache-11.5.2.tgz 2528ms (cache miss)
4442 http fetch GET 200 https://registry.npmjs.org/@babel/core/-/core-7.29.7.tgz 2598ms (cache miss)
4443 http fetch GET 200 https://registry.npmjs.org/@expo%2fprebuild-config 89ms (cache miss)
4444 silly packumentCache corgi:https://registry.npmjs.org/@expo%2fprebuild-config set size:undefined disposed:false
4445 http fetch GET 200 https://registry.npmjs.org/@expo%2fconfig 126ms (cache miss)
4446 silly packumentCache corgi:https://registry.npmjs.org/@expo%2fconfig set size:undefined disposed:false
4447 http fetch GET 200 https://registry.npmjs.org/@oclif/core/-/core-2.16.0.tgz 2692ms (cache miss)
4448 http fetch GET 200 https://registry.npmjs.org/@oclif/core/-/core-2.16.0.tgz 2693ms (cache miss)
4449 http fetch GET 200 https://registry.npmjs.org/@oclif/core/-/core-4.14.0.tgz 2784ms (cache miss)
4450 http fetch GET 200 https://registry.npmjs.org/uuid/-/uuid-11.1.1.tgz 2907ms (cache miss)
4451 http fetch GET 200 https://registry.npmjs.org/@babel/types/-/types-7.29.8.tgz 2969ms (cache miss)
4452 http fetch GET 200 https://registry.npmjs.org/sucrase/-/sucrase-3.35.0.tgz 3071ms (cache miss)
4453 http fetch GET 200 https://registry.npmjs.org/@expo/prebuild-config/-/prebuild-config-9.0.12.tgz 2985ms (cache miss)
4454 http fetch GET 200 https://registry.npmjs.org/@sentry/node/-/node-7.77.0.tgz 3048ms (cache miss)
4455 http fetch GET 200 https://registry.npmjs.org/@babel/helpers/-/helpers-7.29.7.tgz 3109ms (cache miss)
4456 http fetch GET 200 https://registry.npmjs.org/@sentry/core/-/core-7.77.0.tgz 3122ms (cache miss)
4457 http fetch GET 200 https://registry.npmjs.org/yaml/-/yaml-2.6.0.tgz 3109ms (cache miss)
4458 http fetch GET 200 https://registry.npmjs.org/tar/-/tar-7.5.19.tgz 3121ms (cache miss)
4459 http fetch GET 200 https://registry.npmjs.org/@sentry/utils/-/utils-7.77.0.tgz 3160ms (cache miss)
4460 http fetch GET 200 https://registry.npmjs.org/@expo/config-plugins/-/config-plugins-10.1.2.tgz 3095ms (cache miss)
4461 http fetch GET 200 https://registry.npmjs.org/@expo/config-plugins/-/config-plugins-55.0.7.tgz 3122ms (cache miss)
4462 http fetch GET 200 https://registry.npmjs.org/typescript/-/typescript-5.9.3.tgz 3240ms (cache miss)
4463 http fetch GET 200 https://registry.npmjs.org/@sentry-internal/tracing/-/tracing-7.77.0.tgz 3227ms (cache miss)
4464 http fetch GET 200 https://registry.npmjs.org/graphql/-/graphql-16.8.1.tgz 3226ms (cache miss)
4465 http fetch GET 200 https://registry.npmjs.org/ajv/-/ajv-8.11.0.tgz 3432ms (cache miss)
4466 http fetch GET 200 https://registry.npmjs.org/moment/-/moment-2.30.1.tgz 3506ms (cache miss)
4467 http fetch GET 200 https://registry.npmjs.org/caniuse-lite/-/caniuse-lite-1.0.30001810.tgz 3703ms (cache miss)
4468 http fetch GET 200 https://registry.npmjs.org/zod/-/zod-4.5.4.tgz 3807ms (cache miss)
4469 http fetch GET 200 https://registry.npmjs.org/eas-cli/-/eas-cli-23.2.0.tgz 4433ms (cache miss)
4470 info run dtrace-provider@0.8.8 install node_modules/dtrace-provider node-gyp rebuild || node suppress-error.js
4471 info run dtrace-provider@0.8.8 install { code: 0, signal: null }
4472 info run protobufjs@7.6.6 postinstall node_modules/protobufjs node scripts/postinstall
4473 info run protobufjs@7.6.6 postinstall { code: 0, signal: null }
